Date,product,real_sale,expert_sarimax,expert_holt,sarimax_order,holt_seasonal
2021-01-02,BAGUETTE,46.0,0.0,35.56572810354429,"(1, 1, 1)(1, 0, 1, 7)",add
2021-01-03,BAGUETTE,35.0,45.99502515410965,46.50621255314956,"(1, 1, 1)(1, 0, 1, 7)",add
2021-01-04,BAGUETTE,30.0,38.96868541091896,27.718052248385188,"(1, 1, 1)(1, 0, 1, 7)",add
2021-01-05,BAGUETTE,29.0,35.128787933922105,28.2198300675326,"(1, 1, 1)(1, 0, 1, 7)",add
2021-01-06,BAGUETTE,0.0,33.513880708672794,4.393184249093991,"(1, 1, 1)(1, 0, 1, 7)",add
2021-01-07,BAGUETTE,28.0,19.711189477973452,25.04649603115082,"(1, 1, 1)(1, 0, 1, 7)",add
2021-01-08,BAGUETTE,17.0,30.027329340502867,27.42137893624679,"(1, 1, 1)(1, 0, 1, 7)",add
2021-01-09,BAGUETTE,25.0,32.6298159035686,34.42676216722918,"(1, 1, 1)(1, 0, 1, 7)",add
2021-01-10,BAGUETTE,36.0,24.992442815314693,38.69993083539704,"(1, 1, 1)(1, 0, 1, 7)",add
2021-01-11,BAGUETTE,31.0,28.22446644578399,23.285439718966284,"(1, 1, 1)(1, 0, 1, 7)",add
2021-01-12,BAGUETTE,29.0,27.476586020833622,24.839495352157105,"(1, 1, 1)(1, 0, 1, 7)",add
2021-01-13,BAGUETTE,0.0,11.552388270525569,1.231784958813357,"(1, 1, 1)(1, 0, 1, 7)",add
2021-01-14,BAGUETTE,24.0,22.11255055417513,23.342652622754713,"(1, 1, 1)(1, 0, 1, 7)",add
2021-01-15,BAGUETTE,19.0,19.704966548868217,23.832376243399807,"(1, 1, 1)(1, 0, 1, 7)",add
2021-01-16,BAGUETTE,28.0,28.276794631713717,32.18144161107497,"(1, 1, 1)(1, 0, 1, 7)",add
2021-01-17,BAGUETTE,37.0,28.510945250838574,38.3113127868231,"(1, 1, 1)(1, 0, 1, 7)",add
2021-01-18,BAGUETTE,27.0,28.621950785228538,24.2760267966079,"(1, 1, 1)(1, 0, 1, 7)",add
2021-01-19,BAGUETTE,20.0,25.63118070688559,24.35617033282871,"(1, 1, 1)(1, 0, 1, 7)",add
2021-01-20,BAGUETTE,0.0,3.010769732034195,-1.6976595447008158,"(1, 1, 1)(1, 0, 1, 7)",add
2021-01-21,BAGUETTE,22.0,21.004346045518442,21.258123138370532,"(1, 1, 1)(1, 0, 1, 7)",add
2021-01-22,BAGUETTE,28.0,17.27699512436262,21.202195552517704,"(1, 1, 1)(1, 0, 1, 7)",add
2021-01-23,BAGUETTE,28.0,30.33422333498273,32.201464255335296,"(1, 1, 1)(1, 0, 1, 7)",add
2021-01-24,BAGUETTE,35.0,30.42241558355985,38.6219807609816,"(1, 1, 1)(1, 0, 1, 7)",add
2021-01-25,BAGUETTE,24.0,26.998109734057063,24.488341382437895,"(1, 1, 1)(1, 0, 1, 7)",add
2021-01-26,BAGUETTE,34.0,22.36834138846161,23.127024643290074,"(1, 1, 1)(1, 0, 1, 7)",add
2021-01-27,BAGUETTE,0.0,7.496800178355905,1.078294020093299,"(1, 1, 1)(1, 0, 1, 7)",add
2021-01-28,BAGUETTE,18.0,21.816374733782634,23.319217334647742,"(1, 1, 1)(1, 0, 1, 7)",add
2021-01-29,BAGUETTE,27.0,19.311543187813356,22.5396501734265,"(1, 1, 1)(1, 0, 1, 7)",add
2021-01-30,BAGUETTE,34.0,29.435240601301977,31.888835671257016,"(1, 1, 1)(1, 0, 1, 7)",add
2021-01-31,BAGUETTE,30.0,33.992854732444854,39.77108296503918,"(1, 1, 1)(1, 0, 1, 7)",add
2021-02-01,BAGUETTE,15.0,24.899770348171312,24.59380030833833,"(1, 1, 1)(1, 0, 1, 7)",add
2021-02-02,BAGUETTE,24.0,21.632692849606215,22.378108887631242,"(1, 1, 1)(1, 0, 1, 7)",add
2021-02-03,BAGUETTE,0.0,1.376839675268311,-2.9542295417143265,"(1, 1, 1)(1, 0, 1, 7)",add
2021-02-04,BAGUETTE,26.0,19.380598198175612,19.746360376177,"(1, 1, 1)(1, 0, 1, 7)",add
2021-02-05,BAGUETTE,30.0,23.066881670407874,22.542825623697315,"(1, 1, 1)(1, 0, 1, 7)",add
2021-02-06,BAGUETTE,20.0,31.074885001194072,32.31612920275738,"(1, 1, 1)(1, 0, 1, 7)",add
2021-02-07,BAGUETTE,30.0,27.221458268041314,35.772133762975805,"(1, 1, 1)(1, 0, 1, 7)",add
2021-02-08,BAGUETTE,22.0,21.515727099162113,21.50131873925695,"(1, 1, 1)(1, 0, 1, 7)",add
2021-02-09,BAGUETTE,30.0,23.796841252131284,22.680496412946688,"(1, 1, 1)(1, 0, 1, 7)",add
2021-02-10,BAGUETTE,0.0,3.4534856788864055,-1.2493127427999333,"(1, 1, 1)(1, 0, 1, 7)",add
2021-02-11,BAGUETTE,17.0,20.854894611740992,21.41181308994925,"(1, 1, 1)(1, 0, 1, 7)",add
2021-02-12,BAGUETTE,18.0,21.11433107022377,21.96302640866879,"(1, 1, 1)(1, 0, 1, 7)",add
2021-02-13,BAGUETTE,27.0,23.346403690976814,27.16669780999653,"(1, 1, 1)(1, 0, 1, 7)",add
2021-02-14,BAGUETTE,50.0,28.983178701588006,33.994136788297276,"(1, 1, 1)(1, 0, 1, 7)",add
2021-02-15,BAGUETTE,25.0,28.920479877898327,25.20535089849797,"(1, 1, 1)(1, 0, 1, 7)",add
2021-02-16,BAGUETTE,22.0,27.213681741778807,26.929433935821567,"(1, 1, 1)(1, 0, 1, 7)",add
2021-02-17,BAGUETTE,0.0,1.1171706289262318,-0.345197491724889,"(1, 1, 1)(1, 0, 1, 7)",add
2021-02-18,BAGUETTE,33.0,20.334652881043684,21.533058180814535,"(1, 1, 1)(1, 0, 1, 7)",add
2021-02-19,BAGUETTE,28.0,27.09388252494233,25.65737756738508,"(1, 1, 1)(1, 0, 1, 7)",add
2021-02-20,BAGUETTE,28.0,29.544483065176628,32.651969842091894,"(1, 1, 1)(1, 0, 1, 7)",add
2021-02-21,BAGUETTE,54.0,35.36662582253736,40.14593157178772,"(1, 1, 1)(1, 0, 1, 7)",add
2021-02-22,BAGUETTE,49.0,31.768249541220825,29.212433993926464,"(1, 1, 1)(1, 0, 1, 7)",add
2021-02-23,BAGUETTE,31.0,37.68977033306493,34.891604892432014,"(1, 1, 1)(1, 0, 1, 7)",add
2021-02-24,BAGUETTE,0.0,8.516409260102485,8.389806441181001,"(1, 1, 1)(1, 0, 1, 7)",add
2021-02-25,BAGUETTE,36.0,26.52591591085281,29.471340637298,"(1, 1, 1)(1, 0, 1, 7)",add
2021-02-26,BAGUETTE,31.0,31.840789749576047,31.560658238706072,"(1, 1, 1)(1, 0, 1, 7)",add
2021-02-27,BAGUETTE,53.0,33.625919023990534,37.191228329606545,"(1, 1, 1)(1, 0, 1, 7)",add
2021-02-28,BAGUETTE,75.0,51.49365556326639,51.13259881139183,"(1, 1, 1)(1, 0, 1, 7)",add
2021-03-01,BAGUETTE,36.0,47.879250107013505,43.033300362528365,"(1, 1, 1)(1, 0, 1, 7)",add
2021-03-02,BAGUETTE,31.0,37.0592489830345,40.32048519506124,"(1, 1, 1)(1, 0, 1, 7)",add
2021-03-03,BAGUETTE,0.0,11.284311396931894,12.15034914220746,"(1, 1, 1)(1, 0, 1, 7)",add
2021-03-04,BAGUETTE,37.0,31.518525911221914,33.9304418367252,"(1, 1, 1)(1, 0, 1, 7)",add
2021-03-05,BAGUETTE,44.0,35.020779657286205,34.522540076471465,"(1, 1, 1)(1, 0, 1, 7)",add
2021-03-06,BAGUETTE,48.0,44.79125964034232,44.06578654777296,"(1, 1, 1)(1, 0, 1, 7)",add
2021-03-07,BAGUETTE,49.0,56.7906903785348,56.19814809556364,"(1, 1, 1)(1, 0, 1, 7)",add
2021-03-08,BAGUETTE,21.0,38.06049226244975,38.02155854243526,"(1, 1, 1)(1, 0, 1, 7)",add
2021-03-09,BAGUETTE,36.0,30.18336740660665,32.85500996724876,"(1, 1, 1)(1, 0, 1, 7)",add
2021-03-10,BAGUETTE,0.0,10.541091644377737,7.16273272363636,"(1, 1, 1)(1, 0, 1, 7)",add
2021-03-11,BAGUETTE,23.0,31.76028147342451,31.6155039766534,"(1, 1, 1)(1, 0, 1, 7)",add
2021-03-12,BAGUETTE,35.0,30.581198811187214,30.270964028973626,"(1, 1, 1)(1, 0, 1, 7)",add
2021-03-13,BAGUETTE,35.0,40.11558605819635,38.18956833862117,"(1, 1, 1)(1, 0, 1, 7)",add
2021-03-14,BAGUETTE,48.0,47.96464856578655,47.595031278177295,"(1, 1, 1)(1, 0, 1, 7)",add
2021-03-15,BAGUETTE,29.0,31.92176261252876,30.097238614312438,"(1, 1, 1)(1, 0, 1, 7)",add
2021-03-16,BAGUETTE,26.0,31.812453369004096,30.54120160094342,"(1, 1, 1)(1, 0, 1, 7)",add
2021-03-17,BAGUETTE,0.0,3.62974682304354,2.0818895235444472,"(1, 1, 1)(1, 0, 1, 7)",add
2021-03-18,BAGUETTE,17.0,27.911444891163207,27.51384275945177,"(1, 1, 1)(1, 0, 1, 7)",add
2021-03-19,BAGUETTE,28.0,27.068140622342657,27.119667683193057,"(1, 1, 1)(1, 0, 1, 7)",add
2021-03-20,BAGUETTE,41.0,34.228152454310184,33.36925151035854,"(1, 1, 1)(1, 0, 1, 7)",add
2021-03-21,BAGUETTE,38.0,47.67648949789027,45.547679028884005,"(1, 1, 1)(1, 0, 1, 7)",add
2021-03-22,BAGUETTE,24.0,25.9864612929741,26.129007115121997,"(1, 1, 1)(1, 0, 1, 7)",add
2021-03-23,BAGUETTE,23.0,26.660773215239836,25.989703735550748,"(1, 1, 1)(1, 0, 1, 7)",add
2021-03-24,BAGUETTE,0.0,-0.028807025503223116,-1.8721375406475786,"(1, 1, 1)(1, 0, 1, 7)",add
2021-03-25,BAGUETTE,25.0,23.65890167603116,23.57114540670866,"(1, 1, 1)(1, 0, 1, 7)",add
2021-03-26,BAGUETTE,34.0,28.363627781235685,27.001157260649663,"(1, 1, 1)(1, 0, 1, 7)",add
2021-03-27,BAGUETTE,39.0,36.561202666961485,35.30382003036702,"(1, 1, 1)(1, 0, 1, 7)",add
2021-03-28,BAGUETTE,49.0,44.53653590854523,45.04773507937914,"(1, 1, 1)(1, 0, 1, 7)",add
2021-03-29,BAGUETTE,45.0,29.52461804748588,28.740534149033603,"(1, 1, 1)(1, 0, 1, 7)",add
2021-03-30,BAGUETTE,30.0,34.69128771249691,32.59715673074655,"(1, 1, 1)(1, 0, 1, 7)",add
2021-03-31,BAGUETTE,0.0,5.178259457142342,5.322378320442855,"(1, 1, 1)(1, 0, 1, 7)",add
2021-04-01,BAGUETTE,29.0,26.083750582569472,29.12205054833398,"(1, 1, 1)(1, 0, 1, 7)",add
2021-04-02,BAGUETTE,35.0,32.83930965062099,32.78025696974526,"(1, 1, 1)(1, 0, 1, 7)",add
2021-04-03,BAGUETTE,36.0,39.294857354566886,39.68182987843437,"(1, 1, 1)(1, 0, 1, 7)",add
2021-04-04,BAGUETTE,91.0,45.76457961055048,47.81328242896576,"(1, 1, 1)(1, 0, 1, 7)",add
2021-04-05,BAGUETTE,44.0,50.13588551345023,41.486142963742466,"(1, 1, 1)(1, 0, 1, 7)",add
2021-04-06,BAGUETTE,29.0,38.060555005143904,40.35086609867128,"(1, 1, 1)(1, 0, 1, 7)",add
2021-04-07,BAGUETTE,0.0,8.207128409728671,10.851533500446617,"(1, 1, 1)(1, 0, 1, 7)",add
2021-04-08,BAGUETTE,31.0,29.75244077333543,33.957750984396654,"(1, 1, 1)(1, 0, 1, 7)",add
2021-04-09,BAGUETTE,26.0,36.772579410334096,37.22686795729983,"(1, 1, 1)(1, 0, 1, 7)",add
2021-04-10,BAGUETTE,32.0,37.70966045584372,40.53492973158804,"(1, 1, 1)(1, 0, 1, 7)",add
2021-04-11,BAGUETTE,53.0,53.21445414360008,52.407216173487,"(1, 1, 1)(1, 0, 1, 7)",add
2021-04-12,BAGUETTE,31.0,35.3073965174754,32.437393029296516,"(1, 1, 1)(1, 0, 1, 7)",add
2021-04-13,BAGUETTE,29.0,29.374364521551016,28.998967130513837,"(1, 1, 1)(1, 0, 1, 7)",add
2021-04-14,BAGUETTE,16.0,4.415594745967013,2.0724393840600577,"(1, 1, 1)(1, 0, 1, 7)",add
2021-04-15,BAGUETTE,24.0,33.6504772189354,31.49415061348713,"(1, 1, 1)(1, 0, 1, 7)",add
2021-04-16,BAGUETTE,35.0,31.235392416202384,32.90545914620569,"(1, 1, 1)(1, 0, 1, 7)",add
2021-04-17,BAGUETTE,33.0,38.81883425343867,39.44922327077311,"(1, 1, 1)(1, 0, 1, 7)",add
2021-04-18,BAGUETTE,41.0,52.773239673541866,52.723250788826164,"(1, 1, 1)(1, 0, 1, 7)",add
2021-04-19,BAGUETTE,27.0,29.645276315531383,29.809076520190892,"(1, 1, 1)(1, 0, 1, 7)",add
2021-04-20,BAGUETTE,29.0,26.589331934977423,26.213866423527154,"(1, 1, 1)(1, 0, 1, 7)",add
2021-04-21,BAGUETTE,25.0,5.461277077149294,1.3378189048904439,"(1, 1, 1)(1, 0, 1, 7)",add
2021-04-22,BAGUETTE,30.0,34.23614719523768,30.71929221055396,"(1, 1, 1)(1, 0, 1, 7)",add
2021-04-23,BAGUETTE,34.0,33.85046011980071,34.62128436667104,"(1, 1, 1)(1, 0, 1, 7)",add
2021-04-24,BAGUETTE,41.0,37.52085125944059,39.68338527907723,"(1, 1, 1)(1, 0, 1, 7)",add
2021-04-25,BAGUETTE,53.0,53.658565940328685,54.14009854916045,"(1, 1, 1)(1, 0, 1, 7)",add
2021-04-26,BAGUETTE,26.0,34.703309583875644,34.49314953721432,"(1, 1, 1)(1, 0, 1, 7)",add
2021-04-27,BAGUETTE,32.0,28.23159454360974,30.210674476749105,"(1, 1, 1)(1, 0, 1, 7)",add
2021-04-28,BAGUETTE,23.0,11.64000002218351,7.259591500490089,"(1, 1, 1)(1, 0, 1, 7)",add
2021-04-29,BAGUETTE,28.0,33.99965136265382,32.37470831471325,"(1, 1, 1)(1, 0, 1, 7)",add
2021-04-30,BAGUETTE,25.0,34.05115967303311,35.47484190210623,"(1, 1, 1)(1, 0, 1, 7)",add
2021-05-01,BAGUETTE,31.0,35.21160129719054,38.54753154216071,"(1, 1, 1)(1, 0, 1, 7)",add
2021-05-02,BAGUETTE,48.0,49.23335078636467,50.782767278733075,"(1, 1, 1)(1, 0, 1, 7)",add
2021-05-03,BAGUETTE,29.0,30.507410803026374,30.01494623263806,"(1, 1, 1)(1, 0, 1, 7)",add
2021-05-04,BAGUETTE,26.0,28.95405769093169,28.450712120655673,"(1, 1, 1)(1, 0, 1, 7)",add
2021-05-05,BAGUETTE,30.0,10.802826738715732,5.9922213709472985,"(1, 1, 1)(1, 0, 1, 7)",add
2021-05-06,BAGUETTE,22.0,34.52281927429756,30.875534629713137,"(1, 1, 1)(1, 0, 1, 7)",add
2021-05-07,BAGUETTE,29.0,29.679440277896482,32.34876561934493,"(1, 1, 1)(1, 0, 1, 7)",add
2021-05-08,BAGUETTE,52.0,35.116562552302774,37.305259940838596,"(1, 1, 1)(1, 0, 1, 7)",add
2021-05-09,BAGUETTE,45.0,56.53393007689067,54.97080392305047,"(1, 1, 1)(1, 0, 1, 7)",add
2021-05-10,BAGUETTE,26.0,30.486556868611007,32.78814630156279,"(1, 1, 1)(1, 0, 1, 7)",add
2021-05-11,BAGUETTE,39.0,28.208136516605176,29.79395960899373,"(1, 1, 1)(1, 0, 1, 7)",add
2021-05-12,BAGUETTE,41.0,19.993240715505024,12.644982060977046,"(1, 1, 1)(1, 0, 1, 7)",add
2021-05-13,BAGUETTE,57.0,38.159895327543694,35.1129944455101,"(1, 1, 1)(1, 0, 1, 7)",add
2021-05-14,BAGUETTE,65.0,45.429674770999185,43.98738793383005,"(1, 1, 1)(1, 0, 1, 7)",add
2021-05-15,BAGUETTE,83.0,56.65060798005202,56.210138804139774,"(1, 1, 1)(1, 0, 1, 7)",add
2021-05-16,BAGUETTE,73.0,73.34884957977081,74.02624039196188,"(1, 1, 1)(1, 0, 1, 7)",add
2021-05-17,BAGUETTE,0.0,49.28380477412084,54.157560538733726,"(1, 1, 1)(1, 0, 1, 7)",add
2021-05-18,BAGUETTE,0.0,29.44583193116209,42.28619898140176,"(1, 1, 1)(1, 0, 1, 7)",add
2021-05-19,BAGUETTE,0.0,14.762983015844085,15.668651449571996,"(1, 1, 1)(1, 0, 1, 7)",add
2021-05-20,BAGUETTE,0.0,27.598118363452514,27.693186151587035,"(1, 1, 1)(1, 0, 1, 7)",add
2021-05-21,BAGUETTE,22.0,25.156961149237823,25.465004754290845,"(1, 1, 1)(1, 0, 1, 7)",add
2021-05-22,BAGUETTE,44.0,38.55106099217877,32.84481472174014,"(1, 1, 1)(1, 0, 1, 7)",add
2021-05-23,BAGUETTE,68.0,49.51247349512809,44.328250071523044,"(1, 1, 1)(1, 0, 1, 7)",add
2021-05-24,BAGUETTE,51.0,28.908438370626115,24.482744179793833,"(1, 1, 1)(1, 0, 1, 7)",add
2021-05-25,BAGUETTE,37.0,35.20437676445012,31.75130142667095,"(1, 1, 1)(1, 0, 1, 7)",add
2021-05-26,BAGUETTE,19.0,22.927667070389646,18.428817535944788,"(1, 1, 1)(1, 0, 1, 7)",add
2021-05-27,BAGUETTE,32.0,29.7224653250664,32.82421418502768,"(1, 1, 1)(1, 0, 1, 7)",add
2021-05-28,BAGUETTE,19.0,38.07207182168091,39.05515059051232,"(1, 1, 1)(1, 0, 1, 7)",add
2021-05-29,BAGUETTE,50.0,41.470242272406544,44.25316057353407,"(1, 1, 1)(1, 0, 1, 7)",add
2021-05-30,BAGUETTE,55.0,57.43377320988171,55.822195155200674,"(1, 1, 1)(1, 0, 1, 7)",add
2021-05-31,BAGUETTE,27.0,30.62740975909909,30.82869392923338,"(1, 1, 1)(1, 0, 1, 7)",add
2021-06-01,BAGUETTE,29.0,27.626135140119754,29.17012675537684,"(1, 1, 1)(1, 0, 1, 7)",add
2021-06-02,BAGUETTE,20.0,18.709594328334028,14.163102404405361,"(1, 1, 1)(1, 0, 1, 7)",add
2021-06-03,BAGUETTE,19.0,29.302085903159362,29.584643476783263,"(1, 1, 1)(1, 0, 1, 7)",add
2021-06-04,BAGUETTE,31.0,28.719684924340335,31.67037709370293,"(1, 1, 1)(1, 0, 1, 7)",add
2021-06-05,BAGUETTE,70.0,45.52815990155955,43.826937889643304,"(1, 1, 1)(1, 0, 1, 7)",add
2021-06-06,BAGUETTE,78.0,63.89050883451105,59.25761655744612,"(1, 1, 1)(1, 0, 1, 7)",add
2021-06-07,BAGUETTE,28.0,40.2308169409588,38.30065504864794,"(1, 1, 1)(1, 0, 1, 7)",add
2021-06-08,BAGUETTE,29.0,31.027457992268626,35.580702214014096,"(1, 1, 1)(1, 0, 1, 7)",add
2021-06-09,BAGUETTE,24.0,21.58217623815585,19.76738406738517,"(1, 1, 1)(1, 0, 1, 7)",add
2021-06-10,BAGUETTE,29.0,31.231811851640135,33.144201404181075,"(1, 1, 1)(1, 0, 1, 7)",add
2021-06-11,BAGUETTE,22.0,35.14974833218179,37.67981265071036,"(1, 1, 1)(1, 0, 1, 7)",add
2021-06-12,BAGUETTE,40.0,48.53840707986038,49.262413544061815,"(1, 1, 1)(1, 0, 1, 7)",add
2021-06-13,BAGUETTE,54.0,55.80906261557057,56.05823389771319,"(1, 1, 1)(1, 0, 1, 7)",add
2021-06-14,BAGUETTE,39.0,27.979558105790904,27.49500768662856,"(1, 1, 1)(1, 0, 1, 7)",add
2021-06-15,BAGUETTE,19.0,32.33487890786386,30.000958365539518,"(1, 1, 1)(1, 0, 1, 7)",add
2021-06-16,BAGUETTE,22.0,16.775997344266276,14.317592830445122,"(1, 1, 1)(1, 0, 1, 7)",add
2021-06-17,BAGUETTE,28.0,27.979993721578314,27.59940861777279,"(1, 1, 1)(1, 0, 1, 7)",add
2021-06-18,BAGUETTE,25.0,30.51604132985309,31.958466459663036,"(1, 1, 1)(1, 0, 1, 7)",add
2021-06-19,BAGUETTE,50.0,46.15368062649324,46.138044871548445,"(1, 1, 1)(1, 0, 1, 7)",add
2021-06-20,BAGUETTE,60.0,57.756438072178355,56.58972811305091,"(1, 1, 1)(1, 0, 1, 7)",add
2021-06-21,BAGUETTE,38.0,32.04789529862855,30.635662931382242,"(1, 1, 1)(1, 0, 1, 7)",add
2021-06-22,BAGUETTE,35.0,29.93265171367551,29.90794508331536,"(1, 1, 1)(1, 0, 1, 7)",add
2021-06-23,BAGUETTE,22.0,24.201540875752748,19.720067323774458,"(1, 1, 1)(1, 0, 1, 7)",add
2021-06-24,BAGUETTE,34.0,29.321631015960392,31.053213008330545,"(1, 1, 1)(1, 0, 1, 7)",add
2021-06-25,BAGUETTE,23.0,33.08795725134624,35.221205161074565,"(1, 1, 1)(1, 0, 1, 7)",add
2021-06-26,BAGUETTE,50.0,47.20576209251314,49.34433563062878,"(1, 1, 1)(1, 0, 1, 7)",add
2021-06-27,BAGUETTE,51.0,58.934395502299985,59.03740274485352,"(1, 1, 1)(1, 0, 1, 7)",add
2021-06-28,BAGUETTE,18.0,30.69250158610335,30.947135936650604,"(1, 1, 1)(1, 0, 1, 7)",add
2021-06-29,BAGUETTE,27.0,23.201730866173953,25.4742407062913,"(1, 1, 1)(1, 0, 1, 7)",add
2021-06-30,BAGUETTE,21.0,19.42992145861554,14.205094215098082,"(1, 1, 1)(1, 0, 1, 7)",add
2021-07-01,BAGUETTE,27.0,27.83993610601525,26.609661332886866,"(1, 1, 1)(1, 0, 1, 7)",add
2021-07-02,BAGUETTE,21.0,26.929805222597025,28.650319814159754,"(1, 1, 1)(1, 0, 1, 7)",add
2021-07-03,BAGUETTE,35.0,44.54422681129942,45.11266541149821,"(1, 1, 1)(1, 0, 1, 7)",add
2021-07-04,BAGUETTE,58.0,49.44231888540979,51.520109091068946,"(1, 1, 1)(1, 0, 1, 7)",add
2021-07-05,BAGUETTE,34.0,28.593324267537444,26.149605694728955,"(1, 1, 1)(1, 0, 1, 7)",add
2021-07-06,BAGUETTE,37.0,28.2702772444746,26.784257987775224,"(1, 1, 1)(1, 0, 1, 7)",add
2021-07-07,BAGUETTE,40.0,23.38562027969967,17.987064844174334,"(1, 1, 1)(1, 0, 1, 7)",add
2021-07-08,BAGUETTE,33.0,35.577882592995856,33.113350110547024,"(1, 1, 1)(1, 0, 1, 7)",add
2021-07-09,BAGUETTE,36.0,30.19786168985268,34.2154285201169,"(1, 1, 1)(1, 0, 1, 7)",add
2021-07-10,BAGUETTE,36.0,50.62691009886821,52.52027085754213,"(1, 1, 1)(1, 0, 1, 7)",add
2021-07-11,BAGUETTE,75.0,53.99424025485036,59.21043350237788,"(1, 1, 1)(1, 0, 1, 7)",add
2021-07-12,BAGUETTE,49.0,39.08043355879903,36.048689078655485,"(1, 1, 1)(1, 0, 1, 7)",add
2021-07-13,BAGUETTE,50.0,39.411458961253004,38.05954250697529,"(1, 1, 1)(1, 0, 1, 7)",add
2021-07-14,BAGUETTE,63.0,35.87764456827325,30.858370638688314,"(1, 1, 1)(1, 0, 1, 7)",add
2021-07-15,BAGUETTE,49.0,49.03486888866081,45.95950812997718,"(1, 1, 1)(1, 0, 1, 7)",add
2021-07-16,BAGUETTE,62.0,43.560045281657395,47.95724804089018,"(1, 1, 1)(1, 0, 1, 7)",add
2021-07-17,BAGUETTE,55.0,64.62546248402602,67.10284296712761,"(1, 1, 1)(1, 0, 1, 7)",add
2021-07-18,BAGUETTE,105.0,72.40477032011887,78.09613853015497,"(1, 1, 1)(1, 0, 1, 7)",add
2021-07-19,BAGUETTE,42.0,60.93783141926717,57.11126810167815,"(1, 1, 1)(1, 0, 1, 7)",add
2021-07-20,BAGUETTE,56.0,48.04943664322971,52.78497468808829,"(1, 1, 1)(1, 0, 1, 7)",add
2021-07-21,BAGUETTE,55.0,50.68356970060405,45.72271011815474,"(1, 1, 1)(1, 0, 1, 7)",add
2021-07-22,BAGUETTE,62.0,53.119232669097116,52.753218742903385,"(1, 1, 1)(1, 0, 1, 7)",add
2021-07-23,BAGUETTE,56.0,57.45055327114781,57.26068889522788,"(1, 1, 1)(1, 0, 1, 7)",add
2021-07-24,BAGUETTE,59.0,66.36972974930175,70.31894438770546,"(1, 1, 1)(1, 0, 1, 7)",add
2021-07-25,BAGUETTE,89.0,83.78586031699392,85.49683846825394,"(1, 1, 1)(1, 0, 1, 7)",add
2021-07-26,BAGUETTE,56.0,56.024575216567975,54.9944495900989,"(1, 1, 1)(1, 0, 1, 7)",add
2021-07-27,BAGUETTE,39.0,57.47411635517084,56.13221910802125,"(1, 1, 1)(1, 0, 1, 7)",add
2021-07-28,BAGUETTE,48.0,48.141394509943254,45.173749344173196,"(1, 1, 1)(1, 0, 1, 7)",add
2021-07-29,BAGUETTE,56.0,53.446050802605455,50.76822656132888,"(1, 1, 1)(1, 0, 1, 7)",add
2021-07-30,BAGUETTE,63.0,55.64778626935785,53.30356238032166,"(1, 1, 1)(1, 0, 1, 7)",add
2021-07-31,BAGUETTE,53.0,67.91284795397274,67.76145647756321,"(1, 1, 1)(1, 0, 1, 7)",add
2021-08-01,BAGUETTE,78.0,82.60668297627366,83.69864225823368,"(1, 1, 1)(1, 0, 1, 7)",add
2021-08-02,BAGUETTE,69.0,52.09206703189479,50.89557097042552,"(1, 1, 1)(1, 0, 1, 7)",add
2021-08-03,BAGUETTE,84.0,58.75789937423383,53.966478930833986,"(1, 1, 1)(1, 0, 1, 7)",add
2021-08-04,BAGUETTE,57.0,66.2256646196332,55.536422068273545,"(1, 1, 1)(1, 0, 1, 7)",add
2021-08-05,BAGUETTE,46.0,61.31489872502947,61.075548756891614,"(1, 1, 1)(1, 0, 1, 7)",add
2021-08-06,BAGUETTE,51.0,57.080049999558156,59.55928931847741,"(1, 1, 1)(1, 0, 1, 7)",add
2021-08-07,BAGUETTE,64.0,63.32516192337581,67.4476080685146,"(1, 1, 1)(1, 0, 1, 7)",add
2021-08-08,BAGUETTE,88.0,87.1648649935275,86.82960262556749,"(1, 1, 1)(1, 0, 1, 7)",add
2021-08-09,BAGUETTE,69.0,61.22661661548598,57.999587953047225,"(1, 1, 1)(1, 0, 1, 7)",add
2021-08-10,BAGUETTE,58.0,65.74450060165502,60.71905426296913,"(1, 1, 1)(1, 0, 1, 7)",add
2021-08-11,BAGUETTE,69.0,56.84713508318654,52.07662400896495,"(1, 1, 1)(1, 0, 1, 7)",add
2021-08-12,BAGUETTE,80.0,63.39331222369737,59.3491838547205,"(1, 1, 1)(1, 0, 1, 7)",add
2021-08-13,BAGUETTE,56.0,70.28781564909293,66.43837844037553,"(1, 1, 1)(1, 0, 1, 7)",add
2021-08-14,BAGUETTE,64.0,68.77406986093409,74.4348751571107,"(1, 1, 1)(1, 0, 1, 7)",add
2021-08-15,BAGUETTE,103.0,90.29791268328793,92.73966989459838,"(1, 1, 1)(1, 0, 1, 7)",add
2021-08-16,BAGUETTE,53.0,71.56007665447798,66.93937118579348,"(1, 1, 1)(1, 0, 1, 7)",add
2021-08-17,BAGUETTE,55.0,61.941263611169305,62.7086831789911,"(1, 1, 1)(1, 0, 1, 7)",add
2021-08-18,BAGUETTE,55.0,59.82159685893632,54.977503849357845,"(1, 1, 1)(1, 0, 1, 7)",add
2021-08-19,BAGUETTE,53.0,62.25830225282141,58.879304241692566,"(1, 1, 1)(1, 0, 1, 7)",add
2021-08-20,BAGUETTE,55.0,57.50768607113289,56.87923009697369,"(1, 1, 1)(1, 0, 1, 7)",add
2021-08-21,BAGUETTE,74.0,65.52054963678924,66.77723153542792,"(1, 1, 1)(1, 0, 1, 7)",add
2021-08-22,BAGUETTE,68.0,94.15871971961255,91.13189487692708,"(1, 1, 1)(1, 0, 1, 7)",add
2021-08-23,BAGUETTE,69.0,54.089962133726495,55.42647187992123,"(1, 1, 1)(1, 0, 1, 7)",add
2021-08-24,BAGUETTE,81.0,63.64560266074118,57.94751480284184,"(1, 1, 1)(1, 0, 1, 7)",add
2021-08-25,BAGUETTE,55.0,67.54221631863784,57.843840047595464,"(1, 1, 1)(1, 0, 1, 7)",add
2021-08-26,BAGUETTE,65.0,61.25580257585031,60.50217986646719,"(1, 1, 1)(1, 0, 1, 7)",add
2021-08-27,BAGUETTE,38.0,62.32688231602031,61.21832444852287,"(1, 1, 1)(1, 0, 1, 7)",add
2021-08-28,BAGUETTE,65.0,61.566386094640364,67.31234325946345,"(1, 1, 1)(1, 0, 1, 7)",add
2021-08-29,BAGUETTE,76.0,85.61923279949266,86.42816333209404,"(1, 1, 1)(1, 0, 1, 7)",add
2021-08-30,BAGUETTE,33.0,59.08788042727872,57.31834675329587,"(1, 1, 1)(1, 0, 1, 7)",add
2021-08-31,BAGUETTE,35.0,52.39334556641478,52.39748659177413,"(1, 1, 1)(1, 0, 1, 7)",add
2021-09-01,BAGUETTE,33.0,44.51556276775971,40.646593310905345,"(1, 1, 1)(1, 0, 1, 7)",add
2021-09-02,BAGUETTE,29.0,47.086106133222444,42.992987048621686,"(1, 1, 1)(1, 0, 1, 7)",add
2021-09-03,BAGUETTE,36.0,37.03334878659424,36.75234311528183,"(1, 1, 1)(1, 0, 1, 7)",add
2021-09-04,BAGUETTE,49.0,52.20144055414147,49.985921878023774,"(1, 1, 1)(1, 0, 1, 7)",add
2021-09-05,BAGUETTE,76.0,69.32284494479904,68.56193531080903,"(1, 1, 1)(1, 0, 1, 7)",add
2021-09-06,BAGUETTE,38.0,46.587791483295945,41.992415818710604,"(1, 1, 1)(1, 0, 1, 7)",add
2021-09-07,BAGUETTE,47.0,44.24143739300107,42.297888661295325,"(1, 1, 1)(1, 0, 1, 7)",add
2021-09-08,BAGUETTE,18.0,41.53162513700343,36.45826278246636,"(1, 1, 1)(1, 0, 1, 7)",add
2021-09-09,BAGUETTE,39.0,34.02627882154964,35.75068011901762,"(1, 1, 1)(1, 0, 1, 7)",add
2021-09-10,BAGUETTE,32.0,36.11370659155075,34.70120901100643,"(1, 1, 1)(1, 0, 1, 7)",add
2021-09-11,BAGUETTE,67.0,46.59991065360817,47.47789331888082,"(1, 1, 1)(1, 0, 1, 7)",add
2021-09-12,BAGUETTE,68.0,73.91782466603536,71.47523116111523,"(1, 1, 1)(1, 0, 1, 7)",add
2021-09-13,BAGUETTE,47.0,40.813891528799665,41.30644102860383,"(1, 1, 1)(1, 0, 1, 7)",add
2021-09-14,BAGUETTE,24.0,46.423883667010685,44.65727643687296,"(1, 1, 1)(1, 0, 1, 7)",add
2021-09-15,BAGUETTE,24.0,27.771308934619704,30.803625981136946,"(1, 1, 1)(1, 0, 1, 7)",add
2021-09-16,BAGUETTE,37.0,34.67241671789622,34.91662124951057,"(1, 1, 1)(1, 0, 1, 7)",add
2021-09-17,BAGUETTE,29.0,32.96422638024348,32.99636861069148,"(1, 1, 1)(1, 0, 1, 7)",add
2021-09-18,BAGUETTE,48.0,47.034376876375646,47.770267666493964,"(1, 1, 1)(1, 0, 1, 7)",add
2021-09-19,BAGUETTE,39.0,63.38529779218598,65.11793898556918,"(1, 1, 1)(1, 0, 1, 7)",add
2021-09-20,BAGUETTE,29.0,27.708929143809264,30.86247684235952,"(1, 1, 1)(1, 0, 1, 7)",add
2021-09-21,BAGUETTE,24.0,30.708493390781737,29.825712374671863,"(1, 1, 1)(1, 0, 1, 7)",add
2021-09-22,BAGUETTE,3.0,21.63103750368397,20.690790698699367,"(1, 1, 1)(1, 0, 1, 7)",add
2021-09-23,BAGUETTE,27.0,21.916764161834966,23.29926484272016,"(1, 1, 1)(1, 0, 1, 7)",add
2021-09-24,BAGUETTE,43.0,22.53105821351493,21.113166716040013,"(1, 1, 1)(1, 0, 1, 7)",add
2021-09-25,BAGUETTE,42.0,46.537120339679134,42.070708961574006,"(1, 1, 1)(1, 0, 1, 7)",add
2021-09-26,BAGUETTE,45.0,52.49297380527753,56.642706932451404,"(1, 1, 1)(1, 0, 1, 7)",add
2021-09-27,BAGUETTE,24.0,26.45256446427168,28.0962895030311,"(1, 1, 1)(1, 0, 1, 7)",add
2021-09-28,BAGUETTE,27.0,24.671813117160298,26.15587343101263,"(1, 1, 1)(1, 0, 1, 7)",add
2021-09-29,BAGUETTE,17.0,16.82556772886675,17.282536044091877,"(1, 1, 1)(1, 0, 1, 7)",add
2021-09-30,BAGUETTE,22.0,25.89206448356731,25.957077214943556,"(1, 1, 1)(1, 0, 1, 7)",add
2021-10-01,BAGUETTE,27.0,23.168022596974204,23.939844304044815,"(1, 1, 1)(1, 0, 1, 7)",add
2021-10-02,BAGUETTE,32.0,38.076531120105784,38.45806659733999,"(1, 1, 1)(1, 0, 1, 7)",add
2021-10-03,BAGUETTE,41.0,44.69387870811196,50.4215380467062,"(1, 1, 1)(1, 0, 1, 7)",add
2021-10-04,BAGUETTE,29.0,21.83507207501177,23.144369193593203,"(1, 1, 1)(1, 0, 1, 7)",add
2021-10-05,BAGUETTE,24.0,24.34916219159748,23.92240758897843,"(1, 1, 1)(1, 0, 1, 7)",add
2021-10-06,BAGUETTE,21.0,13.894512573535543,14.762970857280665,"(1, 1, 1)(1, 0, 1, 7)",add
2021-10-07,BAGUETTE,33.0,24.82226764872694,24.50782906037091,"(1, 1, 1)(1, 0, 1, 7)",add
2021-10-08,BAGUETTE,24.0,26.77821395566231,25.97728137582437,"(1, 1, 1)(1, 0, 1, 7)",add
2021-10-09,BAGUETTE,44.0,35.35408094181469,38.39797863040708,"(1, 1, 1)(1, 0, 1, 7)",add
2021-10-10,BAGUETTE,48.0,47.985383429624854,52.735528034480474,"(1, 1, 1)(1, 0, 1, 7)",add
2021-10-11,BAGUETTE,28.0,26.45859004685104,28.06993275522107,"(1, 1, 1)(1, 0, 1, 7)",add
2021-10-12,BAGUETTE,15.0,24.95665149170212,26.93772442838281,"(1, 1, 1)(1, 0, 1, 7)",add
2021-10-13,BAGUETTE,11.0,12.554788677305103,15.742747886871651,"(1, 1, 1)(1, 0, 1, 7)",add
2021-10-14,BAGUETTE,21.0,22.250636231068917,23.280658076784803,"(1, 1, 1)(1, 0, 1, 7)",add
2021-10-15,BAGUETTE,18.0,20.826249213090904,21.280848282025133,"(1, 1, 1)(1, 0, 1, 7)",add
2021-10-16,BAGUETTE,27.0,32.644616153575484,34.191266466510434,"(1, 1, 1)(1, 0, 1, 7)",add
2021-10-17,BAGUETTE,49.0,39.16448308654921,44.624334251606285,"(1, 1, 1)(1, 0, 1, 7)",add
2021-10-18,BAGUETTE,28.0,24.266072166791226,22.46219684833982,"(1, 1, 1)(1, 0, 1, 7)",add
2021-10-19,BAGUETTE,19.0,20.82494128660155,21.355381185701276,"(1, 1, 1)(1, 0, 1, 7)",add
2021-10-20,BAGUETTE,14.0,11.854930198197064,13.028572211199641,"(1, 1, 1)(1, 0, 1, 7)",add
2021-10-21,BAGUETTE,33.0,21.60534191669548,22.088846225441767,"(1, 1, 1)(1, 0, 1, 7)",add
2021-10-22,BAGUETTE,31.0,23.95685579307756,22.916346167017572,"(1, 1, 1)(1, 0, 1, 7)",add
2021-10-23,BAGUETTE,48.0,36.569096802740226,37.948979402380864,"(1, 1, 1)(1, 0, 1, 7)",add
2021-10-24,BAGUETTE,54.0,49.81083957988501,53.401132677484675,"(1, 1, 1)(1, 0, 1, 7)",add
2021-10-25,BAGUETTE,40.0,29.536637708705488,30.519584096816157,"(1, 1, 1)(1, 0, 1, 7)",add
2021-10-26,BAGUETTE,38.0,27.924802259064204,29.476956422083035,"(1, 1, 1)(1, 0, 1, 7)",add
2021-10-27,BAGUETTE,23.0,23.072790153563375,23.908492365961468,"(1, 1, 1)(1, 0, 1, 7)",add
2021-10-28,BAGUETTE,24.0,31.340069502210312,33.573155907078636,"(1, 1, 1)(1, 0, 1, 7)",add
2021-10-29,BAGUETTE,38.0,26.121098658903833,29.560003455589282,"(1, 1, 1)(1, 0, 1, 7)",add
2021-10-30,BAGUETTE,46.0,44.24659886940835,44.874062082725,"(1, 1, 1)(1, 0, 1, 7)",add
2021-10-31,BAGUETTE,55.0,52.77936464423428,57.37196550394866,"(1, 1, 1)(1, 0, 1, 7)",add
2021-11-01,BAGUETTE,31.0,34.5565034194121,34.74369797848647,"(1, 1, 1)(1, 0, 1, 7)",add
2021-11-02,BAGUETTE,27.0,28.651892086028305,30.665318604487503,"(1, 1, 1)(1, 0, 1, 7)",add
2021-11-03,BAGUETTE,47.0,20.354441118903093,21.419889972134058,"(1, 1, 1)(1, 0, 1, 7)",add
2021-11-04,BAGUETTE,25.0,39.842477468889506,36.0773014117602,"(1, 1, 1)(1, 0, 1, 7)",add
2021-11-05,BAGUETTE,33.0,30.771878102098842,33.58207551983404,"(1, 1, 1)(1, 0, 1, 7)",add
2021-11-06,BAGUETTE,27.0,44.40877605753067,46.14016968789386,"(1, 1, 1)(1, 0, 1, 7)",add
2021-11-07,BAGUETTE,31.0,46.79279964032057,53.776959782244404,"(1, 1, 1)(1, 0, 1, 7)",add
2021-11-08,BAGUETTE,62.0,24.337661516341864,26.475332227761832,"(1, 1, 1)(1, 0, 1, 7)",add
2021-11-09,BAGUETTE,43.0,38.440307767407226,31.127238910043168,"(1, 1, 1)(1, 0, 1, 7)",add
2021-11-10,BAGUETTE,17.0,31.86857815139416,28.339977190703245,"(1, 1, 1)(1, 0, 1, 7)",add
2021-11-11,BAGUETTE,30.0,27.31302640720672,31.027819797798728,"(1, 1, 1)(1, 0, 1, 7)",add
2021-11-12,BAGUETTE,16.0,32.27021535342263,31.843837146021308,"(1, 1, 1)(1, 0, 1, 7)",add
2021-11-13,BAGUETTE,25.0,34.28719096499502,39.103959639872706,"(1, 1, 1)(1, 0, 1, 7)",add
2021-11-14,BAGUETTE,38.0,41.44650099620647,47.48546764510773,"(1, 1, 1)(1, 0, 1, 7)",add
2021-11-15,BAGUETTE,27.0,31.97396284448405,29.13041599427295,"(1, 1, 1)(1, 0, 1, 7)",add
2021-11-16,BAGUETTE,16.0,24.75107063359031,22.986660503663355,"(1, 1, 1)(1, 0, 1, 7)",add
2021-11-17,BAGUETTE,0.0,15.406654327865493,13.623752615484317,"(1, 1, 1)(1, 0, 1, 7)",add
2021-11-18,BAGUETTE,20.0,15.964271745267176,16.864572645123673,"(1, 1, 1)(1, 0, 1, 7)",add
2021-11-19,BAGUETTE,26.0,19.77632068230819,17.08201282605169,"(1, 1, 1)(1, 0, 1, 7)",add
2021-11-20,BAGUETTE,38.0,30.652241456720155,30.021078453444606,"(1, 1, 1)(1, 0, 1, 7)",add
2021-11-21,BAGUETTE,36.0,41.443083865017535,43.78245215137308,"(1, 1, 1)(1, 0, 1, 7)",add
2021-11-22,BAGUETTE,14.0,27.653146239577012,26.56188236121363,"(1, 1, 1)(1, 0, 1, 7)",add
2021-11-23,BAGUETTE,23.0,15.73380722436425,17.60181050112572,"(1, 1, 1)(1, 0, 1, 7)",add
2021-11-24,BAGUETTE,0.0,12.490553667960395,10.307412336184221,"(1, 1, 1)(1, 0, 1, 7)",add
2021-11-25,BAGUETTE,25.0,14.418893273010394,16.007950255352057,"(1, 1, 1)(1, 0, 1, 7)",add
2021-11-26,BAGUETTE,18.0,20.882745760740526,18.12078892499872,"(1, 1, 1)(1, 0, 1, 7)",add
2021-11-27,BAGUETTE,35.0,27.351233638702844,28.95562568649395,"(1, 1, 1)(1, 0, 1, 7)",add
2021-11-28,BAGUETTE,45.0,37.38637504073315,40.66679278948841,"(1, 1, 1)(1, 0, 1, 7)",add
2021-11-29,BAGUETTE,28.0,27.1465316399164,25.645936310719435,"(1, 1, 1)(1, 0, 1, 7)",add
2021-11-30,BAGUETTE,21.0,21.72354876354966,21.845538360750307,"(1, 1, 1)(1, 0, 1, 7)",add
2021-12-01,BAGUETTE,0.0,10.186459057503503,11.54951938874551,"(1, 1, 1)(1, 0, 1, 7)",add
2021-12-02,BAGUETTE,16.0,16.39314014202156,18.95843955378997,"(1, 1, 1)(1, 0, 1, 7)",add
2021-12-03,BAGUETTE,27.0,17.05792137198621,17.479916505364145,"(1, 1, 1)(1, 0, 1, 7)",add
2021-12-04,BAGUETTE,20.0,31.479870883235808,31.090040832235662,"(1, 1, 1)(1, 0, 1, 7)",add
2021-12-05,BAGUETTE,40.0,32.82137505503302,38.81940476246153,"(1, 1, 1)(1, 0, 1, 7)",add
2021-12-06,BAGUETTE,0.0,24.403909844109183,22.894809144628216,"(1, 1, 1)(1, 0, 1, 7)",add
2021-12-07,BAGUETTE,0.0,9.437200717433766,13.157203814143362,"(1, 1, 1)(1, 0, 1, 7)",add
2021-12-08,BAGUETTE,0.0,-2.8497807022592987,-0.973994295468529,"(1, 1, 1)(1, 0, 1, 7)",add
2021-12-09,BAGUETTE,21.0,11.767169441706134,10.099922147178285,"(1, 1, 1)(1, 0, 1, 7)",add
2021-12-10,BAGUETTE,18.0,16.785608036309632,12.98261235816137,"(1, 1, 1)(1, 0, 1, 7)",add
2021-12-11,BAGUETTE,33.0,22.84081662197419,23.473571941578374,"(1, 1, 1)(1, 0, 1, 7)",add
2021-12-12,BAGUETTE,33.0,35.57858942694303,37.04384072558888,"(1, 1, 1)(1, 0, 1, 7)",add
2021-12-13,BAGUETTE,19.0,15.728171141855686,17.483485297605455,"(1, 1, 1)(1, 0, 1, 7)",add
2021-12-14,BAGUETTE,18.0,13.185551752815407,14.1692580812207,"(1, 1, 1)(1, 0, 1, 7)",add
2021-12-15,BAGUETTE,0.0,4.538227598249955,5.264296951077485,"(1, 1, 1)(1, 0, 1, 7)",add
2021-12-16,BAGUETTE,19.0,14.377444344792787,15.973125759088255,"(1, 1, 1)(1, 0, 1, 7)",add
2021-12-17,BAGUETTE,30.0,17.1511913686771,16.502202719357633,"(1, 1, 1)(1, 0, 1, 7)",add
2021-12-18,BAGUETTE,36.0,29.81224892877791,29.340415187692614,"(1, 1, 1)(1, 0, 1, 7)",add
2021-12-19,BAGUETTE,35.0,37.62652941667814,40.87867603898395,"(1, 1, 1)(1, 0, 1, 7)",add
2021-12-20,BAGUETTE,26.0,18.761410192260247,21.48245866715076,"(1, 1, 1)(1, 0, 1, 7)",add
2021-12-21,BAGUETTE,27.0,18.36541725549803,19.07275237328949,"(1, 1, 1)(1, 0, 1, 7)",add
2021-12-22,BAGUETTE,18.0,9.41883894414702,10.142592836744896,"(1, 1, 1)(1, 0, 1, 7)",add
2021-12-23,BAGUETTE,29.0,24.516280234700837,24.6184518848983,"(1, 1, 1)(1, 0, 1, 7)",add
2021-12-24,BAGUETTE,36.0,26.70938435542253,26.52499640161112,"(1, 1, 1)(1, 0, 1, 7)",add
2021-12-25,BAGUETTE,32.0,36.883695015579036,37.76660043515639,"(1, 1, 1)(1, 0, 1, 7)",add
2021-12-26,BAGUETTE,32.0,39.196550821479946,45.25565343603666,"(1, 1, 1)(1, 0, 1, 7)",add
2021-12-27,BAGUETTE,36.0,21.907029002187063,25.289762136738066,"(1, 1, 1)(1, 0, 1, 7)",add
2021-12-28,BAGUETTE,41.0,26.187057483276405,24.606137296509708,"(1, 1, 1)(1, 0, 1, 7)",add
2021-12-29,BAGUETTE,35.0,19.444864230286296,17.54938829005542,"(1, 1, 1)(1, 0, 1, 7)",add
2021-12-30,BAGUETTE,29.0,35.46220655572768,33.79870382994477,"(1, 1, 1)(1, 0, 1, 7)",add
2021-12-31,BAGUETTE,49.0,32.70490531831759,34.18982965703185,"(1, 1, 1)(1, 0, 1, 7)",add
2022-01-01,BAGUETTE,0.0,44.89466418732862,45.049404695506425,"(1, 1, 1)(1, 0, 1, 7)",add
2022-01-02,BAGUETTE,55.0,29.643916966000983,43.043035054172485,"(1, 1, 1)(1, 0, 1, 7)",add
2022-01-03,BAGUETTE,15.0,34.70634518465287,31.141387515716417,"(1, 1, 1)(1, 0, 1, 7)",add
2022-01-04,BAGUETTE,1.0,23.46346135585368,25.07788474029129,"(1, 1, 1)(1, 0, 1, 7)",add
2022-01-05,BAGUETTE,0.0,7.50670521543749,9.140264829473441,"(1, 1, 1)(1, 0, 1, 7)",add
2022-01-06,BAGUETTE,23.0,18.205989071749617,17.195690075932895,"(1, 1, 1)(1, 0, 1, 7)",add
2022-01-07,BAGUETTE,14.0,28.212462586221683,21.958029952048733,"(1, 1, 1)(1, 0, 1, 7)",add
2022-01-08,BAGUETTE,20.0,18.79867192489307,21.605897011271793,"(1, 1, 1)(1, 0, 1, 7)",add
2022-01-09,BAGUETTE,27.0,34.756536258963514,35.110249275422845,"(1, 1, 1)(1, 0, 1, 7)",add
2022-01-10,BAGUETTE,23.0,16.10340797546055,15.862367415459952,"(1, 1, 1)(1, 0, 1, 7)",add
2022-01-11,BAGUETTE,15.0,16.830738286538747,14.15357171112272,"(1, 1, 1)(1, 0, 1, 7)",add
2022-01-12,BAGUETTE,0.0,7.314658945451898,5.28791454605998,"(1, 1, 1)(1, 0, 1, 7)",add
2022-01-13,BAGUETTE,15.0,16.079315710592986,15.735546469677637,"(1, 1, 1)(1, 0, 1, 7)",add
2022-01-14,BAGUETTE,19.0,20.071656112507885,17.630286707241304,"(1, 1, 1)(1, 0, 1, 7)",add
2022-01-15,BAGUETTE,27.0,18.147030878909796,20.00311289152038,"(1, 1, 1)(1, 0, 1, 7)",add
2022-01-16,BAGUETTE,33.0,33.90520432963621,34.749556037308935,"(1, 1, 1)(1, 0, 1, 7)",add
2022-01-17,BAGUETTE,19.0,18.5042416390117,18.482214601516787,"(1, 1, 1)(1, 0, 1, 7)",add
2022-01-18,BAGUETTE,18.0,14.44388468253573,14.656197761820474,"(1, 1, 1)(1, 0, 1, 7)",add
2022-01-19,BAGUETTE,0.0,6.618593231158652,5.714549975664031,"(1, 1, 1)(1, 0, 1, 7)",add
2022-01-20,BAGUETTE,20.0,15.350957013183143,16.535470721077886,"(1, 1, 1)(1, 0, 1, 7)",add
2022-01-21,BAGUETTE,23.0,21.373418237001545,19.579577759924312,"(1, 1, 1)(1, 0, 1, 7)",add
2022-01-22,BAGUETTE,29.0,21.23368458157786,22.986462906138847,"(1, 1, 1)(1, 0, 1, 7)",add
2022-01-23,BAGUETTE,51.0,34.66823796691414,36.615219026001476,"(1, 1, 1)(1, 0, 1, 7)",add
2022-01-24,BAGUETTE,19.0,26.20004284550463,24.164728132946497,"(1, 1, 1)(1, 0, 1, 7)",add
2022-01-25,BAGUETTE,24.0,16.954808081348936,19.367077697444202,"(1, 1, 1)(1, 0, 1, 7)",add
2022-01-26,BAGUETTE,0.0,9.653041325124367,9.780431377432995,"(1, 1, 1)(1, 0, 1, 7)",add
2022-01-27,BAGUETTE,28.0,17.933569363990117,20.641993376668953,"(1, 1, 1)(1, 0, 1, 7)",add
2022-01-28,BAGUETTE,23.0,26.347407267326652,24.546378590871,"(1, 1, 1)(1, 0, 1, 7)",add
2022-01-29,BAGUETTE,24.0,24.5528309152276,27.11665726471896,"(1, 1, 1)(1, 0, 1, 7)",add
2022-01-30,BAGUETTE,35.0,37.027556011649494,39.5781197156348,"(1, 1, 1)(1, 0, 1, 7)",add
2022-01-31,BAGUETTE,17.0,19.95237732966168,20.905633500277354,"(1, 1, 1)(1, 0, 1, 7)",add
2022-02-01,BAGUETTE,25.0,17.170177519235544,17.39499808645713,"(1, 1, 1)(1, 0, 1, 7)",add
2022-02-02,BAGUETTE,0.0,8.256052819344287,6.986594269217864,"(1, 1, 1)(1, 0, 1, 7)",add
2022-02-03,BAGUETTE,23.0,19.304200675468316,20.230810049289953,"(1, 1, 1)(1, 0, 1, 7)",add
2022-02-04,BAGUETTE,21.0,23.543051431871596,22.200428832199155,"(1, 1, 1)(1, 0, 1, 7)",add
2022-02-05,BAGUETTE,24.0,23.03768890027348,24.686100882085256,"(1, 1, 1)(1, 0, 1, 7)",add
2022-02-06,BAGUETTE,55.0,35.768938154830174,37.53717420102903,"(1, 1, 1)(1, 0, 1, 7)",add
2022-02-07,BAGUETTE,27.0,26.828887825334824,23.829529813560274,"(1, 1, 1)(1, 0, 1, 7)",add
2022-02-08,BAGUETTE,30.0,23.545746440789873,23.074095107283213,"(1, 1, 1)(1, 0, 1, 7)",add
2022-02-09,BAGUETTE,0.0,10.803427504880467,11.014614167935697,"(1, 1, 1)(1, 0, 1, 7)",add
2022-02-10,BAGUETTE,24.0,21.73205965529914,24.367174947190282,"(1, 1, 1)(1, 0, 1, 7)",add
2022-02-11,BAGUETTE,23.0,25.114739516117993,25.232012351407167,"(1, 1, 1)(1, 0, 1, 7)",add
2022-02-12,BAGUETTE,21.0,25.456265609803616,27.541431402735363,"(1, 1, 1)(1, 0, 1, 7)",add
2022-02-13,BAGUETTE,45.0,39.074817444859555,40.957912575788875,"(1, 1, 1)(1, 0, 1, 7)",add
2022-02-14,BAGUETTE,28.0,24.10410043180773,22.799804248310934,"(1, 1, 1)(1, 0, 1, 7)",add
2022-02-15,BAGUETTE,31.0,25.183997977799912,22.881324569323613,"(1, 1, 1)(1, 0, 1, 7)",add
2022-02-16,BAGUETTE,0.0,9.831131002991803,9.242222766920957,"(1, 1, 1)(1, 0, 1, 7)",add
2022-02-17,BAGUETTE,35.0,22.254070235805727,24.08318239866211,"(1, 1, 1)(1, 0, 1, 7)",add
2022-02-18,BAGUETTE,39.0,29.247662777114527,27.262668892351478,"(1, 1, 1)(1, 0, 1, 7)",add
2022-02-19,BAGUETTE,45.0,31.98833355693225,32.23186291139747,"(1, 1, 1)(1, 0, 1, 7)",add
2022-02-20,BAGUETTE,43.0,51.38342126322573,51.02550106884886,"(1, 1, 1)(1, 0, 1, 7)",add
2022-02-21,BAGUETTE,24.0,27.890747053138455,30.306030099889522,"(1, 1, 1)(1, 0, 1, 7)",add
2022-02-22,BAGUETTE,31.0,27.758584504697986,28.131869610084216,"(1, 1, 1)(1, 0, 1, 7)",add
2022-02-23,BAGUETTE,0.0,10.89093426235915,11.541561656724891,"(1, 1, 1)(1, 0, 1, 7)",add
2022-02-24,BAGUETTE,31.0,26.40173284151507,27.944450537350175,"(1, 1, 1)(1, 0, 1, 7)",add
2022-02-25,BAGUETTE,35.0,31.125605101539456,29.46216577027585,"(1, 1, 1)(1, 0, 1, 7)",add
2022-02-26,BAGUETTE,38.0,33.857373189094965,33.160319792670684,"(1, 1, 1)(1, 0, 1, 7)",add
2022-02-27,BAGUETTE,61.0,47.72429189589801,48.05500056772643,"(1, 1, 1)(1, 0, 1, 7)",add
2022-02-28,BAGUETTE,23.0,34.539054344229655,32.17025176388822,"(1, 1, 1)(1, 0, 1, 7)",add
2022-03-01,BAGUETTE,28.0,29.459445279684232,30.303137570138393,"(1, 1, 1)(1, 0, 1, 7)",add
2022-03-02,BAGUETTE,10.0,9.463631756758062,11.082661071598082,"(1, 1, 1)(1, 0, 1, 7)",add
2022-03-03,BAGUETTE,24.0,31.823184059537404,31.30946863702376,"(1, 1, 1)(1, 0, 1, 7)",add
2022-03-04,BAGUETTE,26.0,30.52055510602755,30.78013887947407,"(1, 1, 1)(1, 0, 1, 7)",add
2022-03-05,BAGUETTE,39.0,31.74628401489442,32.11470017653058,"(1, 1, 1)(1, 0, 1, 7)",add
2022-03-06,BAGUETTE,47.0,50.06014424491562,48.29710037341811,"(1, 1, 1)(1, 0, 1, 7)",add
2022-03-07,BAGUETTE,25.0,27.27586266647699,26.975135934308557,"(1, 1, 1)(1, 0, 1, 7)",add
2022-03-08,BAGUETTE,25.0,28.934319491047386,27.412232902797538,"(1, 1, 1)(1, 0, 1, 7)",add
2022-03-09,BAGUETTE,17.0,7.9613241301756865,8.293007796347503,"(1, 1, 1)(1, 0, 1, 7)",add
2022-03-10,BAGUETTE,19.0,32.20239285040295,30.05406754845051,"(1, 1, 1)(1, 0, 1, 7)",add
2022-03-11,BAGUETTE,26.0,27.505423761064723,28.953046807030788,"(1, 1, 1)(1, 0, 1, 7)",add
2022-03-12,BAGUETTE,27.0,32.297293982500356,31.892822753782426,"(1, 1, 1)(1, 0, 1, 7)",add
2022-03-13,BAGUETTE,36.0,44.0219960534581,44.61781022880794,"(1, 1, 1)(1, 0, 1, 7)",add
2022-03-14,BAGUETTE,24.0,21.326149379292783,21.600068933868105,"(1, 1, 1)(1, 0, 1, 7)",add
2022-03-15,BAGUETTE,27.0,25.79187905620804,22.96400869367552,"(1, 1, 1)(1, 0, 1, 7)",add
2022-03-16,BAGUETTE,20.0,8.714064055251221,6.420277785652871,"(1, 1, 1)(1, 0, 1, 7)",add
2022-03-17,BAGUETTE,10.0,29.54204488027876,27.231924303154873,"(1, 1, 1)(1, 0, 1, 7)",add
2022-03-18,BAGUETTE,17.0,22.61473381865995,25.591595432358332,"(1, 1, 1)(1, 0, 1, 7)",add
2022-03-19,BAGUETTE,28.0,26.147534614754804,27.079507494586462,"(1, 1, 1)(1, 0, 1, 7)",add
2022-03-20,BAGUETTE,32.0,40.64622718613453,40.71275423740453,"(1, 1, 1)(1, 0, 1, 7)",add
2022-03-21,BAGUETTE,30.0,18.584161681876793,18.806714862427906,"(1, 1, 1)(1, 0, 1, 7)",add
2022-03-22,BAGUETTE,17.0,26.499250342917712,22.292032340712346,"(1, 1, 1)(1, 0, 1, 7)",add
2022-03-23,BAGUETTE,16.0,5.858862940409718,4.657615664851416,"(1, 1, 1)(1, 0, 1, 7)",add
2022-03-24,BAGUETTE,12.0,22.811151568913974,21.804404136157785,"(1, 1, 1)(1, 0, 1, 7)",add
2022-03-25,BAGUETTE,26.0,20.54001632545291,22.702221047028456,"(1, 1, 1)(1, 0, 1, 7)",add
2022-03-26,BAGUETTE,32.0,28.443251804286138,27.80896895295026,"(1, 1, 1)(1, 0, 1, 7)",add
2022-03-27,BAGUETTE,42.0,39.93583894708435,41.178218841395136,"(1, 1, 1)(1, 0, 1, 7)",add
2022-03-28,BAGUETTE,23.0,24.396257518145532,23.4366178727817,"(1, 1, 1)(1, 0, 1, 7)",add
2022-03-29,BAGUETTE,20.0,22.79928632858145,22.643779232748248,"(1, 1, 1)(1, 0, 1, 7)",add
2022-03-30,BAGUETTE,15.0,9.018569040150462,7.3078584206347195,"(1, 1, 1)(1, 0, 1, 7)",add
2022-03-31,BAGUETTE,25.0,20.808986193962408,21.469650480990396,"(1, 1, 1)(1, 0, 1, 7)",add
2022-04-01,BAGUETTE,29.0,26.66076178339514,26.676464774016647,"(1, 1, 1)(1, 0, 1, 7)",add
2022-04-02,BAGUETTE,23.0,30.360020744234696,31.14255506875192,"(1, 1, 1)(1, 0, 1, 7)",add
2022-04-03,BAGUETTE,32.0,40.45607207607934,43.23448981526219,"(1, 1, 1)(1, 0, 1, 7)",add
2022-04-04,BAGUETTE,16.0,24.44159228435292,25.18097362549918,"(1, 1, 1)(1, 0, 1, 7)",add
2022-04-05,BAGUETTE,15.0,23.482507051331815,24.258186230558703,"(1, 1, 1)(1, 0, 1, 7)",add
2022-04-06,BAGUETTE,27.0,12.229034561467856,10.57218674964172,"(1, 1, 1)(1, 0, 1, 7)",add
2022-04-07,BAGUETTE,14.0,21.226795411693303,22.234543756973384,"(1, 1, 1)(1, 0, 1, 7)",add
2022-04-08,BAGUETTE,23.0,25.611615230885526,26.65720238266772,"(1, 1, 1)(1, 0, 1, 7)",add
2022-04-09,BAGUETTE,36.0,29.970555409969506,31.123292677402993,"(1, 1, 1)(1, 0, 1, 7)",add
2022-04-10,BAGUETTE,48.0,40.08779292365207,43.21522742391326,"(1, 1, 1)(1, 0, 1, 7)",add
2022-04-11,BAGUETTE,34.0,24.38905283798266,25.161711234150253,"(1, 1, 1)(1, 0, 1, 7)",add
2022-04-12,BAGUETTE,16.0,23.458893010010616,24.238923839209775,"(1, 1, 1)(1, 0, 1, 7)",add
2022-04-13,BAGUETTE,36.0,12.395885634841756,10.552924358292792,"(1, 1, 1)(1, 0, 1, 7)",add
2022-04-14,BAGUETTE,29.0,21.24497167583845,22.215281365624456,"(1, 1, 1)(1, 0, 1, 7)",add
2022-04-15,BAGUETTE,38.0,25.55713791218539,26.63793999131879,"(1, 1, 1)(1, 0, 1, 7)",add
2022-04-16,BAGUETTE,57.0,29.843682228735677,31.104030286054066,"(1, 1, 1)(1, 0, 1, 7)",add
2022-04-17,BAGUETTE,36.0,39.79276054214155,43.19596503256433,"(1, 1, 1)(1, 0, 1, 7)",add
2022-04-18,BAGUETTE,68.0,24.354979258240583,25.142448842801326,"(1, 1, 1)(1, 0, 1, 7)",add
2022-04-19,BAGUETTE,28.0,23.44028225027229,24.219661447860847,"(1, 1, 1)(1, 0, 1, 7)",add
2022-04-20,BAGUETTE,20.0,12.561171615948751,10.533661966943864,"(1, 1, 1)(1, 0, 1, 7)",add
2022-04-21,BAGUETTE,47.0,21.26316251077946,22.19601897427553,"(1, 1, 1)(1, 0, 1, 7)",add
2022-04-22,BAGUETTE,28.0,25.50364915548853,26.61867759996986,"(1, 1, 1)(1, 0, 1, 7)",add
2022-04-23,BAGUETTE,32.0,29.718939769846326,31.084767894705138,"(1, 1, 1)(1, 0, 1, 7)",add
2022-04-24,BAGUETTE,41.0,39.50263808090024,43.1767026412154,"(1, 1, 1)(1, 0, 1, 7)",add
2022-04-25,BAGUETTE,24.0,24.321473565831774,25.123186451452398,"(1, 1, 1)(1, 0, 1, 7)",add
2022-04-26,BAGUETTE,19.0,23.42198124223153,24.20039905651192,"(1, 1, 1)(1, 0, 1, 7)",add
2022-04-27,BAGUETTE,19.0,12.723710209396172,10.514399575594936,"(1, 1, 1)(1, 0, 1, 7)",add
2022-04-28,BAGUETTE,22.0,21.281050992817363,22.1767565829266,"(1, 1, 1)(1, 0, 1, 7)",add
2022-04-29,BAGUETTE,25.0,25.451049530492824,26.599415208620933,"(1, 1, 1)(1, 0, 1, 7)",add
2022-04-30,BAGUETTE,52.0,29.596270862501008,31.06550550335621,"(1, 1, 1)(1, 0, 1, 7)",add
2022-05-01,BAGUETTE,64.0,39.21733822302225,43.157440249866475,"(1, 1, 1)(1, 0, 1, 7)",add
2022-05-02,BAGUETTE,24.0,24.288524826803293,25.10392406010347,"(1, 1, 1)(1, 0, 1, 7)",add
2022-05-03,BAGUETTE,22.0,23.403984445396407,24.18113666516299,"(1, 1, 1)(1, 0, 1, 7)",add
2022-05-04,BAGUETTE,0.0,12.88354698140297,10.495137184246008,"(1, 1, 1)(1, 0, 1, 7)",add
2022-05-05,BAGUETTE,17.0,21.298642120958753,22.157494191577673,"(1, 1, 1)(1, 0, 1, 7)",add
2022-05-06,BAGUETTE,40.0,25.399324250427284,26.580152817272005,"(1, 1, 1)(1, 0, 1, 7)",add
2022-05-07,BAGUETTE,36.0,29.475641036939457,31.046243112007282,"(1, 1, 1)(1, 0, 1, 7)",add
2022-05-08,BAGUETTE,45.0,38.93678080359635,43.13817785851755,"(1, 1, 1)(1, 0, 1, 7)",add
2022-05-09,BAGUETTE,21.0,24.256123782989526,25.084661668754542,"(1, 1, 1)(1, 0, 1, 7)",add
2022-05-10,BAGUETTE,18.0,23.386286802938578,24.161874273814064,"(1, 1, 1)(1, 0, 1, 7)",add
2022-05-11,BAGUETTE,27.0,13.040726843380956,10.47587479289708,"(1, 1, 1)(1, 0, 1, 7)",add
2022-05-12,BAGUETTE,24.0,21.315940838009823,22.138231800228745,"(1, 1, 1)(1, 0, 1, 7)",add
2022-05-13,BAGUETTE,22.0,25.348458781365338,26.560890425923077,"(1, 1, 1)(1, 0, 1, 7)",add
2022-05-14,BAGUETTE,37.0,29.3570163982275,31.026980720658354,"(1, 1, 1)(1, 0, 1, 7)",add
2022-05-15,BAGUETTE,50.0,38.66088699074842,43.11891546716862,"(1, 1, 1)(1, 0, 1, 7)",add
2022-05-16,BAGUETTE,37.0,24.22426133024697,25.065399277405614,"(1, 1, 1)(1, 0, 1, 7)",add
2022-05-17,BAGUETTE,23.0,23.368883342120828,24.142611882465136,"(1, 1, 1)(1, 0, 1, 7)",add
2022-05-18,BAGUETTE,25.0,13.195293960204163,10.456612401548153,"(1, 1, 1)(1, 0, 1, 7)",add
2022-05-19,BAGUETTE,19.0,21.332952004616516,22.118969408879817,"(1, 1, 1)(1, 0, 1, 7)",add
2022-05-20,BAGUETTE,29.0,25.29843883097331,26.54162803457415,"(1, 1, 1)(1, 0, 1, 7)",add
2022-05-21,BAGUETTE,45.0,29.240363614854594,31.007718329309427,"(1, 1, 1)(1, 0, 1, 7)",add
2022-05-22,BAGUETTE,57.0,38.38957926299869,43.09965307581969,"(1, 1, 1)(1, 0, 1, 7)",add
2022-05-23,BAGUETTE,28.0,24.19292851576707,25.046136886056686,"(1, 1, 1)(1, 0, 1, 7)",add
2022-05-24,BAGUETTE,20.0,23.351769172865975,24.12334949111621,"(1, 1, 1)(1, 0, 1, 7)",add
2022-05-25,BAGUETTE,31.0,13.347291762609558,10.437350010199225,"(1, 1, 1)(1, 0, 1, 7)",add
2022-05-26,BAGUETTE,45.0,21.34968040062798,22.09970701753089,"(1, 1, 1)(1, 0, 1, 7)",add
2022-05-27,BAGUETTE,64.0,25.24925034449393,26.52236564322522,"(1, 1, 1)(1, 0, 1, 7)",add
2022-05-28,BAGUETTE,55.0,29.1256499093681,30.9884559379605,"(1, 1, 1)(1, 0, 1, 7)",add
2022-05-29,BAGUETTE,71.0,38.12278138747948,43.08039068447076,"(1, 1, 1)(1, 0, 1, 7)",add
2022-05-30,BAGUETTE,35.0,24.162116535560646,25.02687449470776,"(1, 1, 1)(1, 0, 1, 7)",add
2022-05-31,BAGUETTE,29.0,23.334939486382876,24.10408709976728,"(1, 1, 1)(1, 0, 1, 7)",add
2022-06-01,BAGUETTE,33.0,13.496762959400376,10.418087618850297,"(1, 1, 1)(1, 0, 1, 7)",add
2022-06-02,BAGUETTE,33.0,21.366130726439643,22.08044462618196,"(1, 1, 1)(1, 0, 1, 7)",add
2022-06-03,BAGUETTE,36.0,25.20087950079718,26.503103251876293,"(1, 1, 1)(1, 0, 1, 7)",add
2022-06-04,BAGUETTE,36.0,29.012843049163347,30.96919354661157,"(1, 1, 1)(1, 0, 1, 7)",add
2022-06-05,BAGUETTE,86.0,37.86041839851506,43.06112829312183,"(1, 1, 1)(1, 0, 1, 7)",add
2022-06-06,BAGUETTE,62.0,24.13181673198411,25.00761210335883,"(1, 1, 1)(1, 0, 1, 7)",add
2022-06-07,BAGUETTE,44.0,23.31838955381521,24.084824708418353,"(1, 1, 1)(1, 0, 1, 7)",add
2022-06-08,BAGUETTE,36.0,13.643749549446534,10.39882522750137,"(1, 1, 1)(1, 0, 1, 7)",add
2022-06-09,BAGUETTE,18.0,21.3823076043139,22.061182234833034,"(1, 1, 1)(1, 0, 1, 7)",add
2022-06-10,BAGUETTE,16.0,25.153312708496774,26.483840860527366,"(1, 1, 1)(1, 0, 1, 7)",add
2022-06-11,BAGUETTE,42.0,28.90191133742683,30.949931155262643,"(1, 1, 1)(1, 0, 1, 7)",add
2022-06-12,BAGUETTE,47.0,37.60241657655756,43.04186590177291,"(1, 1, 1)(1, 0, 1, 7)",add
2022-06-13,BAGUETTE,39.0,24.102020591306804,24.988349712009903,"(1, 1, 1)(1, 0, 1, 7)",add
2022-06-14,BAGUETTE,34.0,23.302114724912748,24.065562317069425,"(1, 1, 1)(1, 0, 1, 7)",add
2022-06-15,BAGUETTE,32.0,13.788292833485611,10.379562836152441,"(1, 1, 1)(1, 0, 1, 7)",add
2022-06-16,BAGUETTE,25.0,21.398215579678926,22.041919843484106,"(1, 1, 1)(1, 0, 1, 7)",add
2022-06-17,BAGUETTE,21.0,25.10653660213124,26.464578469178438,"(1, 1, 1)(1, 0, 1, 7)",add
2022-06-18,BAGUETTE,38.0,28.79282360422996,30.930668763913715,"(1, 1, 1)(1, 0, 1, 7)",add
2022-06-19,BAGUETTE,52.0,37.348703427473055,43.02260351042398,"(1, 1, 1)(1, 0, 1, 7)",add
2022-06-20,BAGUETTE,16.0,24.072719741318817,24.969087320660975,"(1, 1, 1)(1, 0, 1, 7)",add
2022-06-21,BAGUETTE,28.0,23.286110426724754,24.046299925720493,"(1, 1, 1)(1, 0, 1, 7)",add
2022-06-22,BAGUETTE,20.0,13.930433425727681,10.360300444803514,"(1, 1, 1)(1, 0, 1, 7)",add
2022-06-23,BAGUETTE,33.0,21.41385912240586,22.022657452135178,"(1, 1, 1)(1, 0, 1, 7)",add
2022-06-24,BAGUETTE,31.0,25.06053803840843,26.44531607782951,"(1, 1, 1)(1, 0, 1, 7)",add
2022-06-25,BAGUETTE,33.0,28.685549197770808,30.911406372564787,"(1, 1, 1)(1, 0, 1, 7)",add
2022-06-26,BAGUETTE,44.0,37.0992076621719,43.003341119075046,"(1, 1, 1)(1, 0, 1, 7)",add
2022-06-27,BAGUETTE,29.0,24.043905948978505,24.949824929312047,"(1, 1, 1)(1, 0, 1, 7)",add
2022-06-28,BAGUETTE,32.0,23.270372162315006,24.027037534371566,"(1, 1, 1)(1, 0, 1, 7)",add
2022-06-29,BAGUETTE,17.0,14.070211265267176,10.341038053454586,"(1, 1, 1)(1, 0, 1, 7)",add
2022-06-30,BAGUETTE,27.0,21.429242628064763,22.00339506078625,"(1, 1, 1)(1, 0, 1, 7)",add
2022-07-01,BAGUETTE,39.0,28.354395161279548,29.115427777859647,"(1, 1, 1)(1, 0, 1, 7)",add
2022-07-02,BAGUETTE,42.0,36.28762508905521,37.39550063273858,"(1, 1, 1)(1, 0, 1, 7)",add
2022-07-03,BAGUETTE,74.0,49.107727546723154,50.265282878127366,"(1, 1, 1)(1, 0, 1, 7)",add
2022-07-04,BAGUETTE,46.0,29.972740513193504,30.410497897628147,"(1, 1, 1)(1, 0, 1, 7)",add
2022-07-05,BAGUETTE,29.0,26.356340807842415,25.91387272992168,"(1, 1, 1)(1, 0, 1, 7)",add
2022-07-06,BAGUETTE,36.0,22.14009462207961,20.272313787578398,"(1, 1, 1)(1, 0, 1, 7)",add
2022-07-07,BAGUETTE,31.0,25.318967303258006,25.299740112792108,"(1, 1, 1)(1, 0, 1, 7)",add
2022-07-08,BAGUETTE,33.0,27.708548173845674,29.16960743553315,"(1, 1, 1)(1, 0, 1, 7)",add
2022-07-09,BAGUETTE,35.0,35.7865559624673,37.44968029041209,"(1, 1, 1)(1, 0, 1, 7)",add
2022-07-10,BAGUETTE,57.0,48.48932238822579,50.31946253580087,"(1, 1, 1)(1, 0, 1, 7)",add
2022-07-11,BAGUETTE,69.0,29.637177766877773,30.46467755530165,"(1, 1, 1)(1, 0, 1, 7)",add
2022-07-12,BAGUETTE,56.0,26.07504194586256,25.96805238759518,"(1, 1, 1)(1, 0, 1, 7)",add
2022-07-13,BAGUETTE,51.0,21.918685950880327,20.3264934452519,"(1, 1, 1)(1, 0, 1, 7)",add
2022-07-14,BAGUETTE,77.0,25.053287872994783,25.353919770465613,"(1, 1, 1)(1, 0, 1, 7)",add
2022-07-15,BAGUETTE,79.0,27.409480545300624,29.22378709320665,"(1, 1, 1)(1, 0, 1, 7)",add
2022-07-16,BAGUETTE,99.0,35.374455237912166,37.50385994808559,"(1, 1, 1)(1, 0, 1, 7)",add
2022-07-17,BAGUETTE,94.0,47.899458879000434,50.37364219347437,"(1, 1, 1)(1, 0, 1, 7)",add
2022-07-18,BAGUETTE,50.0,29.311136882375845,30.51885721297515,"(1, 1, 1)(1, 0, 1, 7)",add
2022-07-19,BAGUETTE,36.0,25.798850709577884,26.02223204526868,"(1, 1, 1)(1, 0, 1, 7)",add
2022-07-20,BAGUETTE,47.0,21.700659899334212,20.380673102925407,"(1, 1, 1)(1, 0, 1, 7)",add
2022-07-21,BAGUETTE,40.0,24.791395386994385,25.408099428139113,"(1, 1, 1)(1, 0, 1, 7)",add
2022-07-22,BAGUETTE,38.0,27.114614880886272,29.277966750880154,"(1, 1, 1)(1, 0, 1, 7)",add
2022-07-23,BAGUETTE,85.0,34.96812561988369,37.55803960575909,"(1, 1, 1)(1, 0, 1, 7)",add
2022-07-24,BAGUETTE,82.0,47.31785106042569,50.42782185114787,"(1, 1, 1)(1, 0, 1, 7)",add
2022-07-25,BAGUETTE,63.0,28.989658939001288,30.573036870648654,"(1, 1, 1)(1, 0, 1, 7)",add
2022-07-26,BAGUETTE,53.0,25.52652462423549,26.07641170294218,"(1, 1, 1)(1, 0, 1, 7)",add
2022-07-27,BAGUETTE,53.0,21.48568497587172,20.434852760598908,"(1, 1, 1)(1, 0, 1, 7)",add
2022-07-28,BAGUETTE,47.0,24.533167896855687,25.462279085812618,"(1, 1, 1)(1, 0, 1, 7)",add
2022-07-29,BAGUETTE,64.0,26.823875645091878,29.332146408553655,"(1, 1, 1)(1, 0, 1, 7)",add
2022-07-30,BAGUETTE,68.0,34.56748228577968,37.61221926343259,"(1, 1, 1)(1, 0, 1, 7)",add
2022-07-31,BAGUETTE,70.0,46.744382414939004,50.48200150882137,"(1, 1, 1)(1, 0, 1, 7)",add
2022-08-01,BAGUETTE,48.0,28.67267984267237,30.627216528322155,"(1, 1, 1)(1, 0, 1, 7)",add
2022-08-02,BAGUETTE,49.0,25.258009541879268,26.13059136061569,"(1, 1, 1)(1, 0, 1, 7)",add
2022-08-03,BAGUETTE,57.0,21.273718468124567,20.48903241827241,"(1, 1, 1)(1, 0, 1, 7)",add
2022-08-04,BAGUETTE,40.0,24.278554110244873,25.51645874348612,"(1, 1, 1)(1, 0, 1, 7)",add
2022-08-05,BAGUETTE,70.0,26.53720509075925,29.38632606622716,"(1, 1, 1)(1, 0, 1, 7)",add
2022-08-06,BAGUETTE,55.0,34.17244566004368,37.666398921106094,"(1, 1, 1)(1, 0, 1, 7)",add
2022-08-07,BAGUETTE,67.0,46.17893904075909,50.53618116649487,"(1, 1, 1)(1, 0, 1, 7)",add
2022-08-08,BAGUETTE,61.0,28.360136635326455,30.68139618599566,"(1, 1, 1)(1, 0, 1, 7)",add
2022-08-09,BAGUETTE,52.0,24.99325213032655,26.18477101828919,"(1, 1, 1)(1, 0, 1, 7)",add
2022-08-10,BAGUETTE,57.0,21.064718275529962,20.54321207594591,"(1, 1, 1)(1, 0, 1, 7)",add
2022-08-11,BAGUETTE,51.0,24.027503456042563,25.57063840115962,"(1, 1, 1)(1, 0, 1, 7)",add
2022-08-12,BAGUETTE,54.0,26.254546279688064,29.44050572390066,"(1, 1, 1)(1, 0, 1, 7)",add
2022-08-13,BAGUETTE,54.0,33.782937280921665,37.720578578779595,"(1, 1, 1)(1, 0, 1, 7)",add
2022-08-14,BAGUETTE,81.0,45.621408630125,50.59036082416837,"(1, 1, 1)(1, 0, 1, 7)",add
2022-08-15,BAGUETTE,60.0,28.05196723996448,30.73557584366916,"(1, 1, 1)(1, 0, 1, 7)",add
2022-08-16,BAGUETTE,35.0,24.732199803742144,26.23895067596269,"(1, 1, 1)(1, 0, 1, 7)",add
2022-08-17,BAGUETTE,41.0,20.858642886692184,20.59739173361941,"(1, 1, 1)(1, 0, 1, 7)",add
2022-08-18,BAGUETTE,71.0,23.779966070835123,25.624818058833124,"(1, 1, 1)(1, 0, 1, 7)",add
2022-08-19,BAGUETTE,53.0,25.975843070486224,29.49468538157416,"(1, 1, 1)(1, 0, 1, 7)",add
2022-08-20,BAGUETTE,61.0,33.3988797846741,37.774758236453096,"(1, 1, 1)(1, 0, 1, 7)",add
2022-08-21,BAGUETTE,73.0,45.07168044694019,50.64454048184188,"(1, 1, 1)(1, 0, 1, 7)",add
2022-08-22,BAGUETTE,50.0,27.748110448309244,30.78975550134266,"(1, 1, 1)(1, 0, 1, 7)",add
2022-08-23,BAGUETTE,42.0,24.47480071219089,26.293130333636192,"(1, 1, 1)(1, 0, 1, 7)",add
2022-08-24,BAGUETTE,47.0,20.655451371136913,20.65157139129292,"(1, 1, 1)(1, 0, 1, 7)",add
2022-08-25,BAGUETTE,35.0,23.535892789010656,25.678997716506625,"(1, 1, 1)(1, 0, 1, 7)",add
2022-08-26,BAGUETTE,37.0,25.701040107419054,29.548865039247666,"(1, 1, 1)(1, 0, 1, 7)",add
2022-08-27,BAGUETTE,43.0,33.02019689020999,37.828937894126604,"(1, 1, 1)(1, 0, 1, 7)",add
2022-08-28,BAGUETTE,46.0,44.52964530477821,50.69872013951538,"(1, 1, 1)(1, 0, 1, 7)",add
2022-08-29,BAGUETTE,39.0,27.4485059086483,30.843935159016166,"(1, 1, 1)(1, 0, 1, 7)",add
2022-08-30,BAGUETTE,35.0,24.22100373133927,26.347309991309693,"(1, 1, 1)(1, 0, 1, 7)",add
2022-08-31,BAGUETTE,16.0,20.455103371181657,20.70575104896642,"(1, 1, 1)(1, 0, 1, 7)",add
2022-09-01,BAGUETTE,0.0,23.29523513299379,25.73317737418013,"(1, 1, 1)(1, 0, 1, 7)",add
2022-09-02,BAGUETTE,34.0,25.430082809414607,29.603044696921167,"(1, 1, 1)(1, 0, 1, 7)",add
2022-09-03,BAGUETTE,38.0,32.646813383936006,37.883117551800105,"(1, 1, 1)(1, 0, 1, 7)",add
2022-09-04,BAGUETTE,43.0,43.995195545196225,50.75289979718889,"(1, 1, 1)(1, 0, 1, 7)",add
2022-09-05,BAGUETTE,21.0,27.153094113846983,30.898114816689667,"(1, 1, 1)(1, 0, 1, 7)",add
2022-09-06,BAGUETTE,20.0,23.970758452301176,26.4014896489832,"(1, 1, 1)(1, 0, 1, 7)",add
2022-09-07,BAGUETTE,18.0,20.25755909391999,20.75993070663992,"(1, 1, 1)(1, 0, 1, 7)",add
2022-09-08,BAGUETTE,20.0,23.05794530361712,25.78735703185363,"(1, 1, 1)(1, 0, 1, 7)",add
2022-09-09,BAGUETTE,25.0,25.162917359222856,29.65722435459467,"(1, 1, 1)(1, 0, 1, 7)",add
2022-09-10,BAGUETTE,31.0,32.2786551048177,37.937297209473606,"(1, 1, 1)(1, 0, 1, 7)",add
2022-09-11,BAGUETTE,41.0,43.46822501635204,50.80707945486239,"(1, 1, 1)(1, 0, 1, 7)",add
2022-09-12,BAGUETTE,26.0,26.861816389529135,30.95229447436317,"(1, 1, 1)(1, 0, 1, 7)",add
2022-09-13,BAGUETTE,27.0,23.724015171625723,26.455669306656702,"(1, 1, 1)(1, 0, 1, 7)",add
2022-09-14,BAGUETTE,22.0,20.06277930331789,20.81411036431342,"(1, 1, 1)(1, 0, 1, 7)",add
2022-09-15,BAGUETTE,26.0,22.823976170627382,25.841536689527132,"(1, 1, 1)(1, 0, 1, 7)",add
2022-09-16,BAGUETTE,25.0,24.899490692726534,29.711404012268172,"(1, 1, 1)(1, 0, 1, 7)",add
2022-09-17,BAGUETTE,34.0,31.91564892964965,37.991476867147114,"(1, 1, 1)(1, 0, 1, 7)",add
2022-09-18,BAGUETTE,47.0,42.948629051920264,50.86125911253589,"(1, 1, 1)(1, 0, 1, 7)",add
2022-09-19,BAGUETTE,0.0,26.57461488242327,31.006474132036672,"(1, 1, 1)(1, 0, 1, 7)",add
2022-09-20,BAGUETTE,20.0,23.4807248814252,26.509848964330203,"(1, 1, 1)(1, 0, 1, 7)",add
2022-09-21,BAGUETTE,11.0,19.87072531242071,20.868290021986923,"(1, 1, 1)(1, 0, 1, 7)",add
2022-09-22,BAGUETTE,34.0,22.593281263324478,25.895716347200636,"(1, 1, 1)(1, 0, 1, 7)",add
2022-09-23,BAGUETTE,12.0,24.6397504884016,29.765583669941673,"(1, 1, 1)(1, 0, 1, 7)",add
2022-09-24,BAGUETTE,28.0,31.55772275853182,38.045656524820615,"(1, 1, 1)(1, 0, 1, 7)",add
2022-09-25,BAGUETTE,36.0,42.43630445030367,50.91543877020939,"(1, 1, 1)(1, 0, 1, 7)",add
2022-09-26,BAGUETTE,18.0,26.291432548871835,31.060653789710173,"(1, 1, 1)(1, 0, 1, 7)",add
2022-09-27,BAGUETTE,34.0,23.240839259641213,26.564028622003704,"(1, 1, 1)(1, 0, 1, 7)",add
2022-09-28,BAGUETTE,23.0,19.681358975669276,20.92246967966043,"(1, 1, 1)(1, 0, 1, 7)",add
2022-09-29,BAGUETTE,30.0,22.365814761331553,25.949896004874137,"(1, 1, 1)(1, 0, 1, 7)",add
2022-09-30,BAGUETTE,35.0,24.38364515692523,29.819763327615178,"(1, 1, 1)(1, 0, 1, 7)",add
2021-01-02,BANETTE,40.0,0.0,33.948031150574515,"(1, 1, 1)(1, 0, 1, 7)",add
2021-01-03,BANETTE,35.0,39.995668497987474,42.49685078353747,"(1, 1, 1)(1, 0, 1, 7)",add
2021-01-04,BANETTE,24.0,36.932808786485126,23.200847207844195,"(1, 1, 1)(1, 0, 1, 7)",add
2021-01-05,BANETTE,26.0,30.642780570211947,23.765292471776895,"(1, 1, 1)(1, 0, 1, 7)",add
2021-01-06,BANETTE,0.0,29.685060086032347,6.142043269701492,"(1, 1, 1)(1, 0, 1, 7)",add
2021-01-07,BANETTE,21.0,17.425991454017154,23.03069390968268,"(1, 1, 1)(1, 0, 1, 7)",add
2021-01-08,BANETTE,20.0,22.91789665359108,23.467273491492303,"(1, 1, 1)(1, 0, 1, 7)",add
2021-01-09,BANETTE,30.0,27.050990044700605,31.238651052503613,"(1, 1, 1)(1, 0, 1, 7)",add
2021-01-10,BANETTE,35.0,26.125755042389436,36.64581689809086,"(1, 1, 1)(1, 0, 1, 7)",add
2021-01-11,BANETTE,21.0,24.127775245765427,19.696505806190192,"(1, 1, 1)(1, 0, 1, 7)",add
2021-01-12,BANETTE,18.0,22.879638676380136,20.51203837326909,"(1, 1, 1)(1, 0, 1, 7)",add
2021-01-13,BANETTE,0.0,7.836070306941508,0.8734520962909471,"(1, 1, 1)(1, 0, 1, 7)",add
2021-01-14,BANETTE,21.0,15.856064667012998,19.64764166615654,"(1, 1, 1)(1, 0, 1, 7)",add
2021-01-15,BANETTE,24.0,18.798802775033714,21.01878287206825,"(1, 1, 1)(1, 0, 1, 7)",add
2021-01-16,BANETTE,22.0,27.957937284347327,30.908038231640816,"(1, 1, 1)(1, 0, 1, 7)",add
2021-01-17,BANETTE,37.0,24.737774236894776,33.94833172324127,"(1, 1, 1)(1, 0, 1, 7)",add
2021-01-18,BANETTE,21.0,22.11853791759153,18.631637972363382,"(1, 1, 1)(1, 0, 1, 7)",add
2021-01-19,BANETTE,17.0,20.128654135197927,19.513480520860043,"(1, 1, 1)(1, 0, 1, 7)",add
2021-01-20,BANETTE,0.0,4.047709227279334,-0.014535831233573049,"(1, 1, 1)(1, 0, 1, 7)",add
2021-01-21,BANETTE,21.0,16.810846486553494,19.181297171948543,"(1, 1, 1)(1, 0, 1, 7)",add
2021-01-22,BANETTE,21.0,20.044501016275625,20.805031834426515,"(1, 1, 1)(1, 0, 1, 7)",add
2021-01-23,BANETTE,25.0,24.615418677551812,29.038970891144764,"(1, 1, 1)(1, 0, 1, 7)",add
2021-01-24,BANETTE,28.0,28.561507822494303,34.37464707959221,"(1, 1, 1)(1, 0, 1, 7)",add
2021-01-25,BANETTE,17.0,17.969976129132952,16.136481505721747,"(1, 1, 1)(1, 0, 1, 7)",add
2021-01-26,BANETTE,22.0,16.312140057747687,16.228590600684132,"(1, 1, 1)(1, 0, 1, 7)",add
2021-01-27,BANETTE,0.0,3.618057309870835,-0.6011331345921356,"(1, 1, 1)(1, 0, 1, 7)",add
2021-01-28,BANETTE,20.0,17.336241883301934,18.895849048132305,"(1, 1, 1)(1, 0, 1, 7)",add
2021-01-29,BANETTE,24.0,19.462243924904755,20.191630107239764,"(1, 1, 1)(1, 0, 1, 7)",add
2021-01-30,BANETTE,34.0,25.468309035450325,29.24087756719825,"(1, 1, 1)(1, 0, 1, 7)",add
2021-01-31,BANETTE,25.0,32.29117642699515,37.101879707466885,"(1, 1, 1)(1, 0, 1, 7)",add
2021-02-01,BANETTE,20.0,17.93963536725908,17.60718113596461,"(1, 1, 1)(1, 0, 1, 7)",add
2021-02-02,BANETTE,17.0,19.44317213165542,18.498248123719417,"(1, 1, 1)(1, 0, 1, 7)",add
2021-02-03,BANETTE,0.0,1.841478242350309,-0.8991118035995207,"(1, 1, 1)(1, 0, 1, 7)",add
2021-02-04,BANETTE,16.0,17.863852125540824,18.722836826185883,"(1, 1, 1)(1, 0, 1, 7)",add
2021-02-05,BANETTE,20.0,18.75477392771128,19.03452784443337,"(1, 1, 1)(1, 0, 1, 7)",add
2021-02-06,BANETTE,26.0,24.890075254099017,27.281056127209062,"(1, 1, 1)(1, 0, 1, 7)",add
2021-02-07,BANETTE,29.0,26.564247952121523,32.15741801281192,"(1, 1, 1)(1, 0, 1, 7)",add
2021-02-08,BANETTE,13.0,18.18546226400126,16.37290265236689,"(1, 1, 1)(1, 0, 1, 7)",add
2021-02-09,BANETTE,23.0,15.264748887234987,15.241721398101381,"(1, 1, 1)(1, 0, 1, 7)",add
2021-02-10,BANETTE,0.0,2.5034793746955977,-1.1698324867727337,"(1, 1, 1)(1, 0, 1, 7)",add
2021-02-11,BANETTE,23.0,17.03941811185132,18.289313102815925,"(1, 1, 1)(1, 0, 1, 7)",add
2021-02-12,BANETTE,13.0,21.50252003370603,21.11822288362822,"(1, 1, 1)(1, 0, 1, 7)",add
2021-02-13,BANETTE,34.0,22.881680249875643,26.441880039772897,"(1, 1, 1)(1, 0, 1, 7)",add
2021-02-14,BANETTE,38.0,29.850604080231555,33.887216094901376,"(1, 1, 1)(1, 0, 1, 7)",add
2021-02-15,BANETTE,23.0,21.882463114568125,20.305632192098862,"(1, 1, 1)(1, 0, 1, 7)",add
2021-02-16,BANETTE,28.0,22.560596769038952,21.779174743164457,"(1, 1, 1)(1, 0, 1, 7)",add
2021-02-17,BANETTE,0.0,7.10246173334415,4.452323089809401,"(1, 1, 1)(1, 0, 1, 7)",add
2021-02-18,BANETTE,27.0,20.832943439101925,22.436503028260752,"(1, 1, 1)(1, 0, 1, 7)",add
2021-02-19,BANETTE,26.0,23.87108728870201,24.35139342847105,"(1, 1, 1)(1, 0, 1, 7)",add
2021-02-20,BANETTE,26.0,32.229513335292815,33.71612256700319,"(1, 1, 1)(1, 0, 1, 7)",add
2021-02-21,BANETTE,34.0,31.267941680451848,36.26915371969223,"(1, 1, 1)(1, 0, 1, 7)",add
2021-02-22,BANETTE,29.0,22.051448477839585,20.644881061040735,"(1, 1, 1)(1, 0, 1, 7)",add
2021-02-23,BANETTE,32.0,26.545968122088752,24.083952863995925,"(1, 1, 1)(1, 0, 1, 7)",add
2021-02-24,BANETTE,0.0,9.144459474940664,6.551094455499374,"(1, 1, 1)(1, 0, 1, 7)",add
2021-02-25,BANETTE,38.0,23.30839663156111,24.505912461047295,"(1, 1, 1)(1, 0, 1, 7)",add
2021-02-26,BANETTE,35.0,29.906772769356856,28.947302428096464,"(1, 1, 1)(1, 0, 1, 7)",add
2021-02-27,BANETTE,49.0,37.35140921643876,39.02091587472653,"(1, 1, 1)(1, 0, 1, 7)",add
2021-02-28,BANETTE,61.0,44.165838193768245,47.340290645420936,"(1, 1, 1)(1, 0, 1, 7)",add
2021-03-01,BANETTE,30.0,39.73517767374496,37.29434641857246,"(1, 1, 1)(1, 0, 1, 7)",add
2021-03-02,BANETTE,38.0,35.71013729258657,35.93033054588965,"(1, 1, 1)(1, 0, 1, 7)",add
2021-03-03,BANETTE,0.0,16.70349732825502,15.63412190551054,"(1, 1, 1)(1, 0, 1, 7)",add
2021-03-04,BANETTE,38.0,31.02472672160185,32.1764756929606,"(1, 1, 1)(1, 0, 1, 7)",add
2021-03-05,BANETTE,38.0,34.97199493873209,33.77408486761967,"(1, 1, 1)(1, 0, 1, 7)",add
2021-03-06,BANETTE,40.0,43.53128970397354,43.55650203107376,"(1, 1, 1)(1, 0, 1, 7)",add
2021-03-07,BANETTE,47.0,45.74028458189787,47.99665507057209,"(1, 1, 1)(1, 0, 1, 7)",add
2021-03-08,BANETTE,27.0,33.75000327588046,32.06070025759698,"(1, 1, 1)(1, 0, 1, 7)",add
2021-03-09,BANETTE,32.0,33.71048602634267,32.012369667321394,"(1, 1, 1)(1, 0, 1, 7)",add
2021-03-10,BANETTE,0.0,10.866540440359518,9.88172105112319,"(1, 1, 1)(1, 0, 1, 7)",add
2021-03-11,BANETTE,33.0,30.138728582777873,29.632348452752755,"(1, 1, 1)(1, 0, 1, 7)",add
2021-03-12,BANETTE,31.0,31.958579354317056,30.372642733076727,"(1, 1, 1)(1, 0, 1, 7)",add
2021-03-13,BANETTE,36.0,38.34644194491127,38.530203369530085,"(1, 1, 1)(1, 0, 1, 7)",add
2021-03-14,BANETTE,45.0,41.88276069730758,43.45681694276986,"(1, 1, 1)(1, 0, 1, 7)",add
2021-03-15,BANETTE,28.0,29.76350312946351,28.020226006771622,"(1, 1, 1)(1, 0, 1, 7)",add
2021-03-16,BANETTE,29.0,31.83162640886018,29.8513329233808,"(1, 1, 1)(1, 0, 1, 7)",add
2021-03-17,BANETTE,0.0,6.943580611970884,6.796164900802744,"(1, 1, 1)(1, 0, 1, 7)",add
2021-03-18,BANETTE,22.0,28.913737087314686,28.38554644771787,"(1, 1, 1)(1, 0, 1, 7)",add
2021-03-19,BANETTE,26.0,26.137605819405373,25.965308983436884,"(1, 1, 1)(1, 0, 1, 7)",add
2021-03-20,BANETTE,34.0,33.503869341706924,33.72818054174443,"(1, 1, 1)(1, 0, 1, 7)",add
2021-03-21,BANETTE,41.0,38.85150286077676,39.78541765146241,"(1, 1, 1)(1, 0, 1, 7)",add
2021-03-22,BANETTE,24.0,25.737525296472565,24.142681399066852,"(1, 1, 1)(1, 0, 1, 7)",add
2021-03-23,BANETTE,14.0,27.568427844400162,25.88013217384751,"(1, 1, 1)(1, 0, 1, 7)",add
2021-03-24,BANETTE,0.0,-2.155438766843629,-0.9417455370838361,"(1, 1, 1)(1, 0, 1, 7)",add
2021-03-25,BANETTE,31.0,24.120544288423172,23.035642978309422,"(1, 1, 1)(1, 0, 1, 7)",add
2021-03-26,BANETTE,40.0,26.84825085124245,25.427313504884044,"(1, 1, 1)(1, 0, 1, 7)",add
2021-03-27,BANETTE,37.0,38.176180202557234,37.640575209992555,"(1, 1, 1)(1, 0, 1, 7)",add
2021-03-28,BANETTE,41.0,41.36613954505272,43.48338673449815,"(1, 1, 1)(1, 0, 1, 7)",add
2021-03-29,BANETTE,26.0,26.83699728543025,26.62075873971979,"(1, 1, 1)(1, 0, 1, 7)",add
2021-03-30,BANETTE,38.0,27.614636506435723,27.41720749020788,"(1, 1, 1)(1, 0, 1, 7)",add
2021-03-31,BANETTE,0.0,9.17555647740149,8.3155352105321,"(1, 1, 1)(1, 0, 1, 7)",add
2021-04-01,BANETTE,24.0,28.96743419340273,29.945065365690038,"(1, 1, 1)(1, 0, 1, 7)",add
2021-04-02,BANETTE,39.0,28.770484732443848,28.541832094440366,"(1, 1, 1)(1, 0, 1, 7)",add
2021-04-03,BANETTE,43.0,38.98844114263678,38.46944116311408,"(1, 1, 1)(1, 0, 1, 7)",add
2021-04-04,BANETTE,81.0,44.65929357598297,45.76468725686345,"(1, 1, 1)(1, 0, 1, 7)",add
2021-04-05,BANETTE,48.0,44.72144848429475,40.533064778657256,"(1, 1, 1)(1, 0, 1, 7)",add
2021-04-06,BANETTE,43.0,44.58627606725304,44.55540227161515,"(1, 1, 1)(1, 0, 1, 7)",add
2021-04-07,BANETTE,0.0,18.394268998852986,20.471072183209998,"(1, 1, 1)(1, 0, 1, 7)",add
2021-04-08,BANETTE,34.0,35.17856578696864,38.55355858295676,"(1, 1, 1)(1, 0, 1, 7)",add
2021-04-09,BANETTE,24.0,39.45056922217697,38.68603237594239,"(1, 1, 1)(1, 0, 1, 7)",add
2021-04-10,BANETTE,30.0,38.77434403609736,40.54267141517308,"(1, 1, 1)(1, 0, 1, 7)",add
2021-04-11,BANETTE,34.0,45.97308177783489,45.32050116512879,"(1, 1, 1)(1, 0, 1, 7)",add
2021-04-12,BANETTE,32.0,25.894640681952946,24.007364679460494,"(1, 1, 1)(1, 0, 1, 7)",add
2021-04-13,BANETTE,28.0,31.394331805020077,27.578810217293658,"(1, 1, 1)(1, 0, 1, 7)",add
2021-04-14,BANETTE,25.0,3.04761025362075,2.81588724061044,"(1, 1, 1)(1, 0, 1, 7)",add
2021-04-15,BANETTE,38.0,37.61426877614173,34.9872682156428,"(1, 1, 1)(1, 0, 1, 7)",add
2021-04-16,BANETTE,29.0,36.68611331576101,36.741135980913285,"(1, 1, 1)(1, 0, 1, 7)",add
2021-04-17,BANETTE,30.0,38.323284470980965,40.99678303651602,"(1, 1, 1)(1, 0, 1, 7)",add
2021-04-18,BANETTE,55.0,44.01222023892804,45.583405479061994,"(1, 1, 1)(1, 0, 1, 7)",add
2021-04-19,BANETTE,27.0,35.030878037838875,31.90383376429781,"(1, 1, 1)(1, 0, 1, 7)",add
2021-04-20,BANETTE,25.0,31.588464267753462,31.028701220085278,"(1, 1, 1)(1, 0, 1, 7)",add
2021-04-21,BANETTE,26.0,6.15486160501241,5.772835836720901,"(1, 1, 1)(1, 0, 1, 7)",add
2021-04-22,BANETTE,44.0,38.63106577592767,36.04850624243862,"(1, 1, 1)(1, 0, 1, 7)",add
2021-04-23,BANETTE,35.0,38.78395984843761,38.580231270758745,"(1, 1, 1)(1, 0, 1, 7)",add
2021-04-24,BANETTE,44.0,40.979028082612174,43.88446070010125,"(1, 1, 1)(1, 0, 1, 7)",add
2021-04-25,BANETTE,47.0,52.78116312712743,53.24347369459278,"(1, 1, 1)(1, 0, 1, 7)",add
2021-04-26,BANETTE,38.0,34.127580206404794,33.817155776015056,"(1, 1, 1)(1, 0, 1, 7)",add
2021-04-27,BANETTE,34.0,36.73735947639025,35.637401232937904,"(1, 1, 1)(1, 0, 1, 7)",add
2021-04-28,BANETTE,25.0,15.112581953209112,13.499717952293231,"(1, 1, 1)(1, 0, 1, 7)",add
2021-04-29,BANETTE,27.0,42.03916072037735,40.281903638026876,"(1, 1, 1)(1, 0, 1, 7)",add
2021-04-30,BANETTE,28.0,33.708402879515695,35.55585344415428,"(1, 1, 1)(1, 0, 1, 7)",add
2021-05-01,BANETTE,51.0,37.93656453178547,39.89783187208042,"(1, 1, 1)(1, 0, 1, 7)",add
2021-05-02,BANETTE,54.0,53.470808126016095,52.177139558171746,"(1, 1, 1)(1, 0, 1, 7)",add
2021-05-03,BANETTE,29.0,37.44956148499618,35.91753982465652,"(1, 1, 1)(1, 0, 1, 7)",add
2021-05-04,BANETTE,28.0,33.63652507523256,33.95768146514736,"(1, 1, 1)(1, 0, 1, 7)",add
2021-05-05,BANETTE,31.0,13.536832641296508,11.392284998292013,"(1, 1, 1)(1, 0, 1, 7)",add
2021-05-06,BANETTE,28.0,41.335125010952716,38.9684434645689,"(1, 1, 1)(1, 0, 1, 7)",add
2021-05-07,BANETTE,38.0,33.26831891276548,35.335960758035185,"(1, 1, 1)(1, 0, 1, 7)",add
2021-05-08,BANETTE,49.0,43.589819609015436,44.05920352732408,"(1, 1, 1)(1, 0, 1, 7)",add
2021-05-09,BANETTE,57.0,53.978209991371756,53.830544453859986,"(1, 1, 1)(1, 0, 1, 7)",add
2021-05-10,BANETTE,26.0,38.49583108350483,37.38953959502013,"(1, 1, 1)(1, 0, 1, 7)",add
2021-05-11,BANETTE,30.0,32.76317417103299,34.130676307283316,"(1, 1, 1)(1, 0, 1, 7)",add
2021-05-12,BANETTE,37.0,17.047651865335503,13.854532859500662,"(1, 1, 1)(1, 0, 1, 7)",add
2021-05-13,BANETTE,50.0,42.652787816840366,40.43831101445633,"(1, 1, 1)(1, 0, 1, 7)",add
2021-05-14,BANETTE,72.0,44.067798874060976,43.99141694093201,"(1, 1, 1)(1, 0, 1, 7)",add
2021-05-15,BANETTE,64.0,62.009915972112196,60.59940240910643,"(1, 1, 1)(1, 0, 1, 7)",add
2021-05-16,BANETTE,53.0,68.00944105531569,69.78095402555877,"(1, 1, 1)(1, 0, 1, 7)",add
2021-05-17,BANETTE,0.0,43.345322871315865,46.2684167309021,"(1, 1, 1)(1, 0, 1, 7)",add
2021-05-18,BANETTE,0.0,27.403906851743315,32.86269642687811,"(1, 1, 1)(1, 0, 1, 7)",add
2021-05-19,BANETTE,0.0,8.145073287071662,5.670704211565884,"(1, 1, 1)(1, 0, 1, 7)",add
2021-05-20,BANETTE,0.0,24.890065567103903,22.544816554099988,"(1, 1, 1)(1, 0, 1, 7)",add
2021-05-21,BANETTE,25.0,19.309483888898455,17.554642869828562,"(1, 1, 1)(1, 0, 1, 7)",add
2021-05-22,BANETTE,42.0,30.230117389792937,26.223384927990256,"(1, 1, 1)(1, 0, 1, 7)",add
2021-05-23,BANETTE,93.0,40.877770705523744,37.81257766542924,"(1, 1, 1)(1, 0, 1, 7)",add
2021-05-24,BANETTE,51.0,39.038963437235054,34.253870863285016,"(1, 1, 1)(1, 0, 1, 7)",add
2021-05-25,BANETTE,34.0,38.45965188123836,40.97681449027967,"(1, 1, 1)(1, 0, 1, 7)",add
2021-05-26,BANETTE,30.0,23.120220810162603,23.522621924626268,"(1, 1, 1)(1, 0, 1, 7)",add
2021-05-27,BANETTE,40.0,40.17028361059178,42.95892153805144,"(1, 1, 1)(1, 0, 1, 7)",add
2021-05-28,BANETTE,35.0,45.071116774617,45.97451816581192,"(1, 1, 1)(1, 0, 1, 7)",add
2021-05-29,BANETTE,54.0,47.85931873249911,49.58931860763829,"(1, 1, 1)(1, 0, 1, 7)",add
2021-05-30,BANETTE,43.0,62.74210647472793,60.3816924667924,"(1, 1, 1)(1, 0, 1, 7)",add
2021-05-31,BANETTE,36.0,30.10425718058709,32.08393005872288,"(1, 1, 1)(1, 0, 1, 7)",add
2021-06-01,BANETTE,30.0,32.697962686319045,33.286331242807236,"(1, 1, 1)(1, 0, 1, 7)",add
2021-06-02,BANETTE,30.0,21.083492412829205,17.869281437403053,"(1, 1, 1)(1, 0, 1, 7)",add
2021-06-03,BANETTE,20.0,38.50596634454972,38.39065808641229,"(1, 1, 1)(1, 0, 1, 7)",add
2021-06-04,BANETTE,36.0,34.38621595650002,36.15628873646128,"(1, 1, 1)(1, 0, 1, 7)",add
2021-06-05,BANETTE,48.0,45.24165661689477,44.11313109927884,"(1, 1, 1)(1, 0, 1, 7)",add
2021-06-06,BANETTE,46.0,55.042150601499316,53.2693590329489,"(1, 1, 1)(1, 0, 1, 7)",add
2021-06-07,BANETTE,30.0,29.2638105126236,29.49888896907499,"(1, 1, 1)(1, 0, 1, 7)",add
2021-06-08,BANETTE,30.0,28.164087902346978,29.17172881603566,"(1, 1, 1)(1, 0, 1, 7)",add
2021-06-09,BANETTE,17.0,20.08495003282569,16.05416331325692,"(1, 1, 1)(1, 0, 1, 7)",add
2021-06-10,BANETTE,34.0,29.215526301684235,31.096227877468873,"(1, 1, 1)(1, 0, 1, 7)",add
2021-06-11,BANETTE,36.0,37.175626506748145,36.59233583705068,"(1, 1, 1)(1, 0, 1, 7)",add
2021-06-12,BANETTE,32.0,44.99965585956453,44.69008976570926,"(1, 1, 1)(1, 0, 1, 7)",add
2021-06-13,BANETTE,48.0,46.9054284375904,48.034271023458814,"(1, 1, 1)(1, 0, 1, 7)",add
2021-06-14,BANETTE,33.0,27.818814574232597,26.99704900807413,"(1, 1, 1)(1, 0, 1, 7)",add
2021-06-15,BANETTE,34.0,28.05735273365984,28.370203844660143,"(1, 1, 1)(1, 0, 1, 7)",add
2021-06-16,BANETTE,30.0,20.63370928085313,16.725146384295837,"(1, 1, 1)(1, 0, 1, 7)",add
2021-06-17,BANETTE,30.0,34.987467787624894,35.6604067056004,"(1, 1, 1)(1, 0, 1, 7)",add
2021-06-18,BANETTE,33.0,37.04060268236827,38.307448787079075,"(1, 1, 1)(1, 0, 1, 7)",add
2021-06-19,BANETTE,42.0,42.853706233498144,44.14742627411711,"(1, 1, 1)(1, 0, 1, 7)",add
2021-06-20,BANETTE,48.0,51.164811246936345,51.56468916186478,"(1, 1, 1)(1, 0, 1, 7)",add
2021-06-21,BANETTE,29.0,30.038304745978397,29.859637648606316,"(1, 1, 1)(1, 0, 1, 7)",add
2021-06-22,BANETTE,25.0,28.35321617806831,29.114310976258814,"(1, 1, 1)(1, 0, 1, 7)",add
2021-06-23,BANETTE,23.0,18.56125350004379,15.015074218880343,"(1, 1, 1)(1, 0, 1, 7)",add
2021-06-24,BANETTE,36.0,30.549223152259913,31.05400757213072,"(1, 1, 1)(1, 0, 1, 7)",add
2021-06-25,BANETTE,24.0,37.27109961063297,36.96008603426168,"(1, 1, 1)(1, 0, 1, 7)",add
2021-06-26,BANETTE,33.0,38.49800688124476,40.679967565060835,"(1, 1, 1)(1, 0, 1, 7)",add
2021-06-27,BANETTE,54.0,45.37696631165479,46.31369953580504,"(1, 1, 1)(1, 0, 1, 7)",add
2021-06-28,BANETTE,19.0,30.005306979715378,28.223642999771645,"(1, 1, 1)(1, 0, 1, 7)",add
2021-06-29,BANETTE,23.0,22.84371039135514,24.70666316461067,"(1, 1, 1)(1, 0, 1, 7)",add
2021-06-30,BANETTE,29.0,16.212236637100034,12.161488868280586,"(1, 1, 1)(1, 0, 1, 7)",add
2021-07-01,BANETTE,30.0,31.68981163726094,30.695030367769732,"(1, 1, 1)(1, 0, 1, 7)",add
2021-07-02,BANETTE,36.0,32.487740650443854,33.66741647881717,"(1, 1, 1)(1, 0, 1, 7)",add
2021-07-03,BANETTE,41.0,41.29985139697347,42.40952501851077,"(1, 1, 1)(1, 0, 1, 7)",add
2021-07-04,BANETTE,68.0,50.149070655921754,50.99686730216276,"(1, 1, 1)(1, 0, 1, 7)",add
2021-07-05,BANETTE,39.0,36.03224788813711,34.60299320939429,"(1, 1, 1)(1, 0, 1, 7)",add
2021-07-06,BANETTE,32.0,34.17927812351258,35.749788458309986,"(1, 1, 1)(1, 0, 1, 7)",add
2021-07-07,BANETTE,28.0,26.640151358739207,23.837813249682128,"(1, 1, 1)(1, 0, 1, 7)",add
2021-07-08,BANETTE,41.0,36.20754623277207,37.31701923803335,"(1, 1, 1)(1, 0, 1, 7)",add
2021-07-09,BANETTE,48.0,41.2120993259998,41.82988270797904,"(1, 1, 1)(1, 0, 1, 7)",add
2021-07-10,BANETTE,56.0,50.52931554705701,51.48898376540562,"(1, 1, 1)(1, 0, 1, 7)",add
2021-07-11,BANETTE,87.0,63.34830862887489,63.12959545985869,"(1, 1, 1)(1, 0, 1, 7)",add
2021-07-12,BANETTE,80.0,50.188158706480046,47.976320044666366,"(1, 1, 1)(1, 0, 1, 7)",add
2021-07-13,BANETTE,51.0,57.87060805083199,56.99777701864675,"(1, 1, 1)(1, 0, 1, 7)",add
2021-07-14,BANETTE,79.0,45.73858572152647,44.9361436898164,"(1, 1, 1)(1, 0, 1, 7)",add
2021-07-15,BANETTE,59.0,68.7149784634459,67.50338085016327,"(1, 1, 1)(1, 0, 1, 7)",add
2021-07-16,BANETTE,71.0,64.84499806991052,68.46770240120931,"(1, 1, 1)(1, 0, 1, 7)",add
2021-07-17,BANETTE,80.0,74.88142499373035,76.90480959539448,"(1, 1, 1)(1, 0, 1, 7)",add
2021-07-18,BANETTE,82.0,90.05025351604947,89.42511773228067,"(1, 1, 1)(1, 0, 1, 7)",add
2021-07-19,BANETTE,73.0,66.0426647078605,65.27856089039408,"(1, 1, 1)(1, 0, 1, 7)",add
2021-07-20,BANETTE,74.0,64.50206572478324,64.31158748678641,"(1, 1, 1)(1, 0, 1, 7)",add
2021-07-21,BANETTE,67.0,66.19387044085208,59.74856504368054,"(1, 1, 1)(1, 0, 1, 7)",add
2021-07-22,BANETTE,69.0,71.10114341749383,71.2537615454861,"(1, 1, 1)(1, 0, 1, 7)",add
2021-07-23,BANETTE,73.0,74.54200268985755,74.87195621085277,"(1, 1, 1)(1, 0, 1, 7)",add
2021-07-24,BANETTE,81.0,81.36652314409119,82.00382875167108,"(1, 1, 1)(1, 0, 1, 7)",add
2021-07-25,BANETTE,81.0,93.53755152443767,92.56114678581744,"(1, 1, 1)(1, 0, 1, 7)",add
2021-07-26,BANETTE,80.0,69.93468930672171,68.1791721360263,"(1, 1, 1)(1, 0, 1, 7)",add
2021-07-27,BANETTE,74.0,71.05164700857269,68.59583619631779,"(1, 1, 1)(1, 0, 1, 7)",add
2021-07-28,BANETTE,79.0,69.20846840444504,62.560949478561,"(1, 1, 1)(1, 0, 1, 7)",add
2021-07-29,BANETTE,87.0,77.94232729851105,76.22456688263149,"(1, 1, 1)(1, 0, 1, 7)",add
2021-07-30,BANETTE,67.0,84.99504405110433,83.84274434866263,"(1, 1, 1)(1, 0, 1, 7)",add
2021-07-31,BANETTE,86.0,83.78914075594551,86.4670960427304,"(1, 1, 1)(1, 0, 1, 7)",add
2021-08-01,BANETTE,83.0,96.9429120703327,96.47289645330544,"(1, 1, 1)(1, 0, 1, 7)",add
2021-08-02,BANETTE,88.0,75.04850722831836,73.09187278244973,"(1, 1, 1)(1, 0, 1, 7)",add
2021-08-03,BANETTE,91.0,77.33110722465061,74.01550172047625,"(1, 1, 1)(1, 0, 1, 7)",add
2021-08-04,BANETTE,56.0,80.47911741076433,72.26038940329936,"(1, 1, 1)(1, 0, 1, 7)",add
2021-08-05,BANETTE,60.0,74.32128660933412,75.56645039316267,"(1, 1, 1)(1, 0, 1, 7)",add
2021-08-06,BANETTE,64.0,72.24734775486192,73.27886740276196,"(1, 1, 1)(1, 0, 1, 7)",add
2021-08-07,BANETTE,94.0,79.45126416443028,79.31973075463898,"(1, 1, 1)(1, 0, 1, 7)",add
2021-08-08,BANETTE,80.0,95.43440888904223,93.06461629308914,"(1, 1, 1)(1, 0, 1, 7)",add
2021-08-09,BANETTE,64.0,74.25247858718652,71.73086257022946,"(1, 1, 1)(1, 0, 1, 7)",add
2021-08-10,BANETTE,65.0,67.91080385935805,65.88989954893587,"(1, 1, 1)(1, 0, 1, 7)",add
2021-08-11,BANETTE,85.0,62.678312552100856,56.430553329010266,"(1, 1, 1)(1, 0, 1, 7)",add
2021-08-12,BANETTE,75.0,77.59839732204263,73.45745675516984,"(1, 1, 1)(1, 0, 1, 7)",add
2021-08-13,BANETTE,77.0,76.04289808805676,76.81436219855723,"(1, 1, 1)(1, 0, 1, 7)",add
2021-08-14,BANETTE,79.0,87.44579565531926,87.36522066731541,"(1, 1, 1)(1, 0, 1, 7)",add
2021-08-15,BANETTE,127.0,89.86251128553108,92.20121533944032,"(1, 1, 1)(1, 0, 1, 7)",add
2021-08-16,BANETTE,84.0,92.17664474934664,85.82792567468069,"(1, 1, 1)(1, 0, 1, 7)",add
2021-08-17,BANETTE,45.0,82.0934600063662,82.25091132493269,"(1, 1, 1)(1, 0, 1, 7)",add
2021-08-18,BANETTE,66.0,64.86277369507359,63.6966557670547,"(1, 1, 1)(1, 0, 1, 7)",add
2021-08-19,BANETTE,78.0,72.65477275794782,70.88097042018202,"(1, 1, 1)(1, 0, 1, 7)",add
2021-08-20,BANETTE,48.0,77.20748885420295,75.84686830799868,"(1, 1, 1)(1, 0, 1, 7)",add
2021-08-21,BANETTE,85.0,74.75495846693934,77.26805836554337,"(1, 1, 1)(1, 0, 1, 7)",add
2021-08-22,BANETTE,73.0,92.94847104579219,89.9381946501793,"(1, 1, 1)(1, 0, 1, 7)",add
2021-08-23,BANETTE,64.0,67.12408416984411,65.30292299844848,"(1, 1, 1)(1, 0, 1, 7)",add
2021-08-24,BANETTE,50.0,60.57516556590104,59.4862312197083,"(1, 1, 1)(1, 0, 1, 7)",add
2021-08-25,BANETTE,49.0,57.502690882870844,52.08034936263334,"(1, 1, 1)(1, 0, 1, 7)",add
2021-08-26,BANETTE,62.0,59.65045726438106,57.948799511137494,"(1, 1, 1)(1, 0, 1, 7)",add
2021-08-27,BANETTE,49.0,59.66603624131067,59.610114244936234,"(1, 1, 1)(1, 0, 1, 7)",add
2021-08-28,BANETTE,55.0,68.37103022234508,68.69916341632437,"(1, 1, 1)(1, 0, 1, 7)",add
2021-08-29,BANETTE,65.0,72.15691429848165,73.16112847735376,"(1, 1, 1)(1, 0, 1, 7)",add
2021-08-30,BANETTE,45.0,54.8551354405688,52.2622524286442,"(1, 1, 1)(1, 0, 1, 7)",add
2021-08-31,BANETTE,41.0,43.847110765389196,44.07347106814157,"(1, 1, 1)(1, 0, 1, 7)",add
2021-09-01,BANETTE,29.0,44.27783074759196,39.05756670073687,"(1, 1, 1)(1, 0, 1, 7)",add
2021-09-02,BANETTE,44.0,43.936256219004086,43.28099523446506,"(1, 1, 1)(1, 0, 1, 7)",add
2021-09-03,BANETTE,28.0,42.3068748195843,42.932671463611854,"(1, 1, 1)(1, 0, 1, 7)",add
2021-09-04,BANETTE,43.0,48.894917971362275,50.49399554711328,"(1, 1, 1)(1, 0, 1, 7)",add
2021-09-05,BANETTE,63.0,56.33332754419553,57.22382478221819,"(1, 1, 1)(1, 0, 1, 7)",add
2021-09-06,BANETTE,35.0,43.63011830862689,40.63694972228248,"(1, 1, 1)(1, 0, 1, 7)",add
2021-09-07,BANETTE,44.0,32.09155656607941,33.227690797133086,"(1, 1, 1)(1, 0, 1, 7)",add
2021-09-08,BANETTE,35.0,36.64168179503164,31.961821201425337,"(1, 1, 1)(1, 0, 1, 7)",add
2021-09-09,BANETTE,38.0,41.34536582247674,40.90974901039621,"(1, 1, 1)(1, 0, 1, 7)",add
2021-09-10,BANETTE,25.0,35.09579291710564,38.394237378431924,"(1, 1, 1)(1, 0, 1, 7)",add
2021-09-11,BANETTE,39.0,43.68899446657289,46.92875914932857,"(1, 1, 1)(1, 0, 1, 7)",add
2021-09-12,BANETTE,53.0,52.520610210434654,54.42499670574554,"(1, 1, 1)(1, 0, 1, 7)",add
2021-09-13,BANETTE,33.0,35.826975889975806,34.86843850685388,"(1, 1, 1)(1, 0, 1, 7)",add
2021-09-14,BANETTE,29.0,29.33019226221845,29.720319923000986,"(1, 1, 1)(1, 0, 1, 7)",add
2021-09-15,BANETTE,21.0,27.439436221395294,24.42504482940508,"(1, 1, 1)(1, 0, 1, 7)",add
2021-09-16,BANETTE,39.0,30.90858626292354,30.9986281190575,"(1, 1, 1)(1, 0, 1, 7)",add
2021-09-17,BANETTE,35.0,29.11661111776258,31.100890192405437,"(1, 1, 1)(1, 0, 1, 7)",add
2021-09-18,BANETTE,43.0,43.23970910078279,45.280435849397136,"(1, 1, 1)(1, 0, 1, 7)",add
2021-09-19,BANETTE,43.0,52.445129858413765,54.94011635478172,"(1, 1, 1)(1, 0, 1, 7)",add
2021-09-20,BANETTE,31.0,30.75980513890211,32.14623346509502,"(1, 1, 1)(1, 0, 1, 7)",add
2021-09-21,BANETTE,28.0,26.64168858342086,27.296181117442714,"(1, 1, 1)(1, 0, 1, 7)",add
2021-09-22,BANETTE,7.0,24.581982267064085,22.252053726205798,"(1, 1, 1)(1, 0, 1, 7)",add
2021-09-23,BANETTE,30.0,24.68258235076356,25.992315662228133,"(1, 1, 1)(1, 0, 1, 7)",add
2021-09-24,BANETTE,39.0,23.16865913830646,24.59852081055182,"(1, 1, 1)(1, 0, 1, 7)",add
2021-09-25,BANETTE,57.0,41.20259119211785,41.56281257152118,"(1, 1, 1)(1, 0, 1, 7)",add
2021-09-26,BANETTE,41.0,54.690946149893115,55.9722393455302,"(1, 1, 1)(1, 0, 1, 7)",add
2021-09-27,BANETTE,19.0,30.25315286323773,32.9847660438722,"(1, 1, 1)(1, 0, 1, 7)",add
2021-09-28,BANETTE,17.0,21.867488307453137,24.344088277531636,"(1, 1, 1)(1, 0, 1, 7)",add
2021-09-29,BANETTE,27.0,16.3286871356413,15.764250803954848,"(1, 1, 1)(1, 0, 1, 7)",add
2021-09-30,BANETTE,24.0,30.662567123949984,28.888519253963103,"(1, 1, 1)(1, 0, 1, 7)",add
2021-10-01,BANETTE,25.0,23.22440480393002,25.48538903972988,"(1, 1, 1)(1, 0, 1, 7)",add
2021-10-02,BANETTE,14.0,36.9174708314808,37.97911003861006,"(1, 1, 1)(1, 0, 1, 7)",add
2021-10-03,BANETTE,31.0,33.152109034927804,38.305767600237644,"(1, 1, 1)(1, 0, 1, 7)",add
2021-10-04,BANETTE,25.0,17.349819657510388,17.723591663677258,"(1, 1, 1)(1, 0, 1, 7)",add
2021-10-05,BANETTE,13.0,16.64146984149823,16.017806284151234,"(1, 1, 1)(1, 0, 1, 7)",add
2021-10-06,BANETTE,21.0,11.370744704582485,10.016289166742412,"(1, 1, 1)(1, 0, 1, 7)",add
2021-10-07,BANETTE,30.0,23.22137831538995,21.971306088528763,"(1, 1, 1)(1, 0, 1, 7)",add
2021-10-08,BANETTE,30.0,21.89744479176103,22.806436415850566,"(1, 1, 1)(1, 0, 1, 7)",add
2021-10-09,BANETTE,44.0,33.81725360588394,36.05072672732807,"(1, 1, 1)(1, 0, 1, 7)",add
2021-10-10,BANETTE,49.0,43.96025695226789,47.24563507528383,"(1, 1, 1)(1, 0, 1, 7)",add
2021-10-11,BANETTE,16.0,28.95215871558587,30.41485019210126,"(1, 1, 1)(1, 0, 1, 7)",add
2021-10-12,BANETTE,16.0,17.54750326623981,21.39547248416643,"(1, 1, 1)(1, 0, 1, 7)",add
2021-10-13,BANETTE,18.0,16.423757386494128,15.617293504675551,"(1, 1, 1)(1, 0, 1, 7)",add
2021-10-14,BANETTE,16.0,25.200142763522784,24.74866962753759,"(1, 1, 1)(1, 0, 1, 7)",add
2021-10-15,BANETTE,10.0,18.62824619033853,20.409853071576578,"(1, 1, 1)(1, 0, 1, 7)",add
2021-10-16,BANETTE,30.0,26.016683391435986,28.33601197195687,"(1, 1, 1)(1, 0, 1, 7)",add
2021-10-17,BANETTE,37.0,35.42310966369988,37.19411763900693,"(1, 1, 1)(1, 0, 1, 7)",add
2021-10-18,BANETTE,21.0,18.1044670109998,18.673593108654288,"(1, 1, 1)(1, 0, 1, 7)",add
2021-10-19,BANETTE,26.0,14.418443006532328,15.371609926182115,"(1, 1, 1)(1, 0, 1, 7)",add
2021-10-20,BANETTE,13.0,17.544033228725546,15.007920592856006,"(1, 1, 1)(1, 0, 1, 7)",add
2021-10-21,BANETTE,27.0,20.903229410367985,22.04596323678927,"(1, 1, 1)(1, 0, 1, 7)",add
2021-10-22,BANETTE,26.0,20.55714461075024,21.77415454208569,"(1, 1, 1)(1, 0, 1, 7)",add
2021-10-23,BANETTE,32.0,33.25641647162152,34.98240998681755,"(1, 1, 1)(1, 0, 1, 7)",add
2021-10-24,BANETTE,61.0,38.73085967566576,42.29740695460151,"(1, 1, 1)(1, 0, 1, 7)",add
2021-10-25,BANETTE,34.0,30.473719469090888,29.711445609083206,"(1, 1, 1)(1, 0, 1, 7)",add
2021-10-26,BANETTE,42.0,26.10551303553904,27.570386344642337,"(1, 1, 1)(1, 0, 1, 7)",add
2021-10-27,BANETTE,32.0,29.138673738980078,27.510056110720928,"(1, 1, 1)(1, 0, 1, 7)",add
2021-10-28,BANETTE,36.0,35.8300062917231,37.00170706697837,"(1, 1, 1)(1, 0, 1, 7)",add
2021-10-29,BANETTE,29.0,32.46316527871503,34.86396653234589,"(1, 1, 1)(1, 0, 1, 7)",add
2021-10-30,BANETTE,57.0,41.28138480652543,44.50632515773628,"(1, 1, 1)(1, 0, 1, 7)",add
2021-10-31,BANETTE,91.0,57.34631293407489,58.01088048834138,"(1, 1, 1)(1, 0, 1, 7)",add
2021-11-01,BANETTE,67.0,51.12396502485646,48.80603006848393,"(1, 1, 1)(1, 0, 1, 7)",add
2021-11-02,BANETTE,27.0,51.71922596355209,51.59337838660856,"(1, 1, 1)(1, 0, 1, 7)",add
2021-11-03,BANETTE,33.0,35.72956711186441,38.95701435904022,"(1, 1, 1)(1, 0, 1, 7)",add
2021-11-04,BANETTE,50.0,43.68268139429067,44.89012839896711,"(1, 1, 1)(1, 0, 1, 7)",add
2021-11-05,BANETTE,22.0,43.65704042143525,44.287113896762804,"(1, 1, 1)(1, 0, 1, 7)",add
2021-11-06,BANETTE,36.0,46.6586785209473,50.16382588741773,"(1, 1, 1)(1, 0, 1, 7)",add
2021-11-07,BANETTE,41.0,56.69212948121333,56.925920577968,"(1, 1, 1)(1, 0, 1, 7)",add
2021-11-08,BANETTE,19.0,32.92476982081274,31.798854974645867,"(1, 1, 1)(1, 0, 1, 7)",add
2021-11-09,BANETTE,17.0,22.570951129338052,22.23415954625623,"(1, 1, 1)(1, 0, 1, 7)",add
2021-11-10,BANETTE,30.0,19.77008693763739,16.765235906774954,"(1, 1, 1)(1, 0, 1, 7)",add
2021-11-11,BANETTE,39.0,32.896964903372805,29.30190655489497,"(1, 1, 1)(1, 0, 1, 7)",add
2021-11-12,BANETTE,27.0,28.235409063495354,28.24230250463188,"(1, 1, 1)(1, 0, 1, 7)",add
2021-11-13,BANETTE,30.0,39.395333365823355,41.08835549535844,"(1, 1, 1)(1, 0, 1, 7)",add
2021-11-14,BANETTE,37.0,46.75839188954643,48.669141565973675,"(1, 1, 1)(1, 0, 1, 7)",add
2021-11-15,BANETTE,26.0,24.682275727384802,25.052313137263464,"(1, 1, 1)(1, 0, 1, 7)",add
2021-11-16,BANETTE,13.0,20.446562892825533,20.193024519930365,"(1, 1, 1)(1, 0, 1, 7)",add
2021-11-17,BANETTE,0.0,17.008389585427455,15.37783496125281,"(1, 1, 1)(1, 0, 1, 7)",add
2021-11-18,BANETTE,25.0,18.939368736392566,18.947597113508483,"(1, 1, 1)(1, 0, 1, 7)",add
2021-11-19,BANETTE,15.0,16.484604991002964,16.03481574710466,"(1, 1, 1)(1, 0, 1, 7)",add
2021-11-20,BANETTE,30.0,26.803203661601685,28.277112027616816,"(1, 1, 1)(1, 0, 1, 7)",add
2021-11-21,BANETTE,29.0,38.81794353871233,39.726189262627116,"(1, 1, 1)(1, 0, 1, 7)",add
2021-11-22,BANETTE,19.0,16.55476914186555,17.251732756751174,"(1, 1, 1)(1, 0, 1, 7)",add
2021-11-23,BANETTE,17.0,11.760379534918952,12.08512293830756,"(1, 1, 1)(1, 0, 1, 7)",add
2021-11-24,BANETTE,0.0,11.838418565048718,10.408541662560294,"(1, 1, 1)(1, 0, 1, 7)",add
2021-11-25,BANETTE,30.0,16.476131501410805,16.945860030821816,"(1, 1, 1)(1, 0, 1, 7)",add
2021-11-26,BANETTE,13.0,15.963481856950285,15.688582521047397,"(1, 1, 1)(1, 0, 1, 7)",add
2021-11-27,BANETTE,21.0,25.0998432234763,27.61328000173401,"(1, 1, 1)(1, 0, 1, 7)",add
2021-11-28,BANETTE,35.0,32.6284774982421,35.67629884640002,"(1, 1, 1)(1, 0, 1, 7)",add
2021-11-29,BANETTE,16.0,17.234571907379603,17.11233335637516,"(1, 1, 1)(1, 0, 1, 7)",add
2021-11-30,BANETTE,14.0,10.422512583581344,11.287723057130389,"(1, 1, 1)(1, 0, 1, 7)",add
2021-12-01,BANETTE,0.0,8.21252956878693,7.901192567983637,"(1, 1, 1)(1, 0, 1, 7)",add
2021-12-02,BANETTE,16.0,16.85367205142318,16.792826671515378,"(1, 1, 1)(1, 0, 1, 7)",add
2021-12-03,BANETTE,14.0,9.004946354051292,10.245471861325017,"(1, 1, 1)(1, 0, 1, 7)",add
2021-12-04,BANETTE,26.0,22.315198979854564,23.869535327261353,"(1, 1, 1)(1, 0, 1, 7)",add
2021-12-05,BANETTE,30.0,32.94881878368904,35.001753136450546,"(1, 1, 1)(1, 0, 1, 7)",add
2021-12-06,BANETTE,0.0,14.344139299003533,15.088913496587352,"(1, 1, 1)(1, 0, 1, 7)",add
2021-12-07,BANETTE,0.0,3.1290912737374406,5.260325721007915,"(1, 1, 1)(1, 0, 1, 7)",add
2021-12-08,BANETTE,0.0,-1.5604948685039366,-1.2770123438055112,"(1, 1, 1)(1, 0, 1, 7)",add
2021-12-09,BANETTE,19.0,12.369336021603093,10.895696329366812,"(1, 1, 1)(1, 0, 1, 7)",add
2021-12-10,BANETTE,8.0,7.552926921760477,7.370182170741494,"(1, 1, 1)(1, 0, 1, 7)",add
2021-12-11,BANETTE,19.0,18.07502727245996,19.931132192517584,"(1, 1, 1)(1, 0, 1, 7)",add
2021-12-12,BANETTE,41.0,27.128757192767864,29.646324576377673,"(1, 1, 1)(1, 0, 1, 7)",add
2021-12-13,BANETTE,25.0,14.320770422305351,14.038779028574375,"(1, 1, 1)(1, 0, 1, 7)",add
2021-12-14,BANETTE,15.0,12.333175338110742,12.82176675221198,"(1, 1, 1)(1, 0, 1, 7)",add
2021-12-15,BANETTE,0.0,7.700391847226152,8.996197322493817,"(1, 1, 1)(1, 0, 1, 7)",add
2021-12-16,BANETTE,14.0,17.351184930442873,18.497940359300625,"(1, 1, 1)(1, 0, 1, 7)",add
2021-12-17,BANETTE,26.0,8.875840574449917,10.622160309133923,"(1, 1, 1)(1, 0, 1, 7)",add
2021-12-18,BANETTE,24.0,27.297749162393533,27.57574697517358,"(1, 1, 1)(1, 0, 1, 7)",add
2021-12-19,BANETTE,31.0,34.57979797659123,37.31655139144664,"(1, 1, 1)(1, 0, 1, 7)",add
2021-12-20,BANETTE,26.0,15.26331852832849,16.292711220513386,"(1, 1, 1)(1, 0, 1, 7)",add
2021-12-21,BANETTE,29.0,14.600764343598321,14.09820546528105,"(1, 1, 1)(1, 0, 1, 7)",add
2021-12-22,BANETTE,30.0,13.84279563414497,13.396491847935115,"(1, 1, 1)(1, 0, 1, 7)",add
2021-12-23,BANETTE,25.0,32.01527227166552,31.011306662511416,"(1, 1, 1)(1, 0, 1, 7)",add
2021-12-24,BANETTE,42.0,21.76846561757234,24.020455770995028,"(1, 1, 1)(1, 0, 1, 7)",add
2021-12-25,BANETTE,30.0,39.69779945394051,40.48355027673012,"(1, 1, 1)(1, 0, 1, 7)",add
2021-12-26,BANETTE,34.0,43.51974377037516,47.93168009933856,"(1, 1, 1)(1, 0, 1, 7)",add
2021-12-27,BANETTE,33.0,24.109824574438395,25.670673658699595,"(1, 1, 1)(1, 0, 1, 7)",add
2021-12-28,BANETTE,43.0,24.497807544258897,23.102764403832232,"(1, 1, 1)(1, 0, 1, 7)",add
2021-12-29,BANETTE,30.0,26.586336223057934,24.04002815840633,"(1, 1, 1)(1, 0, 1, 7)",add
2021-12-30,BANETTE,26.0,36.8524106985402,36.87629835180451,"(1, 1, 1)(1, 0, 1, 7)",add
2021-12-31,BANETTE,41.0,29.064195494894808,30.026861260899324,"(1, 1, 1)(1, 0, 1, 7)",add
2022-01-01,BANETTE,0.0,41.5900733538331,42.424590082088834,"(1, 1, 1)(1, 0, 1, 7)",add
2022-01-02,BANETTE,67.0,32.580796240580895,39.89658118715316,"(1, 1, 1)(1, 0, 1, 7)",add
2022-01-03,BANETTE,14.0,36.64734795247884,31.59232393998152,"(1, 1, 1)(1, 0, 1, 7)",add
2022-01-04,BANETTE,2.0,21.91113361847815,22.274347540289213,"(1, 1, 1)(1, 0, 1, 7)",add
2022-01-05,BANETTE,0.0,9.974661668726124,10.014412298580696,"(1, 1, 1)(1, 0, 1, 7)",add
2022-01-06,BANETTE,23.0,17.40173371124856,16.837623305627403,"(1, 1, 1)(1, 0, 1, 7)",add
2022-01-07,BANETTE,18.0,20.708269080867233,16.665500000675678,"(1, 1, 1)(1, 0, 1, 7)",add
2022-01-08,BANETTE,20.0,20.108449862685028,22.505734874667255,"(1, 1, 1)(1, 0, 1, 7)",add
2022-01-09,BANETTE,33.0,36.253078014907544,36.863961978522184,"(1, 1, 1)(1, 0, 1, 7)",add
2022-01-10,BANETTE,18.0,16.22997322587377,16.086133275351663,"(1, 1, 1)(1, 0, 1, 7)",add
2022-01-11,BANETTE,17.0,13.600608660875398,12.536162766097437,"(1, 1, 1)(1, 0, 1, 7)",add
2022-01-12,BANETTE,0.0,9.677885650767477,8.516859633445845,"(1, 1, 1)(1, 0, 1, 7)",add
2022-01-13,BANETTE,22.0,15.998858429341395,16.892782436075535,"(1, 1, 1)(1, 0, 1, 7)",add
2022-01-14,BANETTE,15.0,18.3918598773646,16.071742783511386,"(1, 1, 1)(1, 0, 1, 7)",add
2022-01-15,BANETTE,16.0,17.50738308981457,20.917868868203428,"(1, 1, 1)(1, 0, 1, 7)",add
2022-01-16,BANETTE,26.0,32.62547550196702,34.44833960363408,"(1, 1, 1)(1, 0, 1, 7)",add
2022-01-17,BANETTE,16.0,12.004258838697538,12.663633400483832,"(1, 1, 1)(1, 0, 1, 7)",add
2022-01-18,BANETTE,16.0,11.028864130337116,9.72030214318244,"(1, 1, 1)(1, 0, 1, 7)",add
2022-01-19,BANETTE,0.0,6.205068334023618,5.375458844341843,"(1, 1, 1)(1, 0, 1, 7)",add
2022-01-20,BANETTE,23.0,15.018379210303074,15.632554542918424,"(1, 1, 1)(1, 0, 1, 7)",add
2022-01-21,BANETTE,16.0,17.1055512319394,15.082313291777686,"(1, 1, 1)(1, 0, 1, 7)",add
2022-01-22,BANETTE,13.0,16.868779424549135,20.274683089257536,"(1, 1, 1)(1, 0, 1, 7)",add
2022-01-23,BANETTE,41.0,29.930972052300643,32.847107236950635,"(1, 1, 1)(1, 0, 1, 7)",add
2022-01-24,BANETTE,18.0,17.879636743180562,16.924429292197065,"(1, 1, 1)(1, 0, 1, 7)",add
2022-01-25,BANETTE,7.0,13.918180008093337,13.490921235593198,"(1, 1, 1)(1, 0, 1, 7)",add
2022-01-26,BANETTE,0.0,3.24210870589188,4.461225728047912,"(1, 1, 1)(1, 0, 1, 7)",add
2022-01-27,BANETTE,24.0,15.764103795043912,15.860474830324174,"(1, 1, 1)(1, 0, 1, 7)",add
2022-01-28,BANETTE,10.0,17.24938382668465,15.108776693199989,"(1, 1, 1)(1, 0, 1, 7)",add
2022-01-29,BANETTE,19.0,13.974693099748475,17.907966057229707,"(1, 1, 1)(1, 0, 1, 7)",add
2022-01-30,BANETTE,40.0,32.786410580397046,34.0775518079843,"(1, 1, 1)(1, 0, 1, 7)",add
2022-01-31,BANETTE,23.0,17.76351861830232,16.99508246012926,"(1, 1, 1)(1, 0, 1, 7)",add
2022-02-01,BANETTE,23.0,15.203748095723597,14.552496015442916,"(1, 1, 1)(1, 0, 1, 7)",add
2022-02-02,BANETTE,0.0,10.19023815105758,10.216769832598807,"(1, 1, 1)(1, 0, 1, 7)",add
2022-02-03,BANETTE,13.0,19.416077470067027,20.714151176477067,"(1, 1, 1)(1, 0, 1, 7)",add
2022-02-04,BANETTE,14.0,13.974216494633591,14.229286878448537,"(1, 1, 1)(1, 0, 1, 7)",add
2022-02-05,BANETTE,31.0,16.323663734989246,18.93688829168474,"(1, 1, 1)(1, 0, 1, 7)",add
2022-02-06,BANETTE,41.0,39.038331045353786,38.780078940928334,"(1, 1, 1)(1, 0, 1, 7)",add
2022-02-07,BANETTE,38.0,20.990033525625655,20.573865607603853,"(1, 1, 1)(1, 0, 1, 7)",add
2022-02-08,BANETTE,21.0,24.097592780207755,21.78041491500909,"(1, 1, 1)(1, 0, 1, 7)",add
2022-02-09,BANETTE,0.0,11.652075805543118,13.365568974639912,"(1, 1, 1)(1, 0, 1, 7)",add
2022-02-10,BANETTE,24.0,20.929719167969637,23.072060978293873,"(1, 1, 1)(1, 0, 1, 7)",add
2022-02-11,BANETTE,22.0,20.289841659589968,19.730254284871904,"(1, 1, 1)(1, 0, 1, 7)",add
2022-02-12,BANETTE,29.0,24.236126545116466,26.032878198870414,"(1, 1, 1)(1, 0, 1, 7)",add
2022-02-13,BANETTE,30.0,41.61092319082621,42.43479418837721,"(1, 1, 1)(1, 0, 1, 7)",add
2022-02-14,BANETTE,29.0,20.890062518864806,20.78883405528982,"(1, 1, 1)(1, 0, 1, 7)",add
2022-02-15,BANETTE,36.0,20.361586959708106,17.95122330557593,"(1, 1, 1)(1, 0, 1, 7)",add
2022-02-16,BANETTE,0.0,15.473291708477024,14.426977126376599,"(1, 1, 1)(1, 0, 1, 7)",add
2022-02-17,BANETTE,29.0,22.4989925629586,24.778068999455158,"(1, 1, 1)(1, 0, 1, 7)",add
2022-02-18,BANETTE,31.0,23.513683358753095,22.531887280173137,"(1, 1, 1)(1, 0, 1, 7)",add
2022-02-19,BANETTE,42.0,29.881251278168545,30.772359404764337,"(1, 1, 1)(1, 0, 1, 7)",add
2022-02-20,BANETTE,42.0,47.6809944913171,48.650429835622894,"(1, 1, 1)(1, 0, 1, 7)",add
2022-02-21,BANETTE,22.0,30.364925633809435,30.167503160211822,"(1, 1, 1)(1, 0, 1, 7)",add
2022-02-22,BANETTE,28.0,23.807410773787762,23.000603260413943,"(1, 1, 1)(1, 0, 1, 7)",add
2022-02-23,BANETTE,0.0,12.884207142776004,13.295938938592236,"(1, 1, 1)(1, 0, 1, 7)",add
2022-02-24,BANETTE,32.0,24.000253880785387,25.255429131552027,"(1, 1, 1)(1, 0, 1, 7)",add
2022-02-25,BANETTE,30.0,26.24608106884559,24.06636101225643,"(1, 1, 1)(1, 0, 1, 7)",add
2022-02-26,BANETTE,38.0,31.767535607034226,31.720727956433954,"(1, 1, 1)(1, 0, 1, 7)",add
2022-02-27,BANETTE,66.0,45.74996329398276,46.87827432729826,"(1, 1, 1)(1, 0, 1, 7)",add
2022-02-28,BANETTE,19.0,39.06145046822566,36.15349708545101,"(1, 1, 1)(1, 0, 1, 7)",add
2022-03-01,BANETTE,30.0,26.280639005764137,27.13774470135678,"(1, 1, 1)(1, 0, 1, 7)",add
2022-03-02,BANETTE,20.0,14.319331379005039,15.541757766020789,"(1, 1, 1)(1, 0, 1, 7)",add
2022-03-03,BANETTE,30.0,34.9036671945835,34.27425281618807,"(1, 1, 1)(1, 0, 1, 7)",add
2022-03-04,BANETTE,30.0,30.009920893942287,29.669325611434605,"(1, 1, 1)(1, 0, 1, 7)",add
2022-03-05,BANETTE,40.0,35.38178740965744,35.63811283114898,"(1, 1, 1)(1, 0, 1, 7)",add
2022-03-06,BANETTE,53.0,51.11176258321186,51.08086721159927,"(1, 1, 1)(1, 0, 1, 7)",add
2022-03-07,BANETTE,25.0,33.375446640546926,32.651470480604935,"(1, 1, 1)(1, 0, 1, 7)",add
2022-03-08,BANETTE,30.0,28.98529003397261,27.89000419720892,"(1, 1, 1)(1, 0, 1, 7)",add
2022-03-09,BANETTE,11.0,15.804143955028199,16.172689679879657,"(1, 1, 1)(1, 0, 1, 7)",add
2022-03-10,BANETTE,22.0,31.060395322160268,31.375990681054805,"(1, 1, 1)(1, 0, 1, 7)",add
2022-03-11,BANETTE,24.0,25.896121876096025,25.526921764434086,"(1, 1, 1)(1, 0, 1, 7)",add
2022-03-12,BANETTE,24.0,31.70115542462194,31.202215710951428,"(1, 1, 1)(1, 0, 1, 7)",add
2022-03-13,BANETTE,31.0,42.495074105714814,42.9522403972713,"(1, 1, 1)(1, 0, 1, 7)",add
2022-03-14,BANETTE,28.0,19.615303552042707,19.64346641225532,"(1, 1, 1)(1, 0, 1, 7)",add
2022-03-15,BANETTE,19.0,24.421791234304536,20.42601504626995,"(1, 1, 1)(1, 0, 1, 7)",add
2022-03-16,BANETTE,12.0,6.716085999499478,7.136777334678353,"(1, 1, 1)(1, 0, 1, 7)",add
2022-03-17,BANETTE,25.0,25.60848397732862,25.11643269699749,"(1, 1, 1)(1, 0, 1, 7)",add
2022-03-18,BANETTE,24.0,23.401344025312458,22.623432994697065,"(1, 1, 1)(1, 0, 1, 7)",add
2022-03-19,BANETTE,30.0,28.43661230653519,28.799852424816642,"(1, 1, 1)(1, 0, 1, 7)",add
2022-03-20,BANETTE,45.0,41.64564465478947,42.7909333552553,"(1, 1, 1)(1, 0, 1, 7)",add
2022-03-21,BANETTE,30.0,25.88048514836096,25.17745329203956,"(1, 1, 1)(1, 0, 1, 7)",add
2022-03-22,BANETTE,25.0,26.0979099307336,24.219337085367698,"(1, 1, 1)(1, 0, 1, 7)",add
2022-03-23,BANETTE,13.0,11.376424795765224,12.029250983845222,"(1, 1, 1)(1, 0, 1, 7)",add
2022-03-24,BANETTE,20.0,27.797115790840397,28.484280276539696,"(1, 1, 1)(1, 0, 1, 7)",add
2022-03-25,BANETTE,17.0,23.035097742165906,23.540097519420748,"(1, 1, 1)(1, 0, 1, 7)",add
2022-03-26,BANETTE,40.0,26.276062306793584,27.289853426547403,"(1, 1, 1)(1, 0, 1, 7)",add
2022-03-27,BANETTE,32.0,45.4694341852801,44.860023008964745,"(1, 1, 1)(1, 0, 1, 7)",add
2022-03-28,BANETTE,23.0,22.088217283215354,22.827281470312762,"(1, 1, 1)(1, 0, 1, 7)",add
2022-03-29,BANETTE,15.0,22.10974414096683,20.1770652271008,"(1, 1, 1)(1, 0, 1, 7)",add
2022-03-30,BANETTE,14.0,5.893062035836072,6.182652857372615,"(1, 1, 1)(1, 0, 1, 7)",add
2022-03-31,BANETTE,17.0,24.513119346223036,24.08545330940792,"(1, 1, 1)(1, 0, 1, 7)",add
2022-04-01,BANETTE,15.0,19.13599711179023,19.699648694652424,"(1, 1, 1)(1, 0, 1, 7)",add
2022-04-02,BANETTE,21.0,26.848625793599208,26.748392980911845,"(1, 1, 1)(1, 0, 1, 7)",add
2022-04-03,BANETTE,40.0,37.14978371573038,38.70945084338857,"(1, 1, 1)(1, 0, 1, 7)",add
2022-04-04,BANETTE,30.0,21.667556866055733,21.482158823095887,"(1, 1, 1)(1, 0, 1, 7)",add
2022-04-05,BANETTE,22.0,19.36562759863856,18.416827187124582,"(1, 1, 1)(1, 0, 1, 7)",add
2022-04-06,BANETTE,11.0,7.55799362238877,6.881840417603486,"(1, 1, 1)(1, 0, 1, 7)",add
2022-04-07,BANETTE,22.0,20.570473018469897,21.87061850925433,"(1, 1, 1)(1, 0, 1, 7)",add
2022-04-08,BANETTE,9.0,19.445188263222985,19.645992521882935,"(1, 1, 1)(1, 0, 1, 7)",add
2022-04-09,BANETTE,30.0,26.507470577857944,26.694736808142352,"(1, 1, 1)(1, 0, 1, 7)",add
2022-04-10,BANETTE,33.0,36.61078596831522,38.65579467061908,"(1, 1, 1)(1, 0, 1, 7)",add
2022-04-11,BANETTE,29.0,21.251454451905182,21.428502650326397,"(1, 1, 1)(1, 0, 1, 7)",add
2022-04-12,BANETTE,26.0,18.967237232808635,18.36317101435509,"(1, 1, 1)(1, 0, 1, 7)",add
2022-04-13,BANETTE,19.0,7.2668874751649,6.828184244833997,"(1, 1, 1)(1, 0, 1, 7)",add
2022-04-14,BANETTE,31.0,20.16037493620663,21.816962336484842,"(1, 1, 1)(1, 0, 1, 7)",add
2022-04-15,BANETTE,40.0,19.045352107426933,19.592336349113445,"(1, 1, 1)(1, 0, 1, 7)",add
2022-04-16,BANETTE,55.0,26.043107992286686,26.641080635372866,"(1, 1, 1)(1, 0, 1, 7)",add
2022-04-17,BANETTE,35.0,36.05411599509135,38.60213849784959,"(1, 1, 1)(1, 0, 1, 7)",add
2022-04-18,BANETTE,84.0,20.835111616733002,21.374846477556908,"(1, 1, 1)(1, 0, 1, 7)",add
2022-04-19,BANETTE,30.0,18.571763640176957,18.309514841585603,"(1, 1, 1)(1, 0, 1, 7)",add
2022-04-20,BANETTE,42.0,6.978311621715715,6.774528072064507,"(1, 1, 1)(1, 0, 1, 7)",add
2022-04-21,BANETTE,47.0,19.754000492078333,21.763306163715352,"(1, 1, 1)(1, 0, 1, 7)",add
2022-04-22,BANETTE,41.0,18.64916483074056,19.538680176343956,"(1, 1, 1)(1, 0, 1, 7)",add
2022-04-23,BANETTE,36.0,25.582987215874546,26.587424462603373,"(1, 1, 1)(1, 0, 1, 7)",add
2022-04-24,BANETTE,43.0,35.50253178557885,38.5484823250801,"(1, 1, 1)(1, 0, 1, 7)",add
2022-04-25,BANETTE,26.0,20.422572585125017,21.321190304787418,"(1, 1, 1)(1, 0, 1, 7)",add
2022-04-26,BANETTE,14.0,18.179903203188953,18.25585866881611,"(1, 1, 1)(1, 0, 1, 7)",add
2022-04-27,BANETTE,23.0,6.692372279062486,6.720871899295018,"(1, 1, 1)(1, 0, 1, 7)",add
2022-04-28,BANETTE,27.0,19.351338800993,21.709649990945863,"(1, 1, 1)(1, 0, 1, 7)",add
2022-04-29,BANETTE,27.0,18.256597234332347,19.485024003574466,"(1, 1, 1)(1, 0, 1, 7)",add
2022-04-30,BANETTE,45.0,25.127070234504288,26.533768289833887,"(1, 1, 1)(1, 0, 1, 7)",add
2022-05-01,BANETTE,59.0,34.955987007202765,38.49482615231061,"(1, 1, 1)(1, 0, 1, 7)",add
2022-05-02,BANETTE,30.0,20.01380262813023,21.26753413201793,"(1, 1, 1)(1, 0, 1, 7)",add
2022-05-03,BANETTE,16.0,17.791622915258007,18.202202496046624,"(1, 1, 1)(1, 0, 1, 7)",add
2022-05-04,BANETTE,0.0,6.4090453600462265,6.667215726525528,"(1, 1, 1)(1, 0, 1, 7)",add
2022-05-05,BANETTE,36.0,18.952355942312238,21.655993818176373,"(1, 1, 1)(1, 0, 1, 7)",add
2022-05-06,BANETTE,22.0,17.867616247791986,19.431367830804977,"(1, 1, 1)(1, 0, 1, 7)",add
2022-05-07,BANETTE,36.0,24.675318641106102,26.480112117064394,"(1, 1, 1)(1, 0, 1, 7)",add
2022-05-08,BANETTE,41.0,34.41443561827931,38.441169979541115,"(1, 1, 1)(1, 0, 1, 7)",add
2022-05-09,BANETTE,24.0,19.608767310404843,21.21387795924844,"(1, 1, 1)(1, 0, 1, 7)",add
2022-05-10,BANETTE,15.0,17.40689006711814,18.14854632327713,"(1, 1, 1)(1, 0, 1, 7)",add
2022-05-11,BANETTE,14.0,6.128306996817228,6.613559553756039,"(1, 1, 1)(1, 0, 1, 7)",add
2022-05-12,BANETTE,28.0,18.557018305170757,21.602337645406884,"(1, 1, 1)(1, 0, 1, 7)",add
2022-05-13,BANETTE,30.0,17.482189102825657,19.377711658035487,"(1, 1, 1)(1, 0, 1, 7)",add
2022-05-14,BANETTE,29.0,24.227694379503827,26.4264559442949,"(1, 1, 1)(1, 0, 1, 7)",add
2022-05-15,BANETTE,38.0,33.87783199777391,38.38751380677163,"(1, 1, 1)(1, 0, 1, 7)",add
2022-05-16,BANETTE,27.0,19.207432511216062,21.16022178647895,"(1, 1, 1)(1, 0, 1, 7)",add
2022-05-17,BANETTE,21.0,17.02567224834455,18.094890150507645,"(1, 1, 1)(1, 0, 1, 7)",add
2022-05-18,BANETTE,30.0,5.850133539589262,6.559903380986549,"(1, 1, 1)(1, 0, 1, 7)",add
2022-05-19,BANETTE,34.0,18.16529258578172,21.548681472637394,"(1, 1, 1)(1, 0, 1, 7)",add
2022-05-20,BANETTE,24.0,17.100283330520035,19.324055485265998,"(1, 1, 1)(1, 0, 1, 7)",add
2022-05-21,BANETTE,41.0,23.78415974121341,26.372799771525415,"(1, 1, 1)(1, 0, 1, 7)",add
2022-05-22,BANETTE,31.0,33.34613094145883,38.33385763400214,"(1, 1, 1)(1, 0, 1, 7)",add
2022-05-23,BANETTE,24.0,18.8097644215679,21.10656561370946,"(1, 1, 1)(1, 0, 1, 7)",add
2022-05-24,BANETTE,29.0,16.647937344623365,18.041233977738152,"(1, 1, 1)(1, 0, 1, 7)",add
2022-05-25,BANETTE,40.0,5.574501554647343,6.50624720821706,"(1, 1, 1)(1, 0, 1, 7)",add
2022-05-26,BANETTE,78.0,17.77714578463126,21.495025299867905,"(1, 1, 1)(1, 0, 1, 7)",add
2022-05-27,BANETTE,77.0,16.72186675860711,19.270399312496508,"(1, 1, 1)(1, 0, 1, 7)",add
2022-05-28,BANETTE,81.0,23.344677362266324,26.31914359875592,"(1, 1, 1)(1, 0, 1, 7)",add
2022-05-29,BANETTE,104.0,32.8192876581051,38.28020146123265,"(1, 1, 1)(1, 0, 1, 7)",add
2022-05-30,BANETTE,27.0,18.415729541352995,21.05290944093997,"(1, 1, 1)(1, 0, 1, 7)",add
2022-05-31,BANETTE,19.0,16.27365353504626,17.987577804968666,"(1, 1, 1)(1, 0, 1, 7)",add
2022-06-01,BANETTE,28.0,5.301387822373586,6.45259103544757,"(1, 1, 1)(1, 0, 1, 7)",add
2022-06-02,BANETTE,29.0,17.392545203698454,21.441369127098415,"(1, 1, 1)(1, 0, 1, 7)",add
2022-06-03,BANETTE,29.0,16.34690750875387,19.216743139727015,"(1, 1, 1)(1, 0, 1, 7)",add
2022-06-04,BANETTE,49.0,22.909210220061897,26.265487425986436,"(1, 1, 1)(1, 0, 1, 7)",add
2022-06-05,BANETTE,61.0,32.29725776570919,38.22654528846316,"(1, 1, 1)(1, 0, 1, 7)",add
2022-06-06,BANETTE,42.0,18.02529467653057,20.99925326817048,"(1, 1, 1)(1, 0, 1, 7)",add
2022-06-07,BANETTE,30.0,15.902789289429837,17.933921632199173,"(1, 1, 1)(1, 0, 1, 7)",add
2022-06-08,BANETTE,29.0,5.030769335291186,6.398934862678081,"(1, 1, 1)(1, 0, 1, 7)",add
2022-06-09,BANETTE,26.0,17.011458443700896,21.387712954328926,"(1, 1, 1)(1, 0, 1, 7)",add
2022-06-10,BANETTE,16.0,15.975373993876909,19.163086966957525,"(1, 1, 1)(1, 0, 1, 7)",add
2022-06-11,BANETTE,38.0,22.477721630248574,26.211831253216943,"(1, 1, 1)(1, 0, 1, 7)",add
2022-06-12,BANETTE,36.0,31.779997287754302,38.17288911569367,"(1, 1, 1)(1, 0, 1, 7)",add
2022-06-13,BANETTE,28.0,17.6384269363301,20.94559709540099,"(1, 1, 1)(1, 0, 1, 7)",add
2022-06-14,BANETTE,28.0,15.535313365659468,17.880265459429687,"(1, 1, 1)(1, 0, 1, 7)",add
2022-06-15,BANETTE,30.0,4.762623296126227,6.345278689908591,"(1, 1, 1)(1, 0, 1, 7)",add
2022-06-16,BANETTE,20.0,16.63385340136527,21.334056781559436,"(1, 1, 1)(1, 0, 1, 7)",add
2022-06-17,BANETTE,30.0,15.607234915481431,19.109430794188036,"(1, 1, 1)(1, 0, 1, 7)",add
2022-06-18,BANETTE,40.0,22.050175243633507,26.158175080447457,"(1, 1, 1)(1, 0, 1, 7)",add
2022-06-19,BANETTE,54.0,31.267462649505646,38.119232942924185,"(1, 1, 1)(1, 0, 1, 7)",add
2022-06-20,BANETTE,31.0,17.25509373048054,20.891940922631502,"(1, 1, 1)(1, 0, 1, 7)",add
2022-06-21,BANETTE,30.0,15.171194807057429,17.826609286660194,"(1, 1, 1)(1, 0, 1, 7)",add
2022-06-22,BANETTE,29.0,4.496927115887212,6.291622517139102,"(1, 1, 1)(1, 0, 1, 7)",add
2022-06-23,BANETTE,19.0,16.259698266722957,21.280400608789947,"(1, 1, 1)(1, 0, 1, 7)",add
2022-06-24,BANETTE,24.0,15.24245926102466,19.055774621418546,"(1, 1, 1)(1, 0, 1, 7)",add
2022-06-25,BANETTE,31.0,21.626535043120484,26.104518907677964,"(1, 1, 1)(1, 0, 1, 7)",add
2022-06-26,BANETTE,36.0,30.759610674339683,38.06557677015469,"(1, 1, 1)(1, 0, 1, 7)",add
2022-06-27,BANETTE,30.0,16.875262766464886,20.838284749862012,"(1, 1, 1)(1, 0, 1, 7)",add
2022-06-28,BANETTE,31.0,14.810402939775052,17.772953113890708,"(1, 1, 1)(1, 0, 1, 7)",add
2022-06-29,BANETTE,27.0,4.233658411962127,6.237966344369612,"(1, 1, 1)(1, 0, 1, 7)",add
2022-06-30,BANETTE,24.0,15.888961520430307,21.226744436020454,"(1, 1, 1)(1, 0, 1, 7)",add
2022-07-01,BANETTE,35.0,25.925482264491848,28.53931634982598,"(1, 1, 1)(1, 0, 1, 7)",add
2022-07-02,BANETTE,36.0,36.577448077931926,37.28463657402185,"(1, 1, 1)(1, 0, 1, 7)",add
2022-07-03,BANETTE,78.0,43.69028309801146,47.014596372333074,"(1, 1, 1)(1, 0, 1, 7)",add
2022-07-04,BANETTE,42.0,28.380485785375065,29.55407617347956,"(1, 1, 1)(1, 0, 1, 7)",add
2022-07-05,BANETTE,36.0,23.19142957159184,25.617925571851096,"(1, 1, 1)(1, 0, 1, 7)",add
2022-07-06,BANETTE,41.0,21.75808815580961,17.143870477262972,"(1, 1, 1)(1, 0, 1, 7)",add
2022-07-07,BANETTE,33.0,27.329931188407123,29.964455925996354,"(1, 1, 1)(1, 0, 1, 7)",add
2022-07-08,BANETTE,45.0,26.508762859849536,28.600862806798787,"(1, 1, 1)(1, 0, 1, 7)",add
2022-07-09,BANETTE,54.0,36.44270485201896,37.34618303099465,"(1, 1, 1)(1, 0, 1, 7)",add
2022-07-10,BANETTE,74.0,43.34844991125278,47.07614282930588,"(1, 1, 1)(1, 0, 1, 7)",add
2022-07-11,BANETTE,68.0,28.15302223331503,29.615622630452364,"(1, 1, 1)(1, 0, 1, 7)",add
2022-07-12,BANETTE,33.0,23.00628656778654,25.679472028823902,"(1, 1, 1)(1, 0, 1, 7)",add
2022-07-13,BANETTE,69.0,21.58499258324833,17.205416934235778,"(1, 1, 1)(1, 0, 1, 7)",add
2022-07-14,BANETTE,104.0,27.103389939678674,30.026002382969157,"(1, 1, 1)(1, 0, 1, 7)",add
2022-07-15,BANETTE,90.0,26.28996268255508,28.662409263771593,"(1, 1, 1)(1, 0, 1, 7)",add
2022-07-16,BANETTE,118.0,36.12924655239933,37.40772948796746,"(1, 1, 1)(1, 0, 1, 7)",add
2022-07-17,BANETTE,84.0,42.969197148659084,47.13768928627868,"(1, 1, 1)(1, 0, 1, 7)",add
2022-07-18,BANETTE,54.0,27.91853368320865,29.67716908742517,"(1, 1, 1)(1, 0, 1, 7)",add
2022-07-19,BANETTE,45.0,22.8208301854027,25.741018485796708,"(1, 1, 1)(1, 0, 1, 7)",add
2022-07-20,BANETTE,36.0,21.41307666318009,17.266963391208584,"(1, 1, 1)(1, 0, 1, 7)",add
2022-07-21,BANETTE,59.0,26.878900846974624,30.087548839941963,"(1, 1, 1)(1, 0, 1, 7)",add
2022-07-22,BANETTE,59.0,26.07322301895559,28.723955720744396,"(1, 1, 1)(1, 0, 1, 7)",add
2022-07-23,BANETTE,83.0,35.818769118287555,37.469275944940264,"(1, 1, 1)(1, 0, 1, 7)",add
2022-07-24,BANETTE,87.0,42.593556261067256,47.199235743251485,"(1, 1, 1)(1, 0, 1, 7)",add
2022-07-25,BANETTE,57.0,27.686278802968527,29.738715544397973,"(1, 1, 1)(1, 0, 1, 7)",add
2022-07-26,BANETTE,60.0,22.63714056296264,25.802564942769514,"(1, 1, 1)(1, 0, 1, 7)",add
2022-07-27,BANETTE,49.0,21.24279855295465,17.32850984818139,"(1, 1, 1)(1, 0, 1, 7)",add
2022-07-28,BANETTE,72.0,26.656550433853,30.14909529691477,"(1, 1, 1)(1, 0, 1, 7)",add
2022-07-29,BANETTE,42.0,25.85854820945493,28.785502177717202,"(1, 1, 1)(1, 0, 1, 7)",add
2022-07-30,BANETTE,40.0,35.51124956821243,37.53082240191307,"(1, 1, 1)(1, 0, 1, 7)",add
2022-07-31,BANETTE,84.0,42.22149406265745,47.26078220022429,"(1, 1, 1)(1, 0, 1, 7)",add
2022-08-01,BANETTE,73.0,27.45623658929446,29.80026200137078,"(1, 1, 1)(1, 0, 1, 7)",add
2022-08-02,BANETTE,64.0,22.455200931251632,25.864111399742313,"(1, 1, 1)(1, 0, 1, 7)",add
2022-08-03,BANETTE,65.0,21.07414266346514,17.390056305154197,"(1, 1, 1)(1, 0, 1, 7)",add
2022-08-04,BANETTE,67.0,26.436318328542097,30.210641753887572,"(1, 1, 1)(1, 0, 1, 7)",add
2022-08-05,BANETTE,85.0,25.645918583137703,28.847048634690008,"(1, 1, 1)(1, 0, 1, 7)",add
2022-08-06,BANETTE,73.0,35.20665972290266,37.59236885888588,"(1, 1, 1)(1, 0, 1, 7)",add
2022-08-07,BANETTE,69.0,41.852976459690204,47.32232865719709,"(1, 1, 1)(1, 0, 1, 7)",add
2022-08-08,BANETTE,89.0,27.22838596236495,29.861808458343585,"(1, 1, 1)(1, 0, 1, 7)",add
2022-08-09,BANETTE,46.0,22.274994618303296,25.92565785671512,"(1, 1, 1)(1, 0, 1, 7)",add
2022-08-10,BANETTE,74.0,20.907093539994328,17.451602762127003,"(1, 1, 1)(1, 0, 1, 7)",add
2022-08-11,BANETTE,74.0,26.21818435015763,30.272188210860378,"(1, 1, 1)(1, 0, 1, 7)",add
2022-08-12,BANETTE,67.0,25.435314655769798,28.90859509166281,"(1, 1, 1)(1, 0, 1, 7)",add
2022-08-13,BANETTE,85.0,34.904971671384764,37.65391531585868,"(1, 1, 1)(1, 0, 1, 7)",add
2022-08-14,BANETTE,96.0,41.487969683196496,47.383875114169896,"(1, 1, 1)(1, 0, 1, 7)",add
2022-08-15,BANETTE,84.0,27.0027060431753,29.923354915316388,"(1, 1, 1)(1, 0, 1, 7)",add
2022-08-16,BANETTE,71.0,22.096505110981347,25.987204313687926,"(1, 1, 1)(1, 0, 1, 7)",add
2022-08-17,BANETTE,39.0,20.74163587505993,17.5131492190998,"(1, 1, 1)(1, 0, 1, 7)",add
2022-08-18,BANETTE,70.0,26.002128510076254,30.333734667833184,"(1, 1, 1)(1, 0, 1, 7)",add
2022-08-19,BANETTE,60.0,25.226717128741193,28.970141548635617,"(1, 1, 1)(1, 0, 1, 7)",add
2022-08-20,BANETTE,74.0,34.606157768589995,37.71546177283149,"(1, 1, 1)(1, 0, 1, 7)",add
2022-08-21,BANETTE,73.0,41.126440285920545,47.4454215711427,"(1, 1, 1)(1, 0, 1, 7)",add
2022-08-22,BANETTE,49.0,26.779176151632793,29.984901372289194,"(1, 1, 1)(1, 0, 1, 7)",add
2022-08-23,BANETTE,67.0,21.919716053468335,26.04875077066073,"(1, 1, 1)(1, 0, 1, 7)",add
2022-08-24,BANETTE,42.0,20.57775450701237,17.574695676072608,"(1, 1, 1)(1, 0, 1, 7)",add
2022-08-25,BANETTE,37.0,25.78813101010404,30.395281124805987,"(1, 1, 1)(1, 0, 1, 7)",add
2022-08-26,BANETTE,43.0,25.020106887297615,29.031688005608423,"(1, 1, 1)(1, 0, 1, 7)",add
2022-08-27,BANETTE,51.0,34.31019063282113,37.777008229804295,"(1, 1, 1)(1, 0, 1, 7)",add
2022-08-28,BANETTE,48.0,40.76835513925487,47.50696802811551,"(1, 1, 1)(1, 0, 1, 7)",add
2022-08-29,BANETTE,50.0,26.55777580466166,30.046447829262,"(1, 1, 1)(1, 0, 1, 7)",add
2022-08-30,BANETTE,39.0,21.74461124576687,26.110297227633538,"(1, 1, 1)(1, 0, 1, 7)",add
2022-08-31,BANETTE,29.0,20.415434418645425,17.636242133045414,"(1, 1, 1)(1, 0, 1, 7)",add
2022-09-01,BANETTE,0.0,25.576172240662267,30.456827581778793,"(1, 1, 1)(1, 0, 1, 7)",add
2022-09-02,BANETTE,28.0,24.815464998788947,29.093234462581226,"(1, 1, 1)(1, 0, 1, 7)",add
2022-09-03,BANETTE,43.0,34.017043143243356,37.8385546867771,"(1, 1, 1)(1, 0, 1, 7)",add
2022-09-04,BANETTE,45.0,40.41368143020458,47.568514485088315,"(1, 1, 1)(1, 0, 1, 7)",add
2022-09-05,BANETTE,30.0,26.33848471432613,30.107994286234803,"(1, 1, 1)(1, 0, 1, 7)",add
2022-09-06,BANETTE,30.0,21.57117464221514,26.171843684606344,"(1, 1, 1)(1, 0, 1, 7)",add
2022-09-07,BANETTE,14.0,20.25466073582013,17.69778859001822,"(1, 1, 1)(1, 0, 1, 7)",add
2022-09-08,BANETTE,28.0,25.366232778990494,30.5183740387516,"(1, 1, 1)(1, 0, 1, 7)",add
2022-09-09,BANETTE,25.0,24.612772710934316,29.15478091955403,"(1, 1, 1)(1, 0, 1, 7)",add
2022-09-10,BANETTE,40.0,33.726688437399034,37.9001011437499,"(1, 1, 1)(1, 0, 1, 7)",add
2022-09-11,BANETTE,38.0,40.06238665838056,47.63006094206112,"(1, 1, 1)(1, 0, 1, 7)",add
2022-09-12,BANETTE,30.0,26.12128278597136,30.16954074320761,"(1, 1, 1)(1, 0, 1, 7)",add
2022-09-13,BANETTE,17.0,21.39939035001659,26.233390141579143,"(1, 1, 1)(1, 0, 1, 7)",add
2022-09-14,BANETTE,20.0,20.09541872610181,17.759335046991026,"(1, 1, 1)(1, 0, 1, 7)",add
2022-09-15,BANETTE,24.0,25.15829338736678,30.5799204957244,"(1, 1, 1)(1, 0, 1, 7)",add
2022-09-16,BANETTE,22.0,24.412011450103773,29.216327376526838,"(1, 1, 1)(1, 0, 1, 7)",add
2022-09-17,BANETTE,25.0,33.439099908746215,37.961647600722706,"(1, 1, 1)(1, 0, 1, 7)",add
2022-09-18,BANETTE,38.0,39.7144386330213,47.69160739903393,"(1, 1, 1)(1, 0, 1, 7)",add
2022-09-19,BANETTE,0.0,25.90615011638206,30.231087200180415,"(1, 1, 1)(1, 0, 1, 7)",add
2022-09-20,BANETTE,30.0,21.229242627783577,26.29493659855195,"(1, 1, 1)(1, 0, 1, 7)",add
2022-09-21,BANETTE,17.0,19.937693797410056,17.820881503963825,"(1, 1, 1)(1, 0, 1, 7)",add
2022-09-22,BANETTE,30.0,24.952335011344832,30.641466952697208,"(1, 1, 1)(1, 0, 1, 7)",add
2022-09-23,BANETTE,30.0,24.213162819616283,29.27787383349964,"(1, 1, 1)(1, 0, 1, 7)",add
2022-09-24,BANETTE,30.0,33.154251204220515,38.02319405769551,"(1, 1, 1)(1, 0, 1, 7)",add
2022-09-25,BANETTE,30.0,39.36980547004313,47.75315385600673,"(1, 1, 1)(1, 0, 1, 7)",add
2022-09-26,BANETTE,30.0,25.693066991958677,30.292633657153218,"(1, 1, 1)(1, 0, 1, 7)",add
2022-09-27,BANETTE,30.0,21.060715884094915,26.356483055524755,"(1, 1, 1)(1, 0, 1, 7)",add
2022-09-28,BANETTE,22.0,19.781471496681597,17.88242796093663,"(1, 1, 1)(1, 0, 1, 7)",add
2022-09-29,BANETTE,30.0,24.748338778007955,30.70301340967001,"(1, 1, 1)(1, 0, 1, 7)",add
2022-09-30,BANETTE,30.0,24.016208598053954,29.339420290472447,"(1, 1, 1)(1, 0, 1, 7)",add
2021-01-02,BOULE 400G,11.0,0.0,7.040013534323179,"(2, 1, 1)(1, 0, 1, 7)",add
2021-01-03,BOULE 400G,11.0,10.999826541283795,11.775843623534726,"(2, 1, 1)(1, 0, 1, 7)",add
2021-01-04,BOULE 400G,5.0,10.999927882705913,6.431601135875271,"(2, 1, 1)(1, 0, 1, 7)",add
2021-01-05,BOULE 400G,6.0,8.61158850805807,5.550358833656341,"(2, 1, 1)(1, 0, 1, 7)",add
2021-01-06,BOULE 400G,0.0,7.625001863489087,2.2338850607341825,"(2, 1, 1)(1, 0, 1, 7)",add
2021-01-07,BOULE 400G,3.0,5.644881876639711,4.849597747644292,"(2, 1, 1)(1, 0, 1, 7)",add
2021-01-08,BOULE 400G,5.0,5.191830918083356,4.7850276226449315,"(2, 1, 1)(1, 0, 1, 7)",add
2021-01-09,BOULE 400G,6.0,7.013570851272266,6.714994339577904,"(2, 1, 1)(1, 0, 1, 7)",add
2021-01-10,BOULE 400G,7.0,6.987257618021083,10.582059722086337,"(2, 1, 1)(1, 0, 1, 7)",add
2021-01-11,BOULE 400G,6.0,4.8913776275069125,4.71633027921554,"(2, 1, 1)(1, 0, 1, 7)",add
2021-01-12,BOULE 400G,3.0,5.631650510053776,4.339674324549962,"(2, 1, 1)(1, 0, 1, 7)",add
2021-01-13,BOULE 400G,0.0,2.8548551942765514,0.690687069241251,"(2, 1, 1)(1, 0, 1, 7)",add
2021-01-14,BOULE 400G,4.0,3.309957477077645,3.5931765379848306,"(2, 1, 1)(1, 0, 1, 7)",add
2021-01-15,BOULE 400G,3.0,4.49706750478309,3.947923452363492,"(2, 1, 1)(1, 0, 1, 7)",add
2021-01-16,BOULE 400G,2.0,5.655056858686309,5.661785997639512,"(2, 1, 1)(1, 0, 1, 7)",add
2021-01-17,BOULE 400G,7.0,5.0085087268724955,8.981240877094427,"(2, 1, 1)(1, 0, 1, 7)",add
2021-01-18,BOULE 400G,7.0,3.8147882790732535,3.412996059784236,"(2, 1, 1)(1, 0, 1, 7)",add
2021-01-19,BOULE 400G,5.0,4.304890218219327,3.464375119793858,"(2, 1, 1)(1, 0, 1, 7)",add
2021-01-20,BOULE 400G,0.0,2.0304470778962114,0.34971272577568113,"(2, 1, 1)(1, 0, 1, 7)",add
2021-01-21,BOULE 400G,4.0,3.2681285732846694,3.315566406659168,"(2, 1, 1)(1, 0, 1, 7)",add
2021-01-22,BOULE 400G,5.0,3.6882602955082615,3.721902385114385,"(2, 1, 1)(1, 0, 1, 7)",add
2021-01-23,BOULE 400G,2.0,4.926484371854577,5.849432626614937,"(2, 1, 1)(1, 0, 1, 7)",add
2021-01-24,BOULE 400G,9.0,5.435919250828728,9.134016610257312,"(2, 1, 1)(1, 0, 1, 7)",add
2021-01-25,BOULE 400G,6.0,4.8778301504859725,3.909046624490773,"(2, 1, 1)(1, 0, 1, 7)",add
2021-01-26,BOULE 400G,7.0,4.478530137548291,3.682410440330962,"(2, 1, 1)(1, 0, 1, 7)",add
2021-01-27,BOULE 400G,0.0,1.9916727645885342,0.8988955069331168,"(2, 1, 1)(1, 0, 1, 7)",add
2021-01-28,BOULE 400G,5.0,3.7675560383321125,3.7626930216688486,"(2, 1, 1)(1, 0, 1, 7)",add
2021-01-29,BOULE 400G,4.0,4.327028291935416,4.271771001463449,"(2, 1, 1)(1, 0, 1, 7)",add
2021-01-30,BOULE 400G,5.0,4.402746822187911,6.111284840330345,"(2, 1, 1)(1, 0, 1, 7)",add
2021-01-31,BOULE 400G,7.0,6.8266795949554995,9.904706455089304,"(2, 1, 1)(1, 0, 1, 7)",add
2021-02-01,BOULE 400G,3.0,5.235195753078712,4.164851456809946,"(2, 1, 1)(1, 0, 1, 7)",add
2021-02-02,BOULE 400G,6.0,4.1591035806509655,3.33317999056875,"(2, 1, 1)(1, 0, 1, 7)",add
2021-02-03,BOULE 400G,0.0,1.0052392121794043,0.4287307387223298,"(2, 1, 1)(1, 0, 1, 7)",add
2021-02-04,BOULE 400G,7.0,3.7103151709140114,3.379900282129851,"(2, 1, 1)(1, 0, 1, 7)",add
2021-02-05,BOULE 400G,3.0,4.573665139404759,4.331779274748528,"(2, 1, 1)(1, 0, 1, 7)",add
2021-02-06,BOULE 400G,5.0,4.478638766056161,5.974308823196886,"(2, 1, 1)(1, 0, 1, 7)",add
2021-02-07,BOULE 400G,3.0,6.634361690703632,9.793185072810507,"(2, 1, 1)(1, 0, 1, 7)",add
2021-02-08,BOULE 400G,7.0,3.806849114184505,3.3307232603921917,"(2, 1, 1)(1, 0, 1, 7)",add
2021-02-09,BOULE 400G,9.0,4.675834030296289,3.3973913039101813,"(2, 1, 1)(1, 0, 1, 7)",add
2021-02-10,BOULE 400G,0.0,2.0422238969022164,1.0385078422891367,"(2, 1, 1)(1, 0, 1, 7)",add
2021-02-11,BOULE 400G,6.0,4.804164607659461,3.876360807810596,"(2, 1, 1)(1, 0, 1, 7)",add
2021-02-12,BOULE 400G,6.0,4.257564396442896,4.550148372069925,"(2, 1, 1)(1, 0, 1, 7)",add
2021-02-13,BOULE 400G,7.0,5.287112337089033,6.709596140290573,"(2, 1, 1)(1, 0, 1, 7)",add
2021-02-14,BOULE 400G,11.0,7.127866016406327,10.763497471032618,"(2, 1, 1)(1, 0, 1, 7)",add
2021-02-15,BOULE 400G,6.0,6.921204298626068,5.607382089108434,"(2, 1, 1)(1, 0, 1, 7)",add
2021-02-16,BOULE 400G,6.0,6.962384056130342,5.065139494299057,"(2, 1, 1)(1, 0, 1, 7)",add
2021-02-17,BOULE 400G,0.0,1.7942925495768183,1.8388353829441928,"(2, 1, 1)(1, 0, 1, 7)",add
2021-02-18,BOULE 400G,3.0,5.166335229951091,4.5279612520159525,"(2, 1, 1)(1, 0, 1, 7)",add
2021-02-19,BOULE 400G,9.0,4.248589311873111,4.523161733021111,"(2, 1, 1)(1, 0, 1, 7)",add
2021-02-20,BOULE 400G,10.0,6.123752420971227,7.245122861021042,"(2, 1, 1)(1, 0, 1, 7)",add
2021-02-21,BOULE 400G,10.0,9.082087243061734,11.757004126832701,"(2, 1, 1)(1, 0, 1, 7)",add
2021-02-22,BOULE 400G,8.0,7.4029325462587305,6.230429849507234,"(2, 1, 1)(1, 0, 1, 7)",add
2021-02-23,BOULE 400G,8.0,7.600117141555191,5.944070125326276,"(2, 1, 1)(1, 0, 1, 7)",add
2021-02-24,BOULE 400G,0.0,2.824339990944602,2.926097457906916,"(2, 1, 1)(1, 0, 1, 7)",add
2021-02-25,BOULE 400G,8.0,5.646103122161719,5.413174386670151,"(2, 1, 1)(1, 0, 1, 7)",add
2021-02-26,BOULE 400G,10.0,6.702195284880587,6.173037173924758,"(2, 1, 1)(1, 0, 1, 7)",add
2021-02-27,BOULE 400G,15.0,8.304156016017563,8.774230138304507,"(2, 1, 1)(1, 0, 1, 7)",add
2021-02-28,BOULE 400G,19.0,11.320047127921352,13.931117068066591,"(2, 1, 1)(1, 0, 1, 7)",add
2021-03-01,BOULE 400G,4.0,11.297745120568926,9.673016398575419,"(2, 1, 1)(1, 0, 1, 7)",add
2021-03-02,BOULE 400G,10.0,9.300748666329936,8.003580082262554,"(2, 1, 1)(1, 0, 1, 7)",add
2021-03-03,BOULE 400G,0.0,3.769410357877817,4.974548513761601,"(2, 1, 1)(1, 0, 1, 7)",add
2021-03-04,BOULE 400G,10.0,7.386470702494661,7.080956076196109,"(2, 1, 1)(1, 0, 1, 7)",add
2021-03-05,BOULE 400G,10.0,8.700242600387584,7.902555917587061,"(2, 1, 1)(1, 0, 1, 7)",add
2021-03-06,BOULE 400G,10.0,10.5364151741537,10.182347595701325,"(2, 1, 1)(1, 0, 1, 7)",add
2021-03-07,BOULE 400G,15.0,12.11243816519516,14.148396206483161,"(2, 1, 1)(1, 0, 1, 7)",add
2021-03-08,BOULE 400G,6.0,9.27213652707924,9.10658680611261,"(2, 1, 1)(1, 0, 1, 7)",add
2021-03-09,BOULE 400G,6.0,9.572560818286188,7.91407725058217,"(2, 1, 1)(1, 0, 1, 7)",add
2021-03-10,BOULE 400G,0.0,2.846929075300279,4.1583470993448,"(2, 1, 1)(1, 0, 1, 7)",add
2021-03-11,BOULE 400G,7.0,7.24948580590389,6.416431644411932,"(2, 1, 1)(1, 0, 1, 7)",add
2021-03-12,BOULE 400G,10.0,8.06706440126709,6.804023554742992,"(2, 1, 1)(1, 0, 1, 7)",add
2021-03-13,BOULE 400G,9.0,9.820245892584829,9.287958562159783,"(2, 1, 1)(1, 0, 1, 7)",add
2021-03-14,BOULE 400G,19.0,11.93651208160397,13.23438119283133,"(2, 1, 1)(1, 0, 1, 7)",add
2021-03-15,BOULE 400G,5.0,9.39328462637717,9.105756892016997,"(2, 1, 1)(1, 0, 1, 7)",add
2021-03-16,BOULE 400G,5.0,9.27639757054945,7.727568775913311,"(2, 1, 1)(1, 0, 1, 7)",add
2021-03-17,BOULE 400G,0.0,2.182190468672332,3.820665228281371,"(2, 1, 1)(1, 0, 1, 7)",add
2021-03-18,BOULE 400G,7.0,6.97515204270114,6.141502136169679,"(2, 1, 1)(1, 0, 1, 7)",add
2021-03-19,BOULE 400G,3.0,8.197171818727577,6.580184962921966,"(2, 1, 1)(1, 0, 1, 7)",add
2021-03-20,BOULE 400G,10.0,7.906357063760833,7.804887018679863,"(2, 1, 1)(1, 0, 1, 7)",add
2021-03-21,BOULE 400G,9.0,11.7222485238691,12.212745751670688,"(2, 1, 1)(1, 0, 1, 7)",add
2021-03-22,BOULE 400G,6.0,6.077436351625526,6.415646952765077,"(2, 1, 1)(1, 0, 1, 7)",add
2021-03-23,BOULE 400G,6.0,6.7446292276535305,5.723202246660649,"(2, 1, 1)(1, 0, 1, 7)",add
2021-03-24,BOULE 400G,0.0,1.3897664273288335,2.3746085007889817,"(2, 1, 1)(1, 0, 1, 7)",add
2021-03-25,BOULE 400G,6.0,6.2866709038617214,4.964170158803305,"(2, 1, 1)(1, 0, 1, 7)",add
2021-03-26,BOULE 400G,7.0,6.536017614674614,5.435807080924842,"(2, 1, 1)(1, 0, 1, 7)",add
2021-03-27,BOULE 400G,6.0,8.318403611924083,7.616503209813422,"(2, 1, 1)(1, 0, 1, 7)",add
2021-03-28,BOULE 400G,6.0,10.408279557542295,11.316038687523081,"(2, 1, 1)(1, 0, 1, 7)",add
2021-03-29,BOULE 400G,5.0,4.410213989896247,5.128079102949072,"(2, 1, 1)(1, 0, 1, 7)",add
2021-03-30,BOULE 400G,9.0,5.377803516598645,4.489073931488687,"(2, 1, 1)(1, 0, 1, 7)",add
2021-03-31,BOULE 400G,0.0,1.2143528177935687,1.9273200459516562,"(2, 1, 1)(1, 0, 1, 7)",add
2021-04-01,BOULE 400G,5.0,6.118759909845448,4.60000256359425,"(2, 1, 1)(1, 0, 1, 7)",add
2021-04-02,BOULE 400G,7.0,5.970350963753688,4.953480978617823,"(2, 1, 1)(1, 0, 1, 7)",add
2021-04-03,BOULE 400G,8.0,7.462736598039107,7.223809110772604,"(2, 1, 1)(1, 0, 1, 7)",add
2021-04-04,BOULE 400G,19.0,9.854916899517706,11.367985598525983,"(2, 1, 1)(1, 0, 1, 7)",add
2021-04-05,BOULE 400G,9.0,7.670118140284112,7.586198790446621,"(2, 1, 1)(1, 0, 1, 7)",add
2021-04-06,BOULE 400G,5.0,8.989655852866933,7.233725532862086,"(2, 1, 1)(1, 0, 1, 7)",add
2021-04-07,BOULE 400G,0.0,1.6702658674273199,3.418594250845542,"(2, 1, 1)(1, 0, 1, 7)",add
2021-04-08,BOULE 400G,4.0,6.1587918610973755,5.814149128568775,"(2, 1, 1)(1, 0, 1, 7)",add
2021-04-09,BOULE 400G,3.0,6.394533334721004,5.756166519205747,"(2, 1, 1)(1, 0, 1, 7)",add
2021-04-10,BOULE 400G,6.0,6.856018979332491,7.1339982179278305,"(2, 1, 1)(1, 0, 1, 7)",add
2021-04-11,BOULE 400G,10.0,10.16077916153883,10.92319894245243,"(2, 1, 1)(1, 0, 1, 7)",add
2021-04-12,BOULE 400G,4.0,5.43763870248039,5.551573005372863,"(2, 1, 1)(1, 0, 1, 7)",add
2021-04-13,BOULE 400G,9.0,5.591606210913954,4.648035996424967,"(2, 1, 1)(1, 0, 1, 7)",add
2021-04-14,BOULE 400G,3.0,0.9651219513423399,2.0567417475208685,"(2, 1, 1)(1, 0, 1, 7)",add
2021-04-15,BOULE 400G,4.0,6.3539079344681255,5.262871827279961,"(2, 1, 1)(1, 0, 1, 7)",add
2021-04-16,BOULE 400G,7.0,5.898608944087296,5.3073346145756615,"(2, 1, 1)(1, 0, 1, 7)",add
2021-04-17,BOULE 400G,6.0,7.366997997248524,7.511905139787285,"(2, 1, 1)(1, 0, 1, 7)",add
2021-04-18,BOULE 400G,21.0,10.488410287778372,11.230878368241466,"(2, 1, 1)(1, 0, 1, 7)",add
2021-04-19,BOULE 400G,7.0,7.937837762915365,7.846236150365415,"(2, 1, 1)(1, 0, 1, 7)",add
2021-04-20,BOULE 400G,8.0,8.751545740330032,7.073773854126217,"(2, 1, 1)(1, 0, 1, 7)",add
2021-04-21,BOULE 400G,4.0,2.410535303272334,3.845865195630885,"(2, 1, 1)(1, 0, 1, 7)",add
2021-04-22,BOULE 400G,10.0,6.96781912112326,6.905350266670525,"(2, 1, 1)(1, 0, 1, 7)",add
2021-04-23,BOULE 400G,4.0,8.341696875813359,7.759583424852079,"(2, 1, 1)(1, 0, 1, 7)",add
2021-04-24,BOULE 400G,7.0,8.200961279522424,8.950947364657386,"(2, 1, 1)(1, 0, 1, 7)",add
2021-04-25,BOULE 400G,7.0,12.483253574152492,12.588332153370633,"(2, 1, 1)(1, 0, 1, 7)",add
2021-04-26,BOULE 400G,7.0,5.391461742433297,6.349771515477147,"(2, 1, 1)(1, 0, 1, 7)",add
2021-04-27,BOULE 400G,6.0,6.854768711309032,5.855401411222779,"(2, 1, 1)(1, 0, 1, 7)",add
2021-04-28,BOULE 400G,4.0,1.9343719622681803,2.4822407263172397,"(2, 1, 1)(1, 0, 1, 7)",add
2021-04-29,BOULE 400G,3.0,6.718549912399666,5.795131931303971,"(2, 1, 1)(1, 0, 1, 7)",add
2021-04-30,BOULE 400G,6.0,5.702552390022806,5.5548505548655545,"(2, 1, 1)(1, 0, 1, 7)",add
2021-05-01,BOULE 400G,5.0,6.906028486551055,7.527591717536222,"(2, 1, 1)(1, 0, 1, 7)",add
2021-05-02,BOULE 400G,13.0,10.750288632401821,11.057817079725684,"(2, 1, 1)(1, 0, 1, 7)",add
2021-05-03,BOULE 400G,8.0,6.163769385259394,6.21867303663939,"(2, 1, 1)(1, 0, 1, 7)",add
2021-05-04,BOULE 400G,5.0,7.432211695345117,5.934498113746047,"(2, 1, 1)(1, 0, 1, 7)",add
2021-05-05,BOULE 400G,6.0,2.1016973909392918,2.3608058824396783,"(2, 1, 1)(1, 0, 1, 7)",add
2021-05-06,BOULE 400G,3.0,6.453266632035527,6.067929234403244,"(2, 1, 1)(1, 0, 1, 7)",add
2021-05-07,BOULE 400G,8.0,5.966335644059084,5.7769531751652625,"(2, 1, 1)(1, 0, 1, 7)",add
2021-05-08,BOULE 400G,14.0,7.132011165972455,8.080085960810605,"(2, 1, 1)(1, 0, 1, 7)",add
2021-05-09,BOULE 400G,15.0,13.453265784104055,13.180134851016614,"(2, 1, 1)(1, 0, 1, 7)",add
2021-05-10,BOULE 400G,12.0,8.659328953598585,8.318260155735837,"(2, 1, 1)(1, 0, 1, 7)",add
2021-05-11,BOULE 400G,9.0,9.161386700350912,8.387244252712103,"(2, 1, 1)(1, 0, 1, 7)",add
2021-05-12,BOULE 400G,9.0,5.153223035935417,5.101082516774941,"(2, 1, 1)(1, 0, 1, 7)",add
2021-05-13,BOULE 400G,12.0,8.384639712753343,8.856470985322954,"(2, 1, 1)(1, 0, 1, 7)",add
2021-05-14,BOULE 400G,8.0,10.016196626574922,9.719787516526285,"(2, 1, 1)(1, 0, 1, 7)",add
2021-05-15,BOULE 400G,13.0,10.793647039044103,11.290212412483331,"(2, 1, 1)(1, 0, 1, 7)",add
2021-05-16,BOULE 400G,16.0,14.954689079960273,15.60788177551368,"(2, 1, 1)(1, 0, 1, 7)",add
2021-05-17,BOULE 400G,0.0,10.643250091213915,10.480684891805351,"(2, 1, 1)(1, 0, 1, 7)",add
2021-05-18,BOULE 400G,0.0,7.704580039938305,7.917826146088708,"(2, 1, 1)(1, 0, 1, 7)",add
2021-05-19,BOULE 400G,0.0,2.6236825841019336,3.046402612225846,"(2, 1, 1)(1, 0, 1, 7)",add
2021-05-20,BOULE 400G,0.0,5.3508461640173826,5.511122899013293,"(2, 1, 1)(1, 0, 1, 7)",add
2021-05-21,BOULE 400G,3.0,4.891970328440438,4.766121354779079,"(2, 1, 1)(1, 0, 1, 7)",add
2021-05-22,BOULE 400G,2.0,6.773136395720966,6.3279359044958,"(2, 1, 1)(1, 0, 1, 7)",add
2021-05-23,BOULE 400G,12.0,9.83086576088552,9.523598290984793,"(2, 1, 1)(1, 0, 1, 7)",add
2021-05-24,BOULE 400G,8.0,4.58603608416839,4.7837296136484735,"(2, 1, 1)(1, 0, 1, 7)",add
2021-05-25,BOULE 400G,7.0,5.599931969981537,4.766214224545952,"(2, 1, 1)(1, 0, 1, 7)",add
2021-05-26,BOULE 400G,6.0,3.1282300067419806,1.7812930146434147,"(2, 1, 1)(1, 0, 1, 7)",add
2021-05-27,BOULE 400G,2.0,5.804180846293968,5.59610885724904,"(2, 1, 1)(1, 0, 1, 7)",add
2021-05-28,BOULE 400G,7.0,5.299641506364793,5.206979707283409,"(2, 1, 1)(1, 0, 1, 7)",add
2021-05-29,BOULE 400G,8.0,7.033915854964475,7.430199464488022,"(2, 1, 1)(1, 0, 1, 7)",add
2021-05-30,BOULE 400G,13.0,11.929371443967597,11.536021857843757,"(2, 1, 1)(1, 0, 1, 7)",add
2021-05-31,BOULE 400G,8.0,6.460807874586245,6.608011688646567,"(2, 1, 1)(1, 0, 1, 7)",add
2021-06-01,BOULE 400G,7.0,6.466610115767856,6.251484879422693,"(2, 1, 1)(1, 0, 1, 7)",add
2021-06-02,BOULE 400G,3.0,4.064975725281698,2.990551686025299,"(2, 1, 1)(1, 0, 1, 7)",add
2021-06-03,BOULE 400G,1.0,5.038367498919274,6.023149263484191,"(2, 1, 1)(1, 0, 1, 7)",add
2021-06-04,BOULE 400G,4.0,5.130719258373188,5.368829219347856,"(2, 1, 1)(1, 0, 1, 7)",add
2021-06-05,BOULE 400G,7.0,6.3773842083891825,7.004473673376784,"(2, 1, 1)(1, 0, 1, 7)",add
2021-06-06,BOULE 400G,15.0,11.23508079888556,11.003577090669207,"(2, 1, 1)(1, 0, 1, 7)",add
2021-06-07,BOULE 400G,8.0,6.8447069203217215,6.546178187495466,"(2, 1, 1)(1, 0, 1, 7)",add
2021-06-08,BOULE 400G,5.0,6.722899058077525,6.201142070047606,"(2, 1, 1)(1, 0, 1, 7)",add
2021-06-09,BOULE 400G,8.0,3.476354589537105,2.5778986495192187,"(2, 1, 1)(1, 0, 1, 7)",add
2021-06-10,BOULE 400G,2.0,5.334872244881181,6.616344619437921,"(2, 1, 1)(1, 0, 1, 7)",add
2021-06-11,BOULE 400G,6.0,5.9379138730655425,6.03762221558988,"(2, 1, 1)(1, 0, 1, 7)",add
2021-06-12,BOULE 400G,7.0,7.26562001391029,7.920648575632413,"(2, 1, 1)(1, 0, 1, 7)",add
2021-06-13,BOULE 400G,15.0,12.189351929547481,11.749496658538817,"(2, 1, 1)(1, 0, 1, 7)",add
2021-06-14,BOULE 400G,8.0,7.360837502798886,7.153481444069002,"(2, 1, 1)(1, 0, 1, 7)",add
2021-06-15,BOULE 400G,5.0,6.826243233285817,6.6955884706135365,"(2, 1, 1)(1, 0, 1, 7)",add
2021-06-16,BOULE 400G,6.0,4.398767845662143,2.9804606980285064,"(2, 1, 1)(1, 0, 1, 7)",add
2021-06-17,BOULE 400G,8.0,4.69528984113936,6.572431869363414,"(2, 1, 1)(1, 0, 1, 7)",add
2021-06-18,BOULE 400G,6.0,7.2258873382547915,7.116866609124566,"(2, 1, 1)(1, 0, 1, 7)",add
2021-06-19,BOULE 400G,3.0,8.315936748069543,8.799333976934175,"(2, 1, 1)(1, 0, 1, 7)",add
2021-06-20,BOULE 400G,12.0,11.91843123075397,11.721562360569376,"(2, 1, 1)(1, 0, 1, 7)",add
2021-06-21,BOULE 400G,8.0,6.438833227869944,6.573239897046312,"(2, 1, 1)(1, 0, 1, 7)",add
2021-06-22,BOULE 400G,4.0,6.173026028640032,6.223174826723523,"(2, 1, 1)(1, 0, 1, 7)",add
2021-06-23,BOULE 400G,8.0,4.2992518488647775,2.4100042118210934,"(2, 1, 1)(1, 0, 1, 7)",add
2021-06-24,BOULE 400G,5.0,5.355595817251942,6.479650472821194,"(2, 1, 1)(1, 0, 1, 7)",add
2021-06-25,BOULE 400G,8.0,6.541199549358298,6.483828680509328,"(2, 1, 1)(1, 0, 1, 7)",add
2021-06-26,BOULE 400G,9.0,7.52628789952404,8.655600821767512,"(2, 1, 1)(1, 0, 1, 7)",add
2021-06-27,BOULE 400G,11.0,13.368823750660646,12.719536252972024,"(2, 1, 1)(1, 0, 1, 7)",add
2021-06-28,BOULE 400G,8.0,7.43748351174006,7.199924735024899,"(2, 1, 1)(1, 0, 1, 7)",add
2021-06-29,BOULE 400G,4.0,6.10167344929768,6.733401075428374,"(2, 1, 1)(1, 0, 1, 7)",add
2021-06-30,BOULE 400G,4.0,5.074074408653074,2.825413695329805,"(2, 1, 1)(1, 0, 1, 7)",add
2021-07-01,BOULE 400G,7.0,4.607136911303219,6.074532111466253,"(2, 1, 1)(1, 0, 1, 7)",add
2021-07-02,BOULE 400G,6.0,6.690725182976186,6.52566016447572,"(2, 1, 1)(1, 0, 1, 7)",add
2021-07-03,BOULE 400G,8.0,7.4867327456992445,8.317993072890124,"(2, 1, 1)(1, 0, 1, 7)",add
2021-07-04,BOULE 400G,9.0,12.386687267566629,12.258834306761862,"(2, 1, 1)(1, 0, 1, 7)",add
2021-07-05,BOULE 400G,5.0,6.78505116259236,6.4531707432691645,"(2, 1, 1)(1, 0, 1, 7)",add
2021-07-06,BOULE 400G,8.0,4.656621655128911,5.567920100819149,"(2, 1, 1)(1, 0, 1, 7)",add
2021-07-07,BOULE 400G,5.0,5.13066596471292,2.6198484403408204,"(2, 1, 1)(1, 0, 1, 7)",add
2021-07-08,BOULE 400G,7.0,5.467599914509502,6.0930004063016305,"(2, 1, 1)(1, 0, 1, 7)",add
2021-07-09,BOULE 400G,11.0,6.659435248999616,6.540696444632466,"(2, 1, 1)(1, 0, 1, 7)",add
2021-07-10,BOULE 400G,14.0,8.688310198148175,9.259399048325081,"(2, 1, 1)(1, 0, 1, 7)",add
2021-07-11,BOULE 400G,19.0,14.110020234504406,14.140292902122374,"(2, 1, 1)(1, 0, 1, 7)",add
2021-07-12,BOULE 400G,16.0,10.31829005947276,9.843320504662055,"(2, 1, 1)(1, 0, 1, 7)",add
2021-07-13,BOULE 400G,8.0,10.199250865845752,10.372229531737766,"(2, 1, 1)(1, 0, 1, 7)",add
2021-07-14,BOULE 400G,17.0,8.362279826765741,6.53135966576272,"(2, 1, 1)(1, 0, 1, 7)",add
2021-07-15,BOULE 400G,14.0,10.39253280397647,11.507618033790331,"(2, 1, 1)(1, 0, 1, 7)",add
2021-07-16,BOULE 400G,13.0,12.65272589228637,12.249930094997442,"(2, 1, 1)(1, 0, 1, 7)",add
2021-07-17,BOULE 400G,13.0,13.322017360575597,14.279335476179412,"(2, 1, 1)(1, 0, 1, 7)",add
2021-07-18,BOULE 400G,31.0,17.208442513818675,18.04152777311944,"(2, 1, 1)(1, 0, 1, 7)",add
2021-07-19,BOULE 400G,24.0,16.06456035070042,15.249571461296782,"(2, 1, 1)(1, 0, 1, 7)",add
2021-07-20,BOULE 400G,6.0,15.966004491289539,16.26048409882324,"(2, 1, 1)(1, 0, 1, 7)",add
2021-07-21,BOULE 400G,6.0,13.018930306123469,10.953717911376533,"(2, 1, 1)(1, 0, 1, 7)",add
2021-07-22,BOULE 400G,19.0,10.701134135725336,13.0639964826826,"(2, 1, 1)(1, 0, 1, 7)",add
2021-07-23,BOULE 400G,8.0,14.266151317730788,14.446246330047448,"(2, 1, 1)(1, 0, 1, 7)",add
2021-07-24,BOULE 400G,13.0,14.289715785889474,15.13834021761668,"(2, 1, 1)(1, 0, 1, 7)",add
2021-07-25,BOULE 400G,19.0,19.515981215009464,18.74090127042144,"(2, 1, 1)(1, 0, 1, 7)",add
2021-07-26,BOULE 400G,16.0,15.2613475125779,13.588985003405815,"(2, 1, 1)(1, 0, 1, 7)",add
2021-07-27,BOULE 400G,17.0,11.585794199998977,13.421826761926807,"(2, 1, 1)(1, 0, 1, 7)",add
2021-07-28,BOULE 400G,8.0,13.326182158672278,10.686736819426454,"(2, 1, 1)(1, 0, 1, 7)",add
2021-07-29,BOULE 400G,12.0,13.689212476180728,13.218294802454556,"(2, 1, 1)(1, 0, 1, 7)",add
2021-07-30,BOULE 400G,14.0,12.391677273248558,13.271041462457202,"(2, 1, 1)(1, 0, 1, 7)",add
2021-07-31,BOULE 400G,12.0,14.64213533452998,15.296523659411623,"(2, 1, 1)(1, 0, 1, 7)",add
2021-08-01,BOULE 400G,16.0,19.979033310322134,18.683856256735147,"(2, 1, 1)(1, 0, 1, 7)",add
2021-08-02,BOULE 400G,16.0,14.72076944121329,12.9850424660652,"(2, 1, 1)(1, 0, 1, 7)",add
2021-08-03,BOULE 400G,18.0,12.002950192730356,12.93011654877638,"(2, 1, 1)(1, 0, 1, 7)",add
2021-08-04,BOULE 400G,9.0,12.865032581049316,10.472235270824344,"(2, 1, 1)(1, 0, 1, 7)",add
2021-08-05,BOULE 400G,14.0,13.833860659138015,13.229487460013855,"(2, 1, 1)(1, 0, 1, 7)",add
2021-08-06,BOULE 400G,3.0,13.29189986886873,13.651819728924764,"(2, 1, 1)(1, 0, 1, 7)",add
2021-08-07,BOULE 400G,11.0,12.103320205685447,13.562380195803295,"(2, 1, 1)(1, 0, 1, 7)",add
2021-08-08,BOULE 400G,20.0,17.338301082400683,17.086140718161893,"(2, 1, 1)(1, 0, 1, 7)",add
2021-08-09,BOULE 400G,23.0,15.103343085190193,12.42756600026202,"(2, 1, 1)(1, 0, 1, 7)",add
2021-08-10,BOULE 400G,15.0,14.667972119354348,13.777066988394784,"(2, 1, 1)(1, 0, 1, 7)",add
2021-08-11,BOULE 400G,2.0,12.725368057204154,10.604296193330729,"(2, 1, 1)(1, 0, 1, 7)",add
2021-08-12,BOULE 400G,16.0,11.921465004134339,12.036177632641321,"(2, 1, 1)(1, 0, 1, 7)",add
2021-08-13,BOULE 400G,12.0,11.234355049129777,13.051931562764441,"(2, 1, 1)(1, 0, 1, 7)",add
2021-08-14,BOULE 400G,8.0,14.011870190133816,14.74646599113661,"(2, 1, 1)(1, 0, 1, 7)",add
2021-08-15,BOULE 400G,20.0,18.185032164076016,17.492686194031723,"(2, 1, 1)(1, 0, 1, 7)",add
2021-08-16,BOULE 400G,15.0,15.951952802875654,12.758561997787782,"(2, 1, 1)(1, 0, 1, 7)",add
2021-08-17,BOULE 400G,9.0,12.97965572576371,12.559890791031515,"(2, 1, 1)(1, 0, 1, 7)",add
2021-08-18,BOULE 400G,7.0,8.66722912272527,8.49831452462949,"(2, 1, 1)(1, 0, 1, 7)",add
2021-08-19,BOULE 400G,15.0,12.144038731733328,11.250720333432243,"(2, 1, 1)(1, 0, 1, 7)",add
2021-08-20,BOULE 400G,2.0,11.239914524526498,12.226605195789691,"(2, 1, 1)(1, 0, 1, 7)",add
2021-08-21,BOULE 400G,8.0,10.304596835195726,12.216184463932557,"(2, 1, 1)(1, 0, 1, 7)",add
2021-08-22,BOULE 400G,14.0,16.124585692080636,15.432613931940997,"(2, 1, 1)(1, 0, 1, 7)",add
2021-08-23,BOULE 400G,10.0,13.353621215762809,9.966321988225477,"(2, 1, 1)(1, 0, 1, 7)",add
2021-08-24,BOULE 400G,10.0,9.354723999226133,9.357376592020644,"(2, 1, 1)(1, 0, 1, 7)",add
2021-08-25,BOULE 400G,9.0,6.705808092354932,6.076765246675752,"(2, 1, 1)(1, 0, 1, 7)",add
2021-08-26,BOULE 400G,13.0,11.765623690723519,9.650839875448249,"(2, 1, 1)(1, 0, 1, 7)",add
2021-08-27,BOULE 400G,9.0,8.788963369013931,10.552369408651192,"(2, 1, 1)(1, 0, 1, 7)",add
2021-08-28,BOULE 400G,15.0,10.424887702346783,12.153906077991651,"(2, 1, 1)(1, 0, 1, 7)",add
2021-08-29,BOULE 400G,20.0,17.68932438533343,16.68273841270735,"(2, 1, 1)(1, 0, 1, 7)",add
2021-08-30,BOULE 400G,8.0,15.192184103671796,12.099129069036962,"(2, 1, 1)(1, 0, 1, 7)",add
2021-08-31,BOULE 400G,6.0,10.221481694073555,10.722172619741588,"(2, 1, 1)(1, 0, 1, 7)",add
2021-09-01,BOULE 400G,8.0,6.319181303335241,6.4446062832005175,"(2, 1, 1)(1, 0, 1, 7)",add
2021-09-02,BOULE 400G,7.0,11.287612340692885,9.764491201594476,"(2, 1, 1)(1, 0, 1, 7)",add
2021-09-03,BOULE 400G,7.0,7.297870098450416,9.529903877317583,"(2, 1, 1)(1, 0, 1, 7)",add
2021-09-04,BOULE 400G,19.0,9.449461824424528,10.949782593109106,"(2, 1, 1)(1, 0, 1, 7)",add
2021-09-05,BOULE 400G,11.0,18.021783951559097,16.44571169278028,"(2, 1, 1)(1, 0, 1, 7)",add
2021-09-06,BOULE 400G,4.0,12.280798821537013,10.233654612393464,"(2, 1, 1)(1, 0, 1, 7)",add
2021-09-07,BOULE 400G,2.0,6.975253277666999,8.460033334968731,"(2, 1, 1)(1, 0, 1, 7)",add
2021-09-08,BOULE 400G,5.0,4.19156515884721,3.8595155003470354,"(2, 1, 1)(1, 0, 1, 7)",add
2021-09-09,BOULE 400G,1.0,8.331151440377752,7.102296683055587,"(2, 1, 1)(1, 0, 1, 7)",add
2021-09-10,BOULE 400G,10.0,4.246656269551296,6.24743566762808,"(2, 1, 1)(1, 0, 1, 7)",add
2021-09-11,BOULE 400G,15.0,9.15544086161404,8.834802952662008,"(2, 1, 1)(1, 0, 1, 7)",add
2021-09-12,BOULE 400G,12.0,15.111727193583,13.980433467586982,"(2, 1, 1)(1, 0, 1, 7)",add
2021-09-13,BOULE 400G,7.0,9.646085640570984,8.412338693434858,"(2, 1, 1)(1, 0, 1, 7)",add
2021-09-14,BOULE 400G,7.0,6.052515940459798,7.534675984556359,"(2, 1, 1)(1, 0, 1, 7)",add
2021-09-15,BOULE 400G,4.0,5.07906218465405,4.0352838133504445,"(2, 1, 1)(1, 0, 1, 7)",add
2021-09-16,BOULE 400G,7.0,7.309757794992674,7.059568694972778,"(2, 1, 1)(1, 0, 1, 7)",add
2021-09-17,BOULE 400G,1.0,6.005101263257383,7.327644655533011,"(2, 1, 1)(1, 0, 1, 7)",add
2021-09-18,BOULE 400G,16.0,8.480052957363865,8.041778622680368,"(2, 1, 1)(1, 0, 1, 7)",add
2021-09-19,BOULE 400G,9.0,13.346106542257644,13.520611843891785,"(2, 1, 1)(1, 0, 1, 7)",add
2021-09-20,BOULE 400G,7.0,8.281662391312501,7.4804686455870835,"(2, 1, 1)(1, 0, 1, 7)",add
2021-09-21,BOULE 400G,7.0,5.333225117363268,6.775977943723868,"(2, 1, 1)(1, 0, 1, 7)",add
2021-09-22,BOULE 400G,0.0,4.479298695922321,3.417576743043265,"(2, 1, 1)(1, 0, 1, 7)",add
2021-09-23,BOULE 400G,3.0,5.849105254539146,5.813320707075991,"(2, 1, 1)(1, 0, 1, 7)",add
2021-09-24,BOULE 400G,8.0,3.3091113059305375,5.569659259765174,"(2, 1, 1)(1, 0, 1, 7)",add
2021-09-25,BOULE 400G,12.0,9.727235609983024,7.911314051193187,"(2, 1, 1)(1, 0, 1, 7)",add
2021-09-26,BOULE 400G,14.0,12.140200497914305,12.671060723888584,"(2, 1, 1)(1, 0, 1, 7)",add
2021-09-27,BOULE 400G,5.0,8.346833715872792,7.717955906020091,"(2, 1, 1)(1, 0, 1, 7)",add
2021-09-28,BOULE 400G,3.0,5.51711324551077,6.597666713310211,"(2, 1, 1)(1, 0, 1, 7)",add
2021-09-29,BOULE 400G,6.0,2.549004164738827,2.5290704420341545,"(2, 1, 1)(1, 0, 1, 7)",add
2021-09-30,BOULE 400G,3.0,5.966751542060823,6.20492472213323,"(2, 1, 1)(1, 0, 1, 7)",add
2021-10-01,BOULE 400G,6.0,4.555379538047951,5.888490409765393,"(2, 1, 1)(1, 0, 1, 7)",add
2021-10-02,BOULE 400G,7.0,9.454748044411026,7.7992303487389,"(2, 1, 1)(1, 0, 1, 7)",add
2021-10-03,BOULE 400G,8.0,10.728559239543557,11.65064191899845,"(2, 1, 1)(1, 0, 1, 7)",add
2021-10-04,BOULE 400G,6.0,5.471384783002204,5.772167655417706,"(2, 1, 1)(1, 0, 1, 7)",add
2021-10-05,BOULE 400G,7.0,3.9540876085462076,5.199302499757883,"(2, 1, 1)(1, 0, 1, 7)",add
2021-10-06,BOULE 400G,3.0,3.4007754336802907,2.133899289166029,"(2, 1, 1)(1, 0, 1, 7)",add
2021-10-07,BOULE 400G,8.0,4.937930603519121,5.325690968014053,"(2, 1, 1)(1, 0, 1, 7)",add
2021-10-08,BOULE 400G,8.0,5.120821138928254,6.101811042670722,"(2, 1, 1)(1, 0, 1, 7)",add
2021-10-09,BOULE 400G,8.0,9.949662790961773,8.344574585801452,"(2, 1, 1)(1, 0, 1, 7)",add
2021-10-10,BOULE 400G,9.0,10.786283793991394,12.280476103077522,"(2, 1, 1)(1, 0, 1, 7)",add
2021-10-11,BOULE 400G,4.0,6.0423495452525104,6.470790784285302,"(2, 1, 1)(1, 0, 1, 7)",add
2021-10-12,BOULE 400G,2.0,4.225468844844272,5.3964329747053394,"(2, 1, 1)(1, 0, 1, 7)",add
2021-10-13,BOULE 400G,2.0,2.0436559744845915,1.3652325296755277,"(2, 1, 1)(1, 0, 1, 7)",add
2021-10-14,BOULE 400G,5.0,4.245385583258773,4.5140349079865265,"(2, 1, 1)(1, 0, 1, 7)",add
2021-10-15,BOULE 400G,2.0,4.311698543984507,4.883488931942237,"(2, 1, 1)(1, 0, 1, 7)",add
2021-10-16,BOULE 400G,25.0,7.321630249828132,6.2376599520079665,"(2, 1, 1)(1, 0, 1, 7)",add
2021-10-17,BOULE 400G,10.0,12.946851875738384,13.724252644137882,"(2, 1, 1)(1, 0, 1, 7)",add
2021-10-18,BOULE 400G,4.0,8.21536667331928,7.832099094438129,"(2, 1, 1)(1, 0, 1, 7)",add
2021-10-19,BOULE 400G,6.0,4.54203075515278,6.504765569220336,"(2, 1, 1)(1, 0, 1, 7)",add
2021-10-20,BOULE 400G,5.0,3.463058308731194,3.0109317338213955,"(2, 1, 1)(1, 0, 1, 7)",add
2021-10-21,BOULE 400G,6.0,6.133400151664075,6.411407601866413,"(2, 1, 1)(1, 0, 1, 7)",add
2021-10-22,BOULE 400G,2.0,5.38115077124045,6.614100358198167,"(2, 1, 1)(1, 0, 1, 7)",add
2021-10-23,BOULE 400G,10.0,10.447041058528391,7.646667035748019,"(2, 1, 1)(1, 0, 1, 7)",add
2021-10-24,BOULE 400G,8.0,9.617637877413891,12.083928228939719,"(2, 1, 1)(1, 0, 1, 7)",add
2021-10-25,BOULE 400G,6.0,5.185929876843998,6.124935163324217,"(2, 1, 1)(1, 0, 1, 7)",add
2021-10-26,BOULE 400G,8.0,4.461619046329151,5.486514238922775,"(2, 1, 1)(1, 0, 1, 7)",add
2021-10-27,BOULE 400G,8.0,4.035534909065422,2.5535704565428605,"(2, 1, 1)(1, 0, 1, 7)",add
2021-10-28,BOULE 400G,11.0,6.857926302933636,6.596537402336366,"(2, 1, 1)(1, 0, 1, 7)",add
2021-10-29,BOULE 400G,6.0,6.525218883261601,7.693990901216318,"(2, 1, 1)(1, 0, 1, 7)",add
2021-10-30,BOULE 400G,11.0,12.173506795433797,9.269209654061186,"(2, 1, 1)(1, 0, 1, 7)",add
2021-10-31,BOULE 400G,16.0,10.670273322065619,13.59078201819906,"(2, 1, 1)(1, 0, 1, 7)",add
2021-11-01,BOULE 400G,14.0,8.023007455765159,8.838428401672635,"(2, 1, 1)(1, 0, 1, 7)",add
2021-11-02,BOULE 400G,12.0,8.895740492290459,9.18241375605377,"(2, 1, 1)(1, 0, 1, 7)",add
2021-11-03,BOULE 400G,3.0,8.049908211601378,6.305981813575105,"(2, 1, 1)(1, 0, 1, 7)",add
2021-11-04,BOULE 400G,2.0,8.397132797875638,8.722463774234466,"(2, 1, 1)(1, 0, 1, 7)",add
2021-11-05,BOULE 400G,5.0,5.032668456670998,7.752355380578295,"(2, 1, 1)(1, 0, 1, 7)",add
2021-11-06,BOULE 400G,5.0,11.142197033839649,9.130895313808669,"(2, 1, 1)(1, 0, 1, 7)",add
2021-11-07,BOULE 400G,4.0,10.039923033688796,12.36317430218499,"(2, 1, 1)(1, 0, 1, 7)",add
2021-11-08,BOULE 400G,3.0,5.158295298794781,5.608957017562066,"(2, 1, 1)(1, 0, 1, 7)",add
2021-11-09,BOULE 400G,2.0,4.4012797165090465,4.508923391945802,"(2, 1, 1)(1, 0, 1, 7)",add
2021-11-10,BOULE 400G,6.0,2.150372101730012,0.6426513251235844,"(2, 1, 1)(1, 0, 1, 7)",add
2021-11-11,BOULE 400G,7.0,4.918855068026109,4.669064124945324,"(2, 1, 1)(1, 0, 1, 7)",add
2021-11-12,BOULE 400G,8.0,4.717517870698966,5.381374209273089,"(2, 1, 1)(1, 0, 1, 7)",add
2021-11-13,BOULE 400G,5.0,10.214101188169957,7.758018536162612,"(2, 1, 1)(1, 0, 1, 7)",add
2021-11-14,BOULE 400G,10.0,8.599940950063267,11.245423040718718,"(2, 1, 1)(1, 0, 1, 7)",add
2021-11-15,BOULE 400G,5.0,5.5426014714287595,5.813917301799465,"(2, 1, 1)(1, 0, 1, 7)",add
2021-11-16,BOULE 400G,4.0,4.960201796755078,5.047460907223826,"(2, 1, 1)(1, 0, 1, 7)",add
2021-11-17,BOULE 400G,0.0,3.3239778774169513,1.4527764853112886,"(2, 1, 1)(1, 0, 1, 7)",add
2021-11-18,BOULE 400G,1.0,4.066369071058106,4.213644754821397,"(2, 1, 1)(1, 0, 1, 7)",add
2021-11-19,BOULE 400G,4.0,2.7598594826713985,3.895589974486662,"(2, 1, 1)(1, 0, 1, 7)",add
2021-11-20,BOULE 400G,3.0,7.110388337208269,5.805010581569895,"(2, 1, 1)(1, 0, 1, 7)",add
2021-11-21,BOULE 400G,4.0,6.849846685642349,9.283682423416508,"(2, 1, 1)(1, 0, 1, 7)",add
2021-11-22,BOULE 400G,0.0,2.841635379068434,3.101735693540206,"(2, 1, 1)(1, 0, 1, 7)",add
2021-11-23,BOULE 400G,4.0,1.7044504054975183,1.9101276337734314,"(2, 1, 1)(1, 0, 1, 7)",add
2021-11-24,BOULE 400G,0.0,0.8516234256925488,-1.1015374058829357,"(2, 1, 1)(1, 0, 1, 7)",add
2021-11-25,BOULE 400G,6.0,2.275955940850404,2.1340061298906745,"(2, 1, 1)(1, 0, 1, 7)",add
2021-11-26,BOULE 400G,4.0,2.8926194138794643,3.1315803178372055,"(2, 1, 1)(1, 0, 1, 7)",add
2021-11-27,BOULE 400G,2.0,6.301439735789277,5.182978967810231,"(2, 1, 1)(1, 0, 1, 7)",add
2021-11-28,BOULE 400G,6.0,5.541790279983797,8.591411891489301,"(2, 1, 1)(1, 0, 1, 7)",add
2021-11-29,BOULE 400G,5.0,2.2336285013949566,2.9097772947465024,"(2, 1, 1)(1, 0, 1, 7)",add
2021-11-30,BOULE 400G,5.0,3.0132648504328823,2.6830053280975523,"(2, 1, 1)(1, 0, 1, 7)",add
2021-12-01,BOULE 400G,0.0,1.5537272113162066,-0.28645294077283534,"(2, 1, 1)(1, 0, 1, 7)",add
2021-12-02,BOULE 400G,1.0,2.954302549965943,2.7976211781694342,"(2, 1, 1)(1, 0, 1, 7)",add
2021-12-03,BOULE 400G,4.0,1.9323231851094107,2.7427100038730385,"(2, 1, 1)(1, 0, 1, 7)",add
2021-12-04,BOULE 400G,3.0,4.866203021977016,4.866373507613356,"(2, 1, 1)(1, 0, 1, 7)",add
2021-12-05,BOULE 400G,10.0,5.512702383149813,8.519474891788775,"(2, 1, 1)(1, 0, 1, 7)",add
2021-12-06,BOULE 400G,0.0,3.5145044736555784,3.5945396913904806,"(2, 1, 1)(1, 0, 1, 7)",add
2021-12-07,BOULE 400G,0.0,2.6678702573247848,2.3113524918391546,"(2, 1, 1)(1, 0, 1, 7)",add
2021-12-08,BOULE 400G,0.0,-0.533313637874922,-1.518204424218958,"(2, 1, 1)(1, 0, 1, 7)",add
2021-12-09,BOULE 400G,3.0,1.6028272884714116,1.7947695043320258,"(2, 1, 1)(1, 0, 1, 7)",add
2021-12-10,BOULE 400G,1.0,2.168464868764394,2.297886621993969,"(2, 1, 1)(1, 0, 1, 7)",add
2021-12-11,BOULE 400G,5.0,3.7647853790443673,3.9467145365225917,"(2, 1, 1)(1, 0, 1, 7)",add
2021-12-12,BOULE 400G,7.0,5.712094809404233,8.14238428094491,"(2, 1, 1)(1, 0, 1, 7)",add
2021-12-13,BOULE 400G,3.0,2.2841285387642642,2.7300265218020305,"(2, 1, 1)(1, 0, 1, 7)",add
2021-12-14,BOULE 400G,6.0,2.264679104445489,2.164992570399689,"(2, 1, 1)(1, 0, 1, 7)",add
2021-12-15,BOULE 400G,0.0,1.1300478013635455,-0.5223691587949353,"(2, 1, 1)(1, 0, 1, 7)",add
2021-12-16,BOULE 400G,1.0,2.6770532486079706,2.6055459281628837,"(2, 1, 1)(1, 0, 1, 7)",add
2021-12-17,BOULE 400G,6.0,1.786049070753902,2.5863286326625903,"(2, 1, 1)(1, 0, 1, 7)",add
2021-12-18,BOULE 400G,4.0,4.939835669027334,5.110718493908804,"(2, 1, 1)(1, 0, 1, 7)",add
2021-12-19,BOULE 400G,4.0,6.521664168626128,8.904245354401018,"(2, 1, 1)(1, 0, 1, 7)",add
2021-12-20,BOULE 400G,8.0,1.9043388469261435,2.7928104721038567,"(2, 1, 1)(1, 0, 1, 7)",add
2021-12-21,BOULE 400G,5.0,3.7072784068287836,3.1452731334201722,"(2, 1, 1)(1, 0, 1, 7)",add
2021-12-22,BOULE 400G,3.0,1.7346781021740445,0.0899103504910328,"(2, 1, 1)(1, 0, 1, 7)",add
2021-12-23,BOULE 400G,3.0,3.3707115840022057,3.6615421880016203,"(2, 1, 1)(1, 0, 1, 7)",add
2021-12-24,BOULE 400G,19.0,3.612980295641135,3.8177517373615286,"(2, 1, 1)(1, 0, 1, 7)",add
2021-12-25,BOULE 400G,12.0,8.66427357867219,8.529129028217564,"(2, 1, 1)(1, 0, 1, 7)",add
2021-12-26,BOULE 400G,42.0,10.85784124539203,13.174065422610198,"(2, 1, 1)(1, 0, 1, 7)",add
2021-12-27,BOULE 400G,6.0,14.517180728632798,13.330803843302443,"(2, 1, 1)(1, 0, 1, 7)",add
2021-12-28,BOULE 400G,5.0,11.862912933407529,11.35329626783584,"(2, 1, 1)(1, 0, 1, 7)",add
2021-12-29,BOULE 400G,3.0,5.638186902689346,6.772613679749879,"(2, 1, 1)(1, 0, 1, 7)",add
2021-12-30,BOULE 400G,2.0,6.774140919097165,9.102380140764838,"(2, 1, 1)(1, 0, 1, 7)",add
2021-12-31,BOULE 400G,15.0,8.419649172843883,8.061670830337096,"(2, 1, 1)(1, 0, 1, 7)",add
2022-01-01,BOULE 400G,0.0,10.640466660244956,11.241057670057389,"(2, 1, 1)(1, 0, 1, 7)",add
2022-01-02,BOULE 400G,12.0,13.606105793383609,13.152035380127952,"(2, 1, 1)(1, 0, 1, 7)",add
2022-01-03,BOULE 400G,5.0,5.958086948471838,7.737884130337646,"(2, 1, 1)(1, 0, 1, 7)",add
2022-01-04,BOULE 400G,3.0,6.2225090802604,6.613891620186357,"(2, 1, 1)(1, 0, 1, 7)",add
2022-01-05,BOULE 400G,0.0,3.4159678112626555,2.5422802292658093,"(2, 1, 1)(1, 0, 1, 7)",add
2022-01-06,BOULE 400G,4.0,3.892764788857709,5.1006829828737565,"(2, 1, 1)(1, 0, 1, 7)",add
2022-01-07,BOULE 400G,6.0,7.971135089219834,5.175285774954653,"(2, 1, 1)(1, 0, 1, 7)",add
2022-01-08,BOULE 400G,6.0,6.170531135961564,7.218562518075935,"(2, 1, 1)(1, 0, 1, 7)",add
2022-01-09,BOULE 400G,8.0,12.099269298690407,10.992048423122956,"(2, 1, 1)(1, 0, 1, 7)",add
2022-01-10,BOULE 400G,1.0,4.516637657726585,5.235962423604761,"(2, 1, 1)(1, 0, 1, 7)",add
2022-01-11,BOULE 400G,6.0,3.269912667122795,3.833577850836736,"(2, 1, 1)(1, 0, 1, 7)",add
2022-01-12,BOULE 400G,0.0,1.9728355028580618,0.8361382705975351,"(2, 1, 1)(1, 0, 1, 7)",add
2022-01-13,BOULE 400G,2.0,3.251778412367906,3.7115981373919746,"(2, 1, 1)(1, 0, 1, 7)",add
2022-01-14,BOULE 400G,2.0,6.300664321504178,3.672672864408101,"(2, 1, 1)(1, 0, 1, 7)",add
2022-01-15,BOULE 400G,5.0,4.057830602687811,5.251853207421286,"(2, 1, 1)(1, 0, 1, 7)",add
2022-01-16,BOULE 400G,6.0,9.664135948903102,9.204985396746965,"(2, 1, 1)(1, 0, 1, 7)",add
2022-01-17,BOULE 400G,1.0,2.4582404434356446,3.4093287262157945,"(2, 1, 1)(1, 0, 1, 7)",add
2022-01-18,BOULE 400G,1.0,2.3652956960330562,2.3463925821092193,"(2, 1, 1)(1, 0, 1, 7)",add
2022-01-19,BOULE 400G,0.0,-0.37183022152388,-1.303843145717594,"(2, 1, 1)(1, 0, 1, 7)",add
2022-01-20,BOULE 400G,3.0,1.365663377866858,1.9692954292771956,"(2, 1, 1)(1, 0, 1, 7)",add
2022-01-21,BOULE 400G,2.0,4.830043986991522,2.4399799081084823,"(2, 1, 1)(1, 0, 1, 7)",add
2022-01-22,BOULE 400G,2.0,3.380503754720155,4.248235017253522,"(2, 1, 1)(1, 0, 1, 7)",add
2022-01-23,BOULE 400G,6.0,7.561059870706691,7.830374013294457,"(2, 1, 1)(1, 0, 1, 7)",add
2022-01-24,BOULE 400G,6.0,1.0866592147491572,2.2901652055723862,"(2, 1, 1)(1, 0, 1, 7)",add
2022-01-25,BOULE 400G,4.0,2.5897970221975086,2.3643702654050465,"(2, 1, 1)(1, 0, 1, 7)",add
2022-01-26,BOULE 400G,0.0,0.6262807113826248,-0.7317079479263704,"(2, 1, 1)(1, 0, 1, 7)",add
2022-01-27,BOULE 400G,4.0,1.823976102958683,2.4351091493962693,"(2, 1, 1)(1, 0, 1, 7)",add
2022-01-28,BOULE 400G,2.0,4.579982556494032,3.005062952765519,"(2, 1, 1)(1, 0, 1, 7)",add
2022-01-29,BOULE 400G,1.0,3.3000272486987927,4.708307105501375,"(2, 1, 1)(1, 0, 1, 7)",add
2022-01-30,BOULE 400G,6.0,7.018482263854269,8.019116837882812,"(2, 1, 1)(1, 0, 1, 7)",add
2022-01-31,BOULE 400G,3.0,1.607146472541472,2.4438334252636444,"(2, 1, 1)(1, 0, 1, 7)",add
2022-02-01,BOULE 400G,4.0,2.0329598115054264,1.9319835342739495,"(2, 1, 1)(1, 0, 1, 7)",add
2022-02-02,BOULE 400G,0.0,0.03161709739692853,-1.0837430482590689,"(2, 1, 1)(1, 0, 1, 7)",add
2022-02-03,BOULE 400G,4.0,1.8805472799606213,2.148493712465392,"(2, 1, 1)(1, 0, 1, 7)",add
2022-02-04,BOULE 400G,3.0,3.9924956748600606,2.77171006093899,"(2, 1, 1)(1, 0, 1, 7)",add
2022-02-05,BOULE 400G,7.0,3.0401542070006027,4.704151617464129,"(2, 1, 1)(1, 0, 1, 7)",add
2022-02-06,BOULE 400G,13.0,8.220032041663808,9.130730290693734,"(2, 1, 1)(1, 0, 1, 7)",add
2022-02-07,BOULE 400G,6.0,4.473965084992631,4.6497021541332995,"(2, 1, 1)(1, 0, 1, 7)",add
2022-02-08,BOULE 400G,4.0,4.598945016512927,4.285427889565826,"(2, 1, 1)(1, 0, 1, 7)",add
2022-02-09,BOULE 400G,0.0,1.3849831494055347,0.832354186212735,"(2, 1, 1)(1, 0, 1, 7)",add
2022-02-10,BOULE 400G,6.0,3.035666555650412,3.7085172599501854,"(2, 1, 1)(1, 0, 1, 7)",add
2022-02-11,BOULE 400G,3.0,5.081457989775652,4.4134956582906,"(2, 1, 1)(1, 0, 1, 7)",add
2022-02-12,BOULE 400G,6.0,4.59005293846469,6.040839623538067,"(2, 1, 1)(1, 0, 1, 7)",add
2022-02-13,BOULE 400G,12.0,9.242495624695907,10.03318505500297,"(2, 1, 1)(1, 0, 1, 7)",add
2022-02-14,BOULE 400G,2.0,4.944181613366831,5.198618449691324,"(2, 1, 1)(1, 0, 1, 7)",add
2022-02-15,BOULE 400G,11.0,3.9285928035529727,3.9890063974509093,"(2, 1, 1)(1, 0, 1, 7)",add
2022-02-16,BOULE 400G,0.0,2.6217833902228094,1.8918470265063223,"(2, 1, 1)(1, 0, 1, 7)",add
2022-02-17,BOULE 400G,8.0,4.749349230334263,4.571121594173948,"(2, 1, 1)(1, 0, 1, 7)",add
2022-02-18,BOULE 400G,9.0,5.799856388329199,5.487465397667004,"(2, 1, 1)(1, 0, 1, 7)",add
2022-02-19,BOULE 400G,10.0,7.019873713365245,8.030227289287785,"(2, 1, 1)(1, 0, 1, 7)",add
2022-02-20,BOULE 400G,13.0,12.063425820667085,12.396210412033742,"(2, 1, 1)(1, 0, 1, 7)",add
2022-02-21,BOULE 400G,8.0,6.429389098897577,7.30834900747955,"(2, 1, 1)(1, 0, 1, 7)",add
2022-02-22,BOULE 400G,8.0,7.531559366182371,6.821676563282095,"(2, 1, 1)(1, 0, 1, 7)",add
2022-02-23,BOULE 400G,0.0,3.707669922209501,3.6406158466424112,"(2, 1, 1)(1, 0, 1, 7)",add
2022-02-24,BOULE 400G,12.0,5.923761129878104,5.994911832706149,"(2, 1, 1)(1, 0, 1, 7)",add
2022-02-25,BOULE 400G,10.0,8.091953475703207,7.389999873033635,"(2, 1, 1)(1, 0, 1, 7)",add
2022-02-26,BOULE 400G,9.0,9.174030722769102,9.765041268796976,"(2, 1, 1)(1, 0, 1, 7)",add
2022-02-27,BOULE 400G,18.0,13.016550076784998,13.62280629102681,"(2, 1, 1)(1, 0, 1, 7)",add
2022-02-28,BOULE 400G,8.0,8.64120144762623,9.236167086310145,"(2, 1, 1)(1, 0, 1, 7)",add
2022-03-01,BOULE 400G,8.0,9.267229830526317,8.391242837966303,"(2, 1, 1)(1, 0, 1, 7)",add
2022-03-02,BOULE 400G,2.0,4.332883760576739,4.918505247970382,"(2, 1, 1)(1, 0, 1, 7)",add
2022-03-03,BOULE 400G,6.0,8.087659350995963,7.406993058256666,"(2, 1, 1)(1, 0, 1, 7)",add
2022-03-04,BOULE 400G,7.0,8.04758885373292,7.424673395703924,"(2, 1, 1)(1, 0, 1, 7)",add
2022-03-05,BOULE 400G,10.0,8.197332044521621,9.235772956690317,"(2, 1, 1)(1, 0, 1, 7)",add
2022-03-06,BOULE 400G,13.0,13.60864596275504,13.37772616962767,"(2, 1, 1)(1, 0, 1, 7)",add
2022-03-07,BOULE 400G,9.0,7.6915918708356745,8.107466957511976,"(2, 1, 1)(1, 0, 1, 7)",add
2022-03-08,BOULE 400G,6.0,8.624605328926135,7.658124984281554,"(2, 1, 1)(1, 0, 1, 7)",add
2022-03-09,BOULE 400G,3.0,3.6376318518084028,3.949959155728187,"(2, 1, 1)(1, 0, 1, 7)",add
2022-03-10,BOULE 400G,4.0,7.577011789910349,6.804267370354113,"(2, 1, 1)(1, 0, 1, 7)",add
2022-03-11,BOULE 400G,5.0,7.365830065633379,6.562288329827306,"(2, 1, 1)(1, 0, 1, 7)",add
2022-03-12,BOULE 400G,6.0,7.45216214920582,8.161981738413264,"(2, 1, 1)(1, 0, 1, 7)",add
2022-03-13,BOULE 400G,10.0,11.85307853676675,11.760149421547332,"(2, 1, 1)(1, 0, 1, 7)",add
2022-03-14,BOULE 400G,3.0,6.121338129605389,6.232990645342815,"(2, 1, 1)(1, 0, 1, 7)",add
2022-03-15,BOULE 400G,4.0,5.755291527417722,5.016991112229678,"(2, 1, 1)(1, 0, 1, 7)",add
2022-03-16,BOULE 400G,3.0,1.3990290867167605,1.4279689772043178,"(2, 1, 1)(1, 0, 1, 7)",add
2022-03-17,BOULE 400G,5.0,5.711074627284747,4.750945652520116,"(2, 1, 1)(1, 0, 1, 7)",add
2022-03-18,BOULE 400G,3.0,6.228562713700851,5.076373892828074,"(2, 1, 1)(1, 0, 1, 7)",add
2022-03-19,BOULE 400G,4.0,6.014996589694771,6.58053334909092,"(2, 1, 1)(1, 0, 1, 7)",add
2022-03-20,BOULE 400G,6.0,9.909037478977119,10.10092042040263,"(2, 1, 1)(1, 0, 1, 7)",add
2022-03-21,BOULE 400G,6.0,3.638877262033133,4.138769648510362,"(2, 1, 1)(1, 0, 1, 7)",add
2022-03-22,BOULE 400G,6.0,4.705188096677848,3.869443394829622,"(2, 1, 1)(1, 0, 1, 7)",add
2022-03-23,BOULE 400G,3.0,1.6980243356629225,0.865338820635214,"(2, 1, 1)(1, 0, 1, 7)",add
2022-03-24,BOULE 400G,5.0,5.267407191447814,4.2928706253335065,"(2, 1, 1)(1, 0, 1, 7)",add
2022-03-25,BOULE 400G,5.0,5.306667337644909,4.703424224058869,"(2, 1, 1)(1, 0, 1, 7)",add
2022-03-26,BOULE 400G,8.0,5.778918855927668,6.648555527883603,"(2, 1, 1)(1, 0, 1, 7)",add
2022-03-27,BOULE 400G,4.0,10.216676839855786,10.899632991499118,"(2, 1, 1)(1, 0, 1, 7)",add
2022-03-28,BOULE 400G,6.0,4.0123099570259795,4.417389665805983,"(2, 1, 1)(1, 0, 1, 7)",add
2022-03-29,BOULE 400G,6.0,4.62234628699927,4.096286678125528,"(2, 1, 1)(1, 0, 1, 7)",add
2022-03-30,BOULE 400G,1.0,1.896599596660213,1.0500271846513178,"(2, 1, 1)(1, 0, 1, 7)",add
2022-03-31,BOULE 400G,3.0,4.698508380621606,4.071572264512407,"(2, 1, 1)(1, 0, 1, 7)",add
2022-04-01,BOULE 400G,3.0,4.382200918669707,4.151584782483662,"(2, 1, 1)(1, 0, 1, 7)",add
2022-04-02,BOULE 400G,1.0,5.377407873998937,6.041602583658045,"(2, 1, 1)(1, 0, 1, 7)",add
2022-04-03,BOULE 400G,8.0,8.29249058166395,10.041537356136933,"(2, 1, 1)(1, 0, 1, 7)",add
2022-04-04,BOULE 400G,1.0,4.562574464101553,4.841472050400882,"(2, 1, 1)(1, 0, 1, 7)",add
2022-04-05,BOULE 400G,4.0,4.801503780497014,4.226268175447059,"(2, 1, 1)(1, 0, 1, 7)",add
2022-04-06,BOULE 400G,0.0,1.2214656827813295,0.8262363319631745,"(2, 1, 1)(1, 0, 1, 7)",add
2022-04-07,BOULE 400G,6.0,4.1280246338447695,3.857078102914831,"(2, 1, 1)(1, 0, 1, 7)",add
2022-04-08,BOULE 400G,5.0,4.440071911486944,4.136223880009616,"(2, 1, 1)(1, 0, 1, 7)",add
2022-04-09,BOULE 400G,1.0,5.370268965130564,6.026241681183998,"(2, 1, 1)(1, 0, 1, 7)",add
2022-04-10,BOULE 400G,6.0,8.120680517508914,10.026176453662888,"(2, 1, 1)(1, 0, 1, 7)",add
2022-04-11,BOULE 400G,10.0,4.4574021475616235,4.826111147926835,"(2, 1, 1)(1, 0, 1, 7)",add
2022-04-12,BOULE 400G,5.0,4.679909637532601,4.210907272973013,"(2, 1, 1)(1, 0, 1, 7)",add
2022-04-13,BOULE 400G,1.0,1.1766309238800678,0.8108754294891276,"(2, 1, 1)(1, 0, 1, 7)",add
2022-04-14,BOULE 400G,9.0,4.017177087607564,3.841717200440785,"(2, 1, 1)(1, 0, 1, 7)",add
2022-04-15,BOULE 400G,10.0,4.321853341782864,4.120862977535569,"(2, 1, 1)(1, 0, 1, 7)",add
2022-04-16,BOULE 400G,15.0,5.231183581472912,6.010880778709952,"(2, 1, 1)(1, 0, 1, 7)",add
2022-04-17,BOULE 400G,8.0,7.920360542965687,10.010815551188841,"(2, 1, 1)(1, 0, 1, 7)",add
2022-04-18,BOULE 400G,15.0,4.338535231300343,4.810750245452789,"(2, 1, 1)(1, 0, 1, 7)",add
2022-04-19,BOULE 400G,6.0,4.5560852862748265,4.195546370498966,"(2, 1, 1)(1, 0, 1, 7)",add
2022-04-20,BOULE 400G,3.0,1.1307215643278474,0.7955145270150816,"(2, 1, 1)(1, 0, 1, 7)",add
2022-04-21,BOULE 400G,10.0,3.908088508683658,3.826356297966738,"(2, 1, 1)(1, 0, 1, 7)",add
2022-04-22,BOULE 400G,8.0,4.205987862558101,4.105502075061523,"(2, 1, 1)(1, 0, 1, 7)",add
2022-04-23,BOULE 400G,8.0,5.0950930608372005,5.995519876235905,"(2, 1, 1)(1, 0, 1, 7)",add
2022-04-24,BOULE 400G,10.0,7.724458599817163,9.995454648714794,"(2, 1, 1)(1, 0, 1, 7)",add
2022-04-25,BOULE 400G,5.0,4.222298477632508,4.795389342978742,"(2, 1, 1)(1, 0, 1, 7)",add
2022-04-26,BOULE 400G,2.0,4.435009882163544,4.18018546802492,"(2, 1, 1)(1, 0, 1, 7)",add
2022-04-27,BOULE 400G,8.0,1.085831426468724,0.7801536245410348,"(2, 1, 1)(1, 0, 1, 7)",add
2022-04-28,BOULE 400G,6.0,3.8014255286939753,3.810995395492692,"(2, 1, 1)(1, 0, 1, 7)",add
2022-04-29,BOULE 400G,5.0,4.0926991500139165,4.090141172587476,"(2, 1, 1)(1, 0, 1, 7)",add
2022-04-30,BOULE 400G,10.0,4.962029303951278,5.980158973761859,"(2, 1, 1)(1, 0, 1, 7)",add
2022-05-01,BOULE 400G,14.0,7.532913776945013,9.980093746240748,"(2, 1, 1)(1, 0, 1, 7)",add
2022-05-02,BOULE 400G,7.0,4.10864699211045,4.780028440504696,"(2, 1, 1)(1, 0, 1, 7)",add
2022-05-03,BOULE 400G,6.0,4.3166273733172655,4.164824565550873,"(2, 1, 1)(1, 0, 1, 7)",add
2022-05-04,BOULE 400G,0.0,1.0419397113766045,0.7647927220669888,"(2, 1, 1)(1, 0, 1, 7)",add
2022-05-05,BOULE 400G,8.0,3.6971348940231303,3.795634493018645,"(2, 1, 1)(1, 0, 1, 7)",add
2022-05-06,BOULE 400G,9.0,3.981930149516656,4.07478027011343,"(2, 1, 1)(1, 0, 1, 7)",add
2022-05-07,BOULE 400G,10.0,4.831925086157932,5.964798071287812,"(2, 1, 1)(1, 0, 1, 7)",add
2022-05-08,BOULE 400G,10.0,7.34562920056984,9.9647328437667,"(2, 1, 1)(1, 0, 1, 7)",add
2022-05-09,BOULE 400G,2.0,3.997523287487107,4.76466753803065,"(2, 1, 1)(1, 0, 1, 7)",add
2022-05-10,BOULE 400G,3.0,4.200877870490882,4.149463663076827,"(2, 1, 1)(1, 0, 1, 7)",add
2022-05-11,BOULE 400G,5.0,0.999024214403089,0.7494318195929419,"(2, 1, 1)(1, 0, 1, 7)",add
2022-05-12,BOULE 400G,1.0,3.59516384078359,3.780273590544599,"(2, 1, 1)(1, 0, 1, 7)",add
2022-05-13,BOULE 400G,8.0,3.873624819104192,4.059419367639383,"(2, 1, 1)(1, 0, 1, 7)",add
2022-05-14,BOULE 400G,10.0,4.704714582922497,5.949437168813766,"(2, 1, 1)(1, 0, 1, 7)",add
2022-05-15,BOULE 400G,10.0,7.162510116400318,9.949371941292654,"(2, 1, 1)(1, 0, 1, 7)",add
2022-05-16,BOULE 400G,6.0,3.888871142104957,4.749306635556604,"(2, 1, 1)(1, 0, 1, 7)",add
2022-05-17,BOULE 400G,4.0,4.087702811653246,4.13410276060278,"(2, 1, 1)(1, 0, 1, 7)",add
2022-05-18,BOULE 400G,8.0,0.9570632229825966,0.7340709171188959,"(2, 1, 1)(1, 0, 1, 7)",add
2022-05-19,BOULE 400G,7.0,3.4954607779770868,3.7649126880705523,"(2, 1, 1)(1, 0, 1, 7)",add
2022-05-20,BOULE 400G,11.0,3.7677283630283043,4.044058465165337,"(2, 1, 1)(1, 0, 1, 7)",add
2022-05-21,BOULE 400G,3.0,4.580333433657174,5.934076266339719,"(2, 1, 1)(1, 0, 1, 7)",add
2022-05-22,BOULE 400G,12.0,6.983463877590426,9.934011038818609,"(2, 1, 1)(1, 0, 1, 7)",add
2022-05-23,BOULE 400G,3.0,3.782635584748792,4.733945733082557,"(2, 1, 1)(1, 0, 1, 7)",add
2022-05-24,BOULE 400G,5.0,3.9770449372767662,4.118741858128734,"(2, 1, 1)(1, 0, 1, 7)",add
2022-05-25,BOULE 400G,9.0,0.9160355074681497,0.7187100146448491,"(2, 1, 1)(1, 0, 1, 7)",add
2022-05-26,BOULE 400G,20.0,3.397975262066551,3.7495517855965064,"(2, 1, 1)(1, 0, 1, 7)",add
2022-05-27,BOULE 400G,20.0,3.6641872042808528,4.02869756269129,"(2, 1, 1)(1, 0, 1, 7)",add
2022-05-28,BOULE 400G,12.0,4.458718709250888,5.918715363865673,"(2, 1, 1)(1, 0, 1, 7)",add
2022-05-29,BOULE 400G,18.0,6.808399897900075,9.918650136344562,"(2, 1, 1)(1, 0, 1, 7)",add
2022-05-30,BOULE 400G,7.0,3.6787628668463523,4.718584830608511,"(2, 1, 1)(1, 0, 1, 7)",add
2022-05-31,BOULE 400G,8.0,3.868848261372334,4.103380955654687,"(2, 1, 1)(1, 0, 1, 7)",add
2022-06-01,BOULE 400G,4.0,0.8759203103922197,0.7033491121708031,"(2, 1, 1)(1, 0, 1, 7)",add
2022-06-02,BOULE 400G,7.0,3.302657971455458,3.7341908831224595,"(2, 1, 1)(1, 0, 1, 7)",add
2022-06-03,BOULE 400G,5.0,3.562948957487377,4.013336660217244,"(2, 1, 1)(1, 0, 1, 7)",add
2022-06-04,BOULE 400G,14.0,4.3398088802311605,5.9033544613916265,"(2, 1, 1)(1, 0, 1, 7)",add
2022-06-05,BOULE 400G,20.0,6.637229605864148,9.903289233870517,"(2, 1, 1)(1, 0, 1, 7)",add
2022-06-06,BOULE 400G,16.0,3.5772004352749076,4.703223928134464,"(2, 1, 1)(1, 0, 1, 7)",add
2022-06-07,BOULE 400G,5.0,3.763058043163905,4.088020053180641,"(2, 1, 1)(1, 0, 1, 7)",add
2022-06-08,BOULE 400G,5.0,0.8366973359647503,0.6879882096967562,"(2, 1, 1)(1, 0, 1, 7)",add
2022-06-09,BOULE 400G,5.0,3.209460681534182,3.7188299806484135,"(2, 1, 1)(1, 0, 1, 7)",add
2022-06-10,BOULE 400G,4.0,3.4639624024033697,3.9979757577431974,"(2, 1, 1)(1, 0, 1, 7)",add
2022-06-11,BOULE 400G,12.0,4.22354378563403,5.8879935589175805,"(2, 1, 1)(1, 0, 1, 7)",add
2022-06-12,BOULE 400G,8.0,6.469866399980858,9.88792833139647,"(2, 1, 1)(1, 0, 1, 7)",add
2022-06-13,BOULE 400G,5.0,3.4778969057726536,4.687863025660418,"(2, 1, 1)(1, 0, 1, 7)",add
2022-06-14,BOULE 400G,3.0,3.659620759393079,4.072659150706595,"(2, 1, 1)(1, 0, 1, 7)",add
2022-06-15,BOULE 400G,4.0,0.7983467398047486,0.6726273072227102,"(2, 1, 1)(1, 0, 1, 7)",add
2022-06-16,BOULE 400G,6.0,3.1183362402813435,3.7034690781743667,"(2, 1, 1)(1, 0, 1, 7)",add
2022-06-17,BOULE 400G,7.0,3.3671774580000213,3.9826148552691514,"(2, 1, 1)(1, 0, 1, 7)",add
2022-06-18,BOULE 400G,12.0,4.109864602566354,5.872632656443534,"(2, 1, 1)(1, 0, 1, 7)",add
2022-06-19,BOULE 400G,12.0,6.306225604896781,9.872567428922423,"(2, 1, 1)(1, 0, 1, 7)",add
2022-06-20,BOULE 400G,5.0,3.380802036941472,4.672502123186371,"(2, 1, 1)(1, 0, 1, 7)",add
2022-06-21,BOULE 400G,7.0,3.5584840772396604,4.057298248232549,"(2, 1, 1)(1, 0, 1, 7)",add
2022-06-22,BOULE 400G,5.0,0.760849118900262,0.6572664047486634,"(2, 1, 1)(1, 0, 1, 7)",add
2022-06-23,BOULE 400G,4.0,3.0292385444078227,3.6881081757003207,"(2, 1, 1)(1, 0, 1, 7)",add
2022-06-24,BOULE 400G,7.0,3.272545157126335,3.9672539527951045,"(2, 1, 1)(1, 0, 1, 7)",add
2022-06-25,BOULE 400G,11.0,3.998713816445089,5.857271753969488,"(2, 1, 1)(1, 0, 1, 7)",add
2022-06-26,BOULE 400G,12.0,6.146224428566409,9.857206526448376,"(2, 1, 1)(1, 0, 1, 7)",add
2022-06-27,BOULE 400G,8.0,3.2858667048279226,4.657141220712325,"(2, 1, 1)(1, 0, 1, 7)",add
2022-06-28,BOULE 400G,6.0,3.4595968278445226,4.041937345758502,"(2, 1, 1)(1, 0, 1, 7)",add
2022-06-29,BOULE 400G,6.0,0.7241855017916707,0.6419055022746174,"(2, 1, 1)(1, 0, 1, 7)",add
2022-06-30,BOULE 400G,2.0,2.9421225160313744,3.672747273226274,"(2, 1, 1)(1, 0, 1, 7)",add
2022-07-01,BOULE 400G,5.0,6.506474391323066,6.498641319296984,"(2, 1, 1)(1, 0, 1, 7)",add
2022-07-02,BOULE 400G,7.0,8.013157344317888,8.288610609468686,"(2, 1, 1)(1, 0, 1, 7)",add
2022-07-03,BOULE 400G,15.0,11.828326142395188,11.993639979701392,"(2, 1, 1)(1, 0, 1, 7)",add
2022-07-04,BOULE 400G,10.0,6.956999662601732,6.916753492816975,"(2, 1, 1)(1, 0, 1, 7)",add
2022-07-05,BOULE 400G,9.0,6.143777868794501,6.070585610849093,"(2, 1, 1)(1, 0, 1, 7)",add
2022-07-06,BOULE 400G,8.0,3.5193811272541233,3.160275172913755,"(2, 1, 1)(1, 0, 1, 7)",add
2022-07-07,BOULE 400G,10.0,6.319635595638115,6.109133176798679,"(2, 1, 1)(1, 0, 1, 7)",add
2022-07-08,BOULE 400G,6.0,6.801103546415529,6.5130253515406,"(2, 1, 1)(1, 0, 1, 7)",add
2022-07-09,BOULE 400G,20.0,8.46064420729819,8.302994641712301,"(2, 1, 1)(1, 0, 1, 7)",add
2022-07-10,BOULE 400G,22.0,11.921073206984785,12.00802401194501,"(2, 1, 1)(1, 0, 1, 7)",add
2022-07-11,BOULE 400G,12.0,7.023637586262911,6.931137525060591,"(2, 1, 1)(1, 0, 1, 7)",add
2022-07-12,BOULE 400G,7.0,6.174741551105388,6.08496964309271,"(2, 1, 1)(1, 0, 1, 7)",add
2022-07-13,BOULE 400G,12.0,3.5443430464601144,3.174659205157371,"(2, 1, 1)(1, 0, 1, 7)",add
2022-07-14,BOULE 400G,19.0,6.339644638182093,6.123517209042295,"(2, 1, 1)(1, 0, 1, 7)",add
2022-07-15,BOULE 400G,12.0,6.819856486621379,6.527409383784216,"(2, 1, 1)(1, 0, 1, 7)",add
2022-07-16,BOULE 400G,47.0,8.47839083479629,8.317378673955918,"(2, 1, 1)(1, 0, 1, 7)",add
2022-07-17,BOULE 400G,19.0,11.93762535675001,12.022408044188627,"(2, 1, 1)(1, 0, 1, 7)",add
2022-07-18,BOULE 400G,12.0,7.041582807675381,6.9455215573042075,"(2, 1, 1)(1, 0, 1, 7)",add
2022-07-19,BOULE 400G,12.0,6.192916849739006,6.099353675336326,"(2, 1, 1)(1, 0, 1, 7)",add
2022-07-20,BOULE 400G,11.0,3.5632934390764235,3.1890432374009876,"(2, 1, 1)(1, 0, 1, 7)",add
2022-07-21,BOULE 400G,5.0,6.3577587791504655,6.1379012412859115,"(2, 1, 1)(1, 0, 1, 7)",add
2022-07-22,BOULE 400G,5.0,6.837826318418739,6.541793416027833,"(2, 1, 1)(1, 0, 1, 7)",add
2022-07-23,BOULE 400G,12.0,8.495865937311471,8.331762706199534,"(2, 1, 1)(1, 0, 1, 7)",add
2022-07-24,BOULE 400G,18.0,11.954069334748661,12.036792076432242,"(2, 1, 1)(1, 0, 1, 7)",add
2022-07-25,BOULE 400G,10.0,7.059485905372969,6.959905589547824,"(2, 1, 1)(1, 0, 1, 7)",add
2022-07-26,BOULE 400G,15.0,6.211072855444563,6.113737707579943,"(2, 1, 1)(1, 0, 1, 7)",add
2022-07-27,BOULE 400G,15.0,3.5822331493829616,3.203427269644604,"(2, 1, 1)(1, 0, 1, 7)",add
2022-07-28,BOULE 400G,11.0,6.375865645657353,6.152285273529528,"(2, 1, 1)(1, 0, 1, 7)",add
2022-07-29,BOULE 400G,5.0,6.855790108218582,6.556177448271449,"(2, 1, 1)(1, 0, 1, 7)",add
2022-07-30,BOULE 400G,19.0,8.513335577404781,8.346146738443151,"(2, 1, 1)(1, 0, 1, 7)",add
2022-07-31,BOULE 400G,17.0,11.970508318500196,12.051176108675858,"(2, 1, 1)(1, 0, 1, 7)",add
2022-08-01,BOULE 400G,15.0,7.077383632858604,6.97428962179144,"(2, 1, 1)(1, 0, 1, 7)",add
2022-08-02,BOULE 400G,13.0,6.229223437373514,6.128121739823559,"(2, 1, 1)(1, 0, 1, 7)",add
2022-08-03,BOULE 400G,12.0,3.6011672103580574,3.2178113018882204,"(2, 1, 1)(1, 0, 1, 7)",add
2022-08-04,BOULE 400G,10.0,6.393967114007513,6.166669305773144,"(2, 1, 1)(1, 0, 1, 7)",add
2022-08-05,BOULE 400G,10.0,6.873748543592826,6.570561480515066,"(2, 1, 1)(1, 0, 1, 7)",add
2022-08-06,BOULE 400G,16.0,8.530800010747088,8.360530770686767,"(2, 1, 1)(1, 0, 1, 7)",add
2022-08-07,BOULE 400G,17.0,11.986942402817668,12.065560140919475,"(2, 1, 1)(1, 0, 1, 7)",add
2022-08-08,BOULE 400G,33.0,7.09527602621209,6.988673654035057,"(2, 1, 1)(1, 0, 1, 7)",add
2022-08-09,BOULE 400G,14.0,6.247368609831657,6.142505772067175,"(2, 1, 1)(1, 0, 1, 7)",add
2022-08-10,BOULE 400G,15.0,3.6200956283677304,3.232195334131837,"(2, 1, 1)(1, 0, 1, 7)",add
2022-08-11,BOULE 400G,10.0,6.412063187534452,6.181053338016761,"(2, 1, 1)(1, 0, 1, 7)",add
2022-08-12,BOULE 400G,13.0,6.8917016267732985,6.584945512758682,"(2, 1, 1)(1, 0, 1, 7)",add
2022-08-13,BOULE 400G,19.0,8.548259239124542,8.374914802930384,"(2, 1, 1)(1, 0, 1, 7)",add
2022-08-14,BOULE 400G,28.0,12.003371589247678,12.079944173163092,"(2, 1, 1)(1, 0, 1, 7)",add
2022-08-15,BOULE 400G,20.0,7.113163087055018,7.003057686278673,"(2, 1, 1)(1, 0, 1, 7)",add
2022-08-16,BOULE 400G,11.0,6.265508374442932,6.156889804310792,"(2, 1, 1)(1, 0, 1, 7)",add
2022-08-17,BOULE 400G,13.0,3.6390184050980956,3.246579366375453,"(2, 1, 1)(1, 0, 1, 7)",add
2022-08-18,BOULE 400G,15.0,6.430153867847597,6.195437370260377,"(2, 1, 1)(1, 0, 1, 7)",add
2022-08-19,BOULE 400G,7.0,6.909649359355715,6.599329545002298,"(2, 1, 1)(1, 0, 1, 7)",add
2022-08-20,BOULE 400G,12.0,8.565713264088604,8.389298835174,"(2, 1, 1)(1, 0, 1, 7)",add
2022-08-21,BOULE 400G,12.0,12.019795879250033,12.094328205406708,"(2, 1, 1)(1, 0, 1, 7)",add
2022-08-22,BOULE 400G,8.0,7.131044816976678,7.0174417185222895,"(2, 1, 1)(1, 0, 1, 7)",add
2022-08-23,BOULE 400G,8.0,6.283642732819062,6.171273836554407,"(2, 1, 1)(1, 0, 1, 7)",add
2022-08-24,BOULE 400G,10.0,3.6579355422304394,3.2609633986190696,"(2, 1, 1)(1, 0, 1, 7)",add
2022-08-25,BOULE 400G,8.0,6.448239156554303,6.2098214025039935,"(2, 1, 1)(1, 0, 1, 7)",add
2022-08-26,BOULE 400G,9.0,6.9275917429347285,6.613713577245915,"(2, 1, 1)(1, 0, 1, 7)",add
2022-08-27,BOULE 400G,10.0,8.583162087190065,8.403682867417617,"(2, 1, 1)(1, 0, 1, 7)",add
2022-08-28,BOULE 400G,10.0,12.036215274284029,12.108712237650323,"(2, 1, 1)(1, 0, 1, 7)",add
2022-08-29,BOULE 400G,8.0,7.148921217565855,7.031825750765906,"(2, 1, 1)(1, 0, 1, 7)",add
2022-08-30,BOULE 400G,8.0,6.3017716865712785,6.185657868798025,"(2, 1, 1)(1, 0, 1, 7)",add
2022-08-31,BOULE 400G,2.0,3.676847041445544,3.275347430862686,"(2, 1, 1)(1, 0, 1, 7)",add
2022-09-01,BOULE 400G,0.0,6.4663190552614385,6.22420543474761,"(2, 1, 1)(1, 0, 1, 7)",add
2022-09-02,BOULE 400G,9.0,6.94552877910451,6.628097609489531,"(2, 1, 1)(1, 0, 1, 7)",add
2022-09-03,BOULE 400G,6.0,8.600605709979241,8.418066899661232,"(2, 1, 1)(1, 0, 1, 7)",add
2022-09-04,BOULE 400G,7.0,12.052629775808521,12.12309626989394,"(2, 1, 1)(1, 0, 1, 7)",add
2022-09-05,BOULE 400G,5.0,7.166792290410864,7.046209783009522,"(2, 1, 1)(1, 0, 1, 7)",add
2022-09-06,BOULE 400G,4.0,6.3198952373103365,6.20004190104164,"(2, 1, 1)(1, 0, 1, 7)",add
2022-09-07,BOULE 400G,5.0,3.6957529044236925,3.2897314631063024,"(2, 1, 1)(1, 0, 1, 7)",add
2022-09-08,BOULE 400G,5.0,6.484393565575402,6.238589466991226,"(2, 1, 1)(1, 0, 1, 7)",add
2022-09-09,BOULE 400G,6.0,6.963460469458766,6.642481641733148,"(2, 1, 1)(1, 0, 1, 7)",add
2022-09-10,BOULE 400G,5.0,8.618044134005999,8.43245093190485,"(2, 1, 1)(1, 0, 1, 7)",add
2022-09-11,BOULE 400G,10.0,12.069039385281934,12.137480302137558,"(2, 1, 1)(1, 0, 1, 7)",add
2022-09-12,BOULE 400G,10.0,7.184658037099544,7.060593815253139,"(2, 1, 1)(1, 0, 1, 7)",add
2022-09-13,BOULE 400G,2.0,6.338013386646506,6.2144259332852565,"(2, 1, 1)(1, 0, 1, 7)",add
2022-09-14,BOULE 400G,8.0,3.7146531328446635,3.3041154953499188,"(2, 1, 1)(1, 0, 1, 7)",add
2022-09-15,BOULE 400G,7.0,6.5024626891021065,6.252973499234843,"(2, 1, 1)(1, 0, 1, 7)",add
2022-09-16,BOULE 400G,3.0,6.981386815590718,6.656865673976764,"(2, 1, 1)(1, 0, 1, 7)",add
2022-09-17,BOULE 400G,7.0,8.635477360819735,8.446834964148465,"(2, 1, 1)(1, 0, 1, 7)",add
2022-09-18,BOULE 400G,12.0,12.08544410416226,12.151864334381173,"(2, 1, 1)(1, 0, 1, 7)",add
2022-09-19,BOULE 400G,0.0,7.202518459219261,7.074977847496755,"(2, 1, 1)(1, 0, 1, 7)",add
2022-09-20,BOULE 400G,7.0,6.35612613618958,6.228809965528873,"(2, 1, 1)(1, 0, 1, 7)",add
2022-09-21,BOULE 400G,4.0,3.733547728387738,3.318499527593535,"(2, 1, 1)(1, 0, 1, 7)",add
2022-09-22,BOULE 400G,2.0,6.520526427446989,6.267357531478459,"(2, 1, 1)(1, 0, 1, 7)",add
2022-09-23,BOULE 400G,6.0,6.9993078190931195,6.67124970622038,"(2, 1, 1)(1, 0, 1, 7)",add
2022-09-24,BOULE 400G,4.0,8.652905391969387,8.461218996392082,"(2, 1, 1)(1, 0, 1, 7)",add
2022-09-25,BOULE 400G,14.0,12.101843933907052,12.166248366624789,"(2, 1, 1)(1, 0, 1, 7)",add
2022-09-26,BOULE 400G,4.0,7.22037355835691,7.0893618797403715,"(2, 1, 1)(1, 0, 1, 7)",add
2022-09-27,BOULE 400G,8.0,6.374233487548873,6.243193997772489,"(2, 1, 1)(1, 0, 1, 7)",add
2022-09-28,BOULE 400G,2.0,3.7524366927316954,3.3328835598371516,"(2, 1, 1)(1, 0, 1, 7)",add
2022-09-29,BOULE 400G,3.0,6.538584782215008,6.2817415637220755,"(2, 1, 1)(1, 0, 1, 7)",add
2022-09-30,BOULE 400G,10.0,7.017223481558244,6.685633738463997,"(2, 1, 1)(1, 0, 1, 7)",add
2021-01-02,CAMPAGNE,10.0,0.0,6.64340031256933,"(0, 1, 1)(1, 0, 1, 7)",add
2021-01-03,CAMPAGNE,9.0,9.999874936040523,9.28260357049724,"(0, 1, 1)(1, 0, 1, 7)",add
2021-01-04,CAMPAGNE,6.0,9.487527373060884,5.581322365067927,"(0, 1, 1)(1, 0, 1, 7)",add
2021-01-05,CAMPAGNE,3.0,8.230826071920301,4.724371061492458,"(0, 1, 1)(1, 0, 1, 7)",add
2021-01-06,CAMPAGNE,0.0,6.706481750119645,2.465104670805011,"(0, 1, 1)(1, 0, 1, 7)",add
2021-01-07,CAMPAGNE,3.0,4.996118309364084,5.061175578857928,"(0, 1, 1)(1, 0, 1, 7)",add
2021-01-08,CAMPAGNE,3.0,4.528452291516079,4.094507165370926,"(0, 1, 1)(1, 0, 1, 7)",add
2021-01-09,CAMPAGNE,5.0,5.48482284912302,5.8711544666650255,"(0, 1, 1)(1, 0, 1, 7)",add
2021-01-10,CAMPAGNE,5.0,5.0797269108368335,7.685671248253337,"(0, 1, 1)(1, 0, 1, 7)",add
2021-01-11,CAMPAGNE,5.0,4.1462033023978995,3.5156358666488603,"(0, 1, 1)(1, 0, 1, 7)",add
2021-01-12,CAMPAGNE,2.0,3.4021976880581555,2.8665626021529573,"(0, 1, 1)(1, 0, 1, 7)",add
2021-01-13,CAMPAGNE,0.0,2.2010109558005113,0.7746245399166023,"(0, 1, 1)(1, 0, 1, 7)",add
2021-01-14,CAMPAGNE,5.0,2.673324680265541,3.7004487996666366,"(0, 1, 1)(1, 0, 1, 7)",add
2021-01-15,CAMPAGNE,5.0,3.1432336196696937,3.3893402471489433,"(0, 1, 1)(1, 0, 1, 7)",add
2021-01-16,CAMPAGNE,5.0,5.042183053573992,5.693670685254038,"(0, 1, 1)(1, 0, 1, 7)",add
2021-01-17,CAMPAGNE,8.0,4.80326644633959,7.542808324386174,"(0, 1, 1)(1, 0, 1, 7)",add
2021-01-18,CAMPAGNE,5.0,4.79687654194761,3.9858352107925885,"(0, 1, 1)(1, 0, 1, 7)",add
2021-01-19,CAMPAGNE,1.0,3.4438470642498737,3.245042554353465,"(0, 1, 1)(1, 0, 1, 7)",add
2021-01-20,CAMPAGNE,0.0,1.7795492995652564,0.8842114266620835,"(0, 1, 1)(1, 0, 1, 7)",add
2021-01-21,CAMPAGNE,5.0,3.2819908861272102,3.7886591303993695,"(0, 1, 1)(1, 0, 1, 7)",add
2021-01-22,CAMPAGNE,4.0,3.631674005308181,3.460343837807102,"(0, 1, 1)(1, 0, 1, 7)",add
2021-01-23,CAMPAGNE,5.0,4.875488137420912,5.555759058722645,"(0, 1, 1)(1, 0, 1, 7)",add
2021-01-24,CAMPAGNE,5.0,5.301837356951357,7.431798416636195,"(0, 1, 1)(1, 0, 1, 7)",add
2021-01-25,CAMPAGNE,6.0,4.110565268803512,3.3112847156483327,"(0, 1, 1)(1, 0, 1, 7)",add
2021-01-26,CAMPAGNE,3.0,2.6222920071790066,2.8971380979708066,"(0, 1, 1)(1, 0, 1, 7)",add
2021-01-27,CAMPAGNE,0.0,1.5866627899816468,0.9943007377364212,"(0, 1, 1)(1, 0, 1, 7)",add
2021-01-28,CAMPAGNE,6.0,3.711212218839639,3.877273880105327,"(0, 1, 1)(1, 0, 1, 7)",add
2021-01-29,CAMPAGNE,4.0,3.982689650823817,3.7267378677781493,"(0, 1, 1)(1, 0, 1, 7)",add
2021-01-30,CAMPAGNE,8.0,5.120919573223243,5.770188961668496,"(0, 1, 1)(1, 0, 1, 7)",add
2021-01-31,CAMPAGNE,4.0,6.061511003945728,8.18959529509813,"(0, 1, 1)(1, 0, 1, 7)",add
2021-02-01,CAMPAGNE,3.0,4.87328053533081,3.726197107221368,"(0, 1, 1)(1, 0, 1, 7)",add
2021-02-02,CAMPAGNE,1.0,2.444725544347638,2.645920917064673,"(0, 1, 1)(1, 0, 1, 7)",add
2021-02-03,CAMPAGNE,0.0,0.7366407572585405,0.4019573966053369,"(0, 1, 1)(1, 0, 1, 7)",add
2021-02-04,CAMPAGNE,4.0,3.5939306639266397,3.4004759384879257,"(0, 1, 1)(1, 0, 1, 7)",add
2021-02-05,CAMPAGNE,5.0,3.1842298477185667,2.952816656335836,"(0, 1, 1)(1, 0, 1, 7)",add
2021-02-06,CAMPAGNE,4.0,5.091427260955907,5.342297528649131,"(0, 1, 1)(1, 0, 1, 7)",add
2021-02-07,CAMPAGNE,6.0,4.545512638795379,7.064910832060238,"(0, 1, 1)(1, 0, 1, 7)",add
2021-02-08,CAMPAGNE,2.0,4.062779334982881,3.2110289323998606,"(0, 1, 1)(1, 0, 1, 7)",add
2021-02-09,CAMPAGNE,5.0,1.6317038292378196,2.0361790667288497,"(0, 1, 1)(1, 0, 1, 7)",add
2021-02-10,CAMPAGNE,0.0,0.9852150383681693,0.6914144175439434,"(0, 1, 1)(1, 0, 1, 7)",add
2021-02-11,CAMPAGNE,5.0,3.8987541591432135,3.633470052183366,"(0, 1, 1)(1, 0, 1, 7)",add
2021-02-12,CAMPAGNE,4.0,3.8569824672426956,3.3354267029008486,"(0, 1, 1)(1, 0, 1, 7)",add
2021-02-13,CAMPAGNE,5.0,5.046677215136958,5.455208873280678,"(0, 1, 1)(1, 0, 1, 7)",add
2021-02-14,CAMPAGNE,11.0,5.035952119007021,7.350862043895965,"(0, 1, 1)(1, 0, 1, 7)",add
2021-02-15,CAMPAGNE,1.0,5.054647985796737,4.416525638771492,"(0, 1, 1)(1, 0, 1, 7)",add
2021-02-16,CAMPAGNE,5.0,2.920204919814682,2.8114607603391115,"(0, 1, 1)(1, 0, 1, 7)",add
2021-02-17,CAMPAGNE,0.0,1.5345656765168574,1.3154658586915229,"(0, 1, 1)(1, 0, 1, 7)",add
2021-02-18,CAMPAGNE,6.0,4.549048746574565,4.135790956195508,"(0, 1, 1)(1, 0, 1, 7)",add
2021-02-19,CAMPAGNE,6.0,4.482376085277528,3.934827334129507,"(0, 1, 1)(1, 0, 1, 7)",add
2021-02-20,CAMPAGNE,10.0,5.929054776280052,6.327817291929171,"(0, 1, 1)(1, 0, 1, 7)",add
2021-02-21,CAMPAGNE,10.0,7.514854291594306,9.028579722836005,"(0, 1, 1)(1, 0, 1, 7)",add
2021-02-22,CAMPAGNE,11.0,5.736036908442735,5.571914564243686,"(0, 1, 1)(1, 0, 1, 7)",add
2021-02-23,CAMPAGNE,11.0,6.178780991848898,5.69212293392114,"(0, 1, 1)(1, 0, 1, 7)",add
2021-02-24,CAMPAGNE,0.0,4.974233003826775,4.804601379308013,"(0, 1, 1)(1, 0, 1, 7)",add
2021-02-25,CAMPAGNE,10.0,7.582015561491386,6.944318576473002,"(0, 1, 1)(1, 0, 1, 7)",add
2021-02-26,CAMPAGNE,9.0,7.760312109250175,6.975769404887147,"(0, 1, 1)(1, 0, 1, 7)",add
2021-02-27,CAMPAGNE,10.0,9.500734955363686,9.360773001409287,"(0, 1, 1)(1, 0, 1, 7)",add
2021-02-28,CAMPAGNE,18.0,10.252797305424746,11.469912205000002,"(0, 1, 1)(1, 0, 1, 7)",add
2021-03-01,CAMPAGNE,9.0,9.960738426676011,9.09754801598667,"(0, 1, 1)(1, 0, 1, 7)",add
2021-03-02,CAMPAGNE,11.0,9.2202842357414,8.139899203158002,"(0, 1, 1)(1, 0, 1, 7)",add
2021-03-03,CAMPAGNE,0.0,6.392628444636552,6.774902395072758,"(0, 1, 1)(1, 0, 1, 7)",add
2021-03-04,CAMPAGNE,10.0,9.415650684939822,8.530283005294715,"(0, 1, 1)(1, 0, 1, 7)",add
2021-03-05,CAMPAGNE,9.0,9.146550653680674,8.252367827850206,"(0, 1, 1)(1, 0, 1, 7)",add
2021-03-06,CAMPAGNE,10.0,10.538732502332675,10.388351870074422,"(0, 1, 1)(1, 0, 1, 7)",add
2021-03-07,CAMPAGNE,9.0,11.891934448649417,12.297046495888655,"(0, 1, 1)(1, 0, 1, 7)",add
2021-03-08,CAMPAGNE,2.0,8.662251493503128,8.007753257673668,"(0, 1, 1)(1, 0, 1, 7)",add
2021-03-09,CAMPAGNE,6.0,7.0589431606159225,5.89723080140269,"(0, 1, 1)(1, 0, 1, 7)",add
2021-03-10,CAMPAGNE,0.0,2.826037960975625,3.994375357981867,"(0, 1, 1)(1, 0, 1, 7)",add
2021-03-11,CAMPAGNE,5.0,7.148036240663938,6.292139219690677,"(0, 1, 1)(1, 0, 1, 7)",add
2021-03-12,CAMPAGNE,8.0,6.26393182323462,5.475482813075992,"(0, 1, 1)(1, 0, 1, 7)",add
2021-03-13,CAMPAGNE,6.0,7.953585196911854,7.958074767748284,"(0, 1, 1)(1, 0, 1, 7)",add
2021-03-14,CAMPAGNE,10.0,8.734506091387207,9.5605715404877,"(0, 1, 1)(1, 0, 1, 7)",add
2021-03-15,CAMPAGNE,6.0,5.915965291951329,6.000133446774342,"(0, 1, 1)(1, 0, 1, 7)",add
2021-03-16,CAMPAGNE,5.0,6.140442311983545,5.061486797955148,"(0, 1, 1)(1, 0, 1, 7)",add
2021-03-17,CAMPAGNE,0.0,1.7323055346925176,3.126590773630804,"(0, 1, 1)(1, 0, 1, 7)",add
2021-03-18,CAMPAGNE,3.0,6.220966020903207,5.593628955701172,"(0, 1, 1)(1, 0, 1, 7)",add
2021-03-19,CAMPAGNE,4.0,5.49763677738058,4.5230975730917615,"(0, 1, 1)(1, 0, 1, 7)",add
2021-03-20,CAMPAGNE,8.0,6.158381177828783,6.411206834099586,"(0, 1, 1)(1, 0, 1, 7)",add
2021-03-21,CAMPAGNE,10.0,7.9890597930177005,8.705573075031463,"(0, 1, 1)(1, 0, 1, 7)",add
2021-03-22,CAMPAGNE,5.0,5.266251144270488,5.3119151785700645,"(0, 1, 1)(1, 0, 1, 7)",add
2021-03-23,CAMPAGNE,4.0,5.291224764664065,4.312450854831769,"(0, 1, 1)(1, 0, 1, 7)",add
2021-03-24,CAMPAGNE,0.0,0.8233680886416792,2.3286005497688045,"(0, 1, 1)(1, 0, 1, 7)",add
2021-03-25,CAMPAGNE,6.0,5.238762659340543,4.951298621672801,"(0, 1, 1)(1, 0, 1, 7)",add
2021-03-26,CAMPAGNE,6.0,5.431972234250395,4.591258071631016,"(0, 1, 1)(1, 0, 1, 7)",add
2021-03-27,CAMPAGNE,6.0,6.811560672429905,6.856201427821483,"(0, 1, 1)(1, 0, 1, 7)",add
2021-03-28,CAMPAGNE,8.0,8.139261078753554,8.673635022560461,"(0, 1, 1)(1, 0, 1, 7)",add
2021-03-29,CAMPAGNE,5.0,4.833109559063617,4.896077302796092,"(0, 1, 1)(1, 0, 1, 7)",add
2021-03-30,CAMPAGNE,8.0,4.834943005659969,3.977728356158983,"(0, 1, 1)(1, 0, 1, 7)",add
2021-03-31,CAMPAGNE,0.0,1.344793738944289,2.839430297760436,"(0, 1, 1)(1, 0, 1, 7)",add
2021-04-01,CAMPAGNE,6.0,5.7373768534722815,5.362483411720851,"(0, 1, 1)(1, 0, 1, 7)",add
2021-04-02,CAMPAGNE,2.0,5.825406295784727,4.922235138318269,"(0, 1, 1)(1, 0, 1, 7)",add
2021-04-03,CAMPAGNE,7.0,6.174187612149586,6.342356850191082,"(0, 1, 1)(1, 0, 1, 7)",add
2021-04-04,CAMPAGNE,20.0,7.8641371133980345,8.455088398630224,"(0, 1, 1)(1, 0, 1, 7)",add
2021-04-05,CAMPAGNE,11.0,7.111905510264563,7.060940355494852,"(0, 1, 1)(1, 0, 1, 7)",add
2021-04-06,CAMPAGNE,6.0,8.167777786981553,6.8906920457610665,"(0, 1, 1)(1, 0, 1, 7)",add
2021-04-07,CAMPAGNE,0.0,3.2710983010789976,4.794047175820217,"(0, 1, 1)(1, 0, 1, 7)",add
2021-04-08,CAMPAGNE,7.0,7.345221952686799,6.935823127720622,"(0, 1, 1)(1, 0, 1, 7)",add
2021-04-09,CAMPAGNE,3.0,6.908274162214667,6.383736395197767,"(0, 1, 1)(1, 0, 1, 7)",add
2021-04-10,CAMPAGNE,7.0,7.617541732441927,7.71383540672185,"(0, 1, 1)(1, 0, 1, 7)",add
2021-04-11,CAMPAGNE,6.0,10.119443260612542,9.559039616310182,"(0, 1, 1)(1, 0, 1, 7)",add
2021-04-12,CAMPAGNE,9.0,5.5563836756926275,5.21864071408767,"(0, 1, 1)(1, 0, 1, 7)",add
2021-04-13,CAMPAGNE,7.0,6.002098557101833,5.0176305983677425,"(0, 1, 1)(1, 0, 1, 7)",add
2021-04-14,CAMPAGNE,2.0,1.6535310989810705,3.4814191961730208,"(0, 1, 1)(1, 0, 1, 7)",add
2021-04-15,CAMPAGNE,10.0,6.615786190750744,6.269372621120827,"(0, 1, 1)(1, 0, 1, 7)",add
2021-04-16,CAMPAGNE,9.0,6.58007103521511,6.432481720416172,"(0, 1, 1)(1, 0, 1, 7)",add
2021-04-17,CAMPAGNE,8.0,8.791856717422387,8.923461679284506,"(0, 1, 1)(1, 0, 1, 7)",add
2021-04-18,CAMPAGNE,16.0,10.872387041681868,10.727775159240315,"(0, 1, 1)(1, 0, 1, 7)",add
2021-04-19,CAMPAGNE,4.0,8.878783251097122,8.110046048417226,"(0, 1, 1)(1, 0, 1, 7)",add
2021-04-20,CAMPAGNE,10.0,7.478424466064141,6.369699674880344,"(0, 1, 1)(1, 0, 1, 7)",add
2021-04-21,CAMPAGNE,6.0,3.45508270410847,5.154941767143265,"(0, 1, 1)(1, 0, 1, 7)",add
2021-04-22,CAMPAGNE,10.0,9.09541419724194,8.396709298422554,"(0, 1, 1)(1, 0, 1, 7)",add
2021-04-23,CAMPAGNE,7.0,8.54197376483936,8.144849663858963,"(0, 1, 1)(1, 0, 1, 7)",add
2021-04-24,CAMPAGNE,4.0,9.669995056209139,9.911676910302422,"(0, 1, 1)(1, 0, 1, 7)",add
2021-04-25,CAMPAGNE,10.0,11.285931077819985,10.742964643691,"(0, 1, 1)(1, 0, 1, 7)",add
2021-04-26,CAMPAGNE,5.0,7.179193107969737,6.95188314773905,"(0, 1, 1)(1, 0, 1, 7)",add
2021-04-27,CAMPAGNE,3.0,6.943537920966518,5.632518622496945,"(0, 1, 1)(1, 0, 1, 7)",add
2021-04-28,CAMPAGNE,8.0,1.7278612146731827,3.1961045111087456,"(0, 1, 1)(1, 0, 1, 7)",add
2021-04-29,CAMPAGNE,10.0,7.9429381095655955,7.21010226866981,"(0, 1, 1)(1, 0, 1, 7)",add
2021-04-30,CAMPAGNE,4.0,7.41512720520711,7.189708025540717,"(0, 1, 1)(1, 0, 1, 7)",add
2021-05-01,CAMPAGNE,11.0,7.722734912242769,8.55765516319753,"(0, 1, 1)(1, 0, 1, 7)",add
2021-05-02,CAMPAGNE,11.0,11.41649198775527,11.01851938253434,"(0, 1, 1)(1, 0, 1, 7)",add
2021-05-03,CAMPAGNE,5.0,7.427773947968,7.368751735010741,"(0, 1, 1)(1, 0, 1, 7)",add
2021-05-04,CAMPAGNE,7.0,6.930081400335288,5.968070777023674,"(0, 1, 1)(1, 0, 1, 7)",add
2021-05-05,CAMPAGNE,5.0,3.477821580055775,4.246461848544693,"(0, 1, 1)(1, 0, 1, 7)",add
2021-05-06,CAMPAGNE,7.0,8.388043134245628,7.470377023538758,"(0, 1, 1)(1, 0, 1, 7)",add
2021-05-07,CAMPAGNE,8.0,6.698133044091105,6.814017584352296,"(0, 1, 1)(1, 0, 1, 7)",add
2021-05-08,CAMPAGNE,9.0,8.511878874330982,9.035508376623152,"(0, 1, 1)(1, 0, 1, 7)",add
2021-05-09,CAMPAGNE,15.0,11.315523732298054,11.013030386128035,"(0, 1, 1)(1, 0, 1, 7)",add
2021-05-10,CAMPAGNE,4.0,8.009536513360999,8.14459308234338,"(0, 1, 1)(1, 0, 1, 7)",add
2021-05-11,CAMPAGNE,1.0,7.382207778212112,6.397507794802016,"(0, 1, 1)(1, 0, 1, 7)",add
2021-05-12,CAMPAGNE,11.0,2.8135220090202613,3.421741324096426,"(0, 1, 1)(1, 0, 1, 7)",add
2021-05-13,CAMPAGNE,16.0,8.760259632844665,7.9769199822940555,"(0, 1, 1)(1, 0, 1, 7)",add
2021-05-14,CAMPAGNE,11.0,9.056471844856722,8.977335961919541,"(0, 1, 1)(1, 0, 1, 7)",add
2021-05-15,CAMPAGNE,6.0,10.927378176778529,11.362033978137823,"(0, 1, 1)(1, 0, 1, 7)",add
2021-05-16,CAMPAGNE,15.0,12.910361000191795,12.30053775968111,"(0, 1, 1)(1, 0, 1, 7)",add
2021-05-17,CAMPAGNE,0.0,8.685279553415153,9.180952948152155,"(0, 1, 1)(1, 0, 1, 7)",add
2021-05-18,CAMPAGNE,0.0,6.814047934058736,6.451450585273444,"(0, 1, 1)(1, 0, 1, 7)",add
2021-05-19,CAMPAGNE,0.0,3.4480538977312567,3.2700968608020737,"(0, 1, 1)(1, 0, 1, 7)",add
2021-05-20,CAMPAGNE,0.0,7.056522015516873,5.709142041139381,"(0, 1, 1)(1, 0, 1, 7)",add
2021-05-21,CAMPAGNE,9.0,4.125735275451464,4.030883384243957,"(0, 1, 1)(1, 0, 1, 7)",add
2021-05-22,CAMPAGNE,10.0,5.959291547647361,6.990330902306148,"(0, 1, 1)(1, 0, 1, 7)",add
2021-05-23,CAMPAGNE,15.0,10.274492061742555,9.561860176564194,"(0, 1, 1)(1, 0, 1, 7)",add
2021-05-24,CAMPAGNE,15.0,5.677090784614091,6.976495256620693,"(0, 1, 1)(1, 0, 1, 7)",add
2021-05-25,CAMPAGNE,5.0,7.451066438149471,7.602978855512648,"(0, 1, 1)(1, 0, 1, 7)",add
2021-05-26,CAMPAGNE,5.0,5.177885110409241,5.172326916062135,"(0, 1, 1)(1, 0, 1, 7)",add
2021-05-27,CAMPAGNE,5.0,8.98595878981181,8.215638306572375,"(0, 1, 1)(1, 0, 1, 7)",add
2021-05-28,CAMPAGNE,6.0,7.675832522673924,7.023774726980007,"(0, 1, 1)(1, 0, 1, 7)",add
2021-05-29,CAMPAGNE,11.0,8.191389134944409,8.81421944488193,"(0, 1, 1)(1, 0, 1, 7)",add
2021-05-30,CAMPAGNE,15.0,12.350245108044911,11.225036976141588,"(0, 1, 1)(1, 0, 1, 7)",add
2021-05-31,CAMPAGNE,8.0,7.925346479351404,8.315244626319151,"(0, 1, 1)(1, 0, 1, 7)",add
2021-06-01,CAMPAGNE,2.0,6.914782571128397,7.315130844161025,"(0, 1, 1)(1, 0, 1, 7)",add
2021-06-02,CAMPAGNE,5.0,4.334277228968524,4.355433225777396,"(0, 1, 1)(1, 0, 1, 7)",add
2021-06-03,CAMPAGNE,4.0,7.902964855766185,7.558091909065373,"(0, 1, 1)(1, 0, 1, 7)",add
2021-06-04,CAMPAGNE,8.0,6.7565804320884615,6.29942764890927,"(0, 1, 1)(1, 0, 1, 7)",add
2021-06-05,CAMPAGNE,4.0,8.234594080060129,8.621296879744065,"(0, 1, 1)(1, 0, 1, 7)",add
2021-06-06,CAMPAGNE,6.0,10.961851679000045,9.704292475452224,"(0, 1, 1)(1, 0, 1, 7)",add
2021-06-07,CAMPAGNE,4.0,4.879146480020434,5.335559837582368,"(0, 1, 1)(1, 0, 1, 7)",add
2021-06-08,CAMPAGNE,3.0,3.228475937168312,4.136418362312711,"(0, 1, 1)(1, 0, 1, 7)",add
2021-06-09,CAMPAGNE,1.0,2.040330255090738,1.991840910969377,"(0, 1, 1)(1, 0, 1, 7)",add
2021-06-10,CAMPAGNE,7.0,4.80720324309996,4.875293879221005,"(0, 1, 1)(1, 0, 1, 7)",add
2021-06-11,CAMPAGNE,2.0,5.299353827293629,4.72514409558474,"(0, 1, 1)(1, 0, 1, 7)",add
2021-06-12,CAMPAGNE,8.0,5.35972742322962,6.1837113536330675,"(0, 1, 1)(1, 0, 1, 7)",add
2021-06-13,CAMPAGNE,10.0,9.279164711006121,8.522453979598442,"(0, 1, 1)(1, 0, 1, 7)",add
2021-06-14,CAMPAGNE,8.0,4.696527596245636,5.164516192693757,"(0, 1, 1)(1, 0, 1, 7)",add
2021-06-15,CAMPAGNE,5.0,3.9530594205159026,4.7789989634861625,"(0, 1, 1)(1, 0, 1, 7)",add
2021-06-16,CAMPAGNE,7.0,2.9580774768975324,2.8992064026854356,"(0, 1, 1)(1, 0, 1, 7)",add
2021-06-17,CAMPAGNE,3.0,6.989549788365368,6.776053654247858,"(0, 1, 1)(1, 0, 1, 7)",add
2021-06-18,CAMPAGNE,6.0,5.7668539980954865,5.474872706257095,"(0, 1, 1)(1, 0, 1, 7)",add
2021-06-19,CAMPAGNE,10.0,7.018109293751298,7.567453854780889,"(0, 1, 1)(1, 0, 1, 7)",add
2021-06-20,CAMPAGNE,10.0,10.83256247827382,10.026406693242635,"(0, 1, 1)(1, 0, 1, 7)",add
2021-06-21,CAMPAGNE,6.0,6.252512201553233,6.375100508179068,"(0, 1, 1)(1, 0, 1, 7)",add
2021-06-22,CAMPAGNE,6.0,4.663947014951737,5.363310943915345,"(0, 1, 1)(1, 0, 1, 7)",add
2021-06-23,CAMPAGNE,5.0,4.039833619636374,3.564604528529279,"(0, 1, 1)(1, 0, 1, 7)",add
2021-06-24,CAMPAGNE,9.0,6.7395587292984604,6.921526139118734,"(0, 1, 1)(1, 0, 1, 7)",add
2021-06-25,CAMPAGNE,7.0,7.098668121517262,6.7623580639454985,"(0, 1, 1)(1, 0, 1, 7)",add
2021-06-26,CAMPAGNE,4.0,8.525016831246171,8.798860907537204,"(0, 1, 1)(1, 0, 1, 7)",add
2021-06-27,CAMPAGNE,12.0,10.485516361037831,9.847219992448364,"(0, 1, 1)(1, 0, 1, 7)",add
2021-06-28,CAMPAGNE,5.0,6.476329097997849,6.620996661321122,"(0, 1, 1)(1, 0, 1, 7)",add
2021-06-29,CAMPAGNE,6.0,4.803619187651618,5.366176478206394,"(0, 1, 1)(1, 0, 1, 7)",add
2021-06-30,CAMPAGNE,7.0,4.153558892423845,3.566911097636644,"(0, 1, 1)(1, 0, 1, 7)",add
2021-07-01,CAMPAGNE,11.0,7.337708289946553,7.313512594113882,"(0, 1, 1)(1, 0, 1, 7)",add
2021-07-02,CAMPAGNE,4.0,7.80512758919453,7.4680115336254325,"(0, 1, 1)(1, 0, 1, 7)",add
2021-07-03,CAMPAGNE,21.0,8.054642773538866,8.78167142300103,"(0, 1, 1)(1, 0, 1, 7)",add
2021-07-04,CAMPAGNE,14.0,13.972447108128252,13.149487014059765,"(0, 1, 1)(1, 0, 1, 7)",add
2021-07-05,CAMPAGNE,9.0,9.474022111598387,9.66923708579334,"(0, 1, 1)(1, 0, 1, 7)",add
2021-07-06,CAMPAGNE,6.0,8.240913249679497,8.600071796992674,"(0, 1, 1)(1, 0, 1, 7)",add
2021-07-07,CAMPAGNE,4.0,7.084109537126087,6.169986922645753,"(0, 1, 1)(1, 0, 1, 7)",add
2021-07-08,CAMPAGNE,10.0,9.165345301193835,8.823624947177985,"(0, 1, 1)(1, 0, 1, 7)",add
2021-07-09,CAMPAGNE,11.0,8.445955891910868,8.488489050742526,"(0, 1, 1)(1, 0, 1, 7)",add
2021-07-10,CAMPAGNE,16.0,11.436751792743134,10.968543944857203,"(0, 1, 1)(1, 0, 1, 7)",add
2021-07-11,CAMPAGNE,15.0,14.670159926697757,13.934452906551108,"(0, 1, 1)(1, 0, 1, 7)",add
2021-07-12,CAMPAGNE,10.0,10.24774225544747,10.496148586744994,"(0, 1, 1)(1, 0, 1, 7)",add
2021-07-13,CAMPAGNE,8.0,8.904067703645246,9.460746790137177,"(0, 1, 1)(1, 0, 1, 7)",add
2021-07-14,CAMPAGNE,14.0,7.907062207949036,7.252904243764558,"(0, 1, 1)(1, 0, 1, 7)",add
2021-07-15,CAMPAGNE,13.0,12.105933639980684,11.645952183263416,"(0, 1, 1)(1, 0, 1, 7)",add
2021-07-16,CAMPAGNE,10.0,11.584349187274386,11.345474008226509,"(0, 1, 1)(1, 0, 1, 7)",add
2021-07-17,CAMPAGNE,15.0,13.939698317979904,13.073166485335253,"(0, 1, 1)(1, 0, 1, 7)",add
2021-07-18,CAMPAGNE,19.0,16.130555572368717,15.433472535897025,"(0, 1, 1)(1, 0, 1, 7)",add
2021-07-19,CAMPAGNE,23.0,12.233743096494036,12.483021722726605,"(0, 1, 1)(1, 0, 1, 7)",add
2021-07-20,CAMPAGNE,5.0,13.063412572558898,13.595894507830124,"(0, 1, 1)(1, 0, 1, 7)",add
2021-07-21,CAMPAGNE,18.0,11.260969802713731,9.996235026273071,"(0, 1, 1)(1, 0, 1, 7)",add
2021-07-22,CAMPAGNE,14.0,15.184657382181062,14.634415031432253,"(0, 1, 1)(1, 0, 1, 7)",add
2021-07-23,CAMPAGNE,8.0,14.041889156564885,13.94605753328004,"(0, 1, 1)(1, 0, 1, 7)",add
2021-07-24,CAMPAGNE,14.0,15.676494840001466,14.776337606995632,"(0, 1, 1)(1, 0, 1, 7)",add
2021-07-25,CAMPAGNE,20.0,17.47486895990979,16.60934983061966,"(0, 1, 1)(1, 0, 1, 7)",add
2021-07-26,CAMPAGNE,12.0,14.348528743265339,13.624591529083949,"(0, 1, 1)(1, 0, 1, 7)",add
2021-07-27,CAMPAGNE,17.0,11.019523904217035,12.369070113418752,"(0, 1, 1)(1, 0, 1, 7)",add
2021-07-28,CAMPAGNE,7.0,13.263216875039998,11.349499919320028,"(0, 1, 1)(1, 0, 1, 7)",add
2021-07-29,CAMPAGNE,10.0,13.926770575111144,13.577991441040028,"(0, 1, 1)(1, 0, 1, 7)",add
2021-07-30,CAMPAGNE,9.0,11.774553365345982,12.315445480504284,"(0, 1, 1)(1, 0, 1, 7)",add
2021-07-31,CAMPAGNE,14.0,14.318985786748689,13.658865653040062,"(0, 1, 1)(1, 0, 1, 7)",add
2021-08-01,CAMPAGNE,14.0,16.71750149781153,15.709857440878618,"(0, 1, 1)(1, 0, 1, 7)",add
2021-08-02,CAMPAGNE,17.0,12.181780838388242,11.730169090117402,"(0, 1, 1)(1, 0, 1, 7)",add
2021-08-03,CAMPAGNE,19.0,11.05858018816212,11.819507555218886,"(0, 1, 1)(1, 0, 1, 7)",add
2021-08-04,CAMPAGNE,10.0,12.66889536899889,11.297267547713984,"(0, 1, 1)(1, 0, 1, 7)",add
2021-08-05,CAMPAGNE,15.0,14.129915431599823,14.121142497079829,"(0, 1, 1)(1, 0, 1, 7)",add
2021-08-06,CAMPAGNE,14.0,12.99638909378504,13.727971367058224,"(0, 1, 1)(1, 0, 1, 7)",add
2021-08-07,CAMPAGNE,15.0,16.435169829119356,15.771181848524625,"(0, 1, 1)(1, 0, 1, 7)",add
2021-08-08,CAMPAGNE,16.0,18.34906317294526,17.605199779701966,"(0, 1, 1)(1, 0, 1, 7)",add
2021-08-09,CAMPAGNE,15.0,14.583600356075683,13.645926466019974,"(0, 1, 1)(1, 0, 1, 7)",add
2021-08-10,CAMPAGNE,12.0,12.977380524492117,12.971438077706749,"(0, 1, 1)(1, 0, 1, 7)",add
2021-08-11,CAMPAGNE,14.0,11.961275118081794,10.859042490449665,"(0, 1, 1)(1, 0, 1, 7)",add
2021-08-12,CAMPAGNE,15.0,14.62033739625095,14.54865940357932,"(0, 1, 1)(1, 0, 1, 7)",add
2021-08-13,CAMPAGNE,9.0,13.433970382037316,14.072094727399143,"(0, 1, 1)(1, 0, 1, 7)",add
2021-08-14,CAMPAGNE,15.0,15.527177399010823,15.072854275692404,"(0, 1, 1)(1, 0, 1, 7)",add
2021-08-15,CAMPAGNE,18.0,17.483904573737714,17.04309141082035,"(0, 1, 1)(1, 0, 1, 7)",add
2021-08-16,CAMPAGNE,13.0,14.55111870494153,13.583595531142235,"(0, 1, 1)(1, 0, 1, 7)",add
2021-08-17,CAMPAGNE,12.0,12.450627815583594,12.531135904345366,"(0, 1, 1)(1, 0, 1, 7)",add
2021-08-18,CAMPAGNE,13.0,11.81077490183978,10.504627820154727,"(0, 1, 1)(1, 0, 1, 7)",add
2021-08-19,CAMPAGNE,14.0,14.153578329869926,14.068313690152364,"(0, 1, 1)(1, 0, 1, 7)",add
2021-08-20,CAMPAGNE,11.0,12.441506774993353,13.490382698219525,"(0, 1, 1)(1, 0, 1, 7)",add
2021-08-21,CAMPAGNE,20.0,15.374603949437653,14.99474366671483,"(0, 1, 1)(1, 0, 1, 7)",add
2021-08-22,CAMPAGNE,13.0,18.428546820108807,17.955541982067366,"(0, 1, 1)(1, 0, 1, 7)",add
2021-08-23,CAMPAGNE,13.0,14.157727744006706,13.342734473942237,"(0, 1, 1)(1, 0, 1, 7)",add
2021-08-24,CAMPAGNE,11.0,12.23302080961029,12.337258387178618,"(0, 1, 1)(1, 0, 1, 7)",add
2021-08-25,CAMPAGNE,11.0,11.585092066690601,10.153504094803935,"(0, 1, 1)(1, 0, 1, 7)",add
2021-08-26,CAMPAGNE,15.0,13.440462050058036,13.395552065506246,"(0, 1, 1)(1, 0, 1, 7)",add
2021-08-27,CAMPAGNE,9.0,11.975335638179072,13.143918166475345,"(0, 1, 1)(1, 0, 1, 7)",add
2021-08-28,CAMPAGNE,13.0,15.086159478672492,14.32573239050175,"(0, 1, 1)(1, 0, 1, 7)",add
2021-08-29,CAMPAGNE,15.0,15.920530465787738,16.051576971066382,"(0, 1, 1)(1, 0, 1, 7)",add
2021-08-30,CAMPAGNE,10.0,12.893213467354709,12.200296039777916,"(0, 1, 1)(1, 0, 1, 7)",add
2021-08-31,CAMPAGNE,5.0,10.613027053181241,10.832474876532299,"(0, 1, 1)(1, 0, 1, 7)",add
2021-09-01,CAMPAGNE,3.0,9.123998297190287,7.771861591920002,"(0, 1, 1)(1, 0, 1, 7)",add
2021-09-02,CAMPAGNE,6.0,10.022051636360597,9.917965172709252,"(0, 1, 1)(1, 0, 1, 7)",add
2021-09-03,CAMPAGNE,5.0,7.067913405620593,8.58910226738458,"(0, 1, 1)(1, 0, 1, 7)",add
2021-09-04,CAMPAGNE,21.0,10.338179757295476,9.87914160388473,"(0, 1, 1)(1, 0, 1, 7)",add
2021-09-05,CAMPAGNE,11.0,13.794506533291145,14.03287927475883,"(0, 1, 1)(1, 0, 1, 7)",add
2021-09-06,CAMPAGNE,8.0,10.22947393077909,9.795115791306648,"(0, 1, 1)(1, 0, 1, 7)",add
2021-09-07,CAMPAGNE,8.0,7.8027027703593745,8.50633107606983,"(0, 1, 1)(1, 0, 1, 7)",add
2021-09-08,CAMPAGNE,4.0,7.33920932500226,6.484661543431898,"(0, 1, 1)(1, 0, 1, 7)",add
2021-09-09,CAMPAGNE,6.0,8.849629616152013,9.07691759191942,"(0, 1, 1)(1, 0, 1, 7)",add
2021-09-10,CAMPAGNE,7.0,6.2657545951499465,7.912113555808696,"(0, 1, 1)(1, 0, 1, 7)",add
2021-09-11,CAMPAGNE,11.0,11.181774298096606,9.724339449824656,"(0, 1, 1)(1, 0, 1, 7)",add
2021-09-12,CAMPAGNE,14.0,11.395969592467473,11.957624505787642,"(0, 1, 1)(1, 0, 1, 7)",add
2021-09-13,CAMPAGNE,10.0,8.960088148555965,8.709865128391115,"(0, 1, 1)(1, 0, 1, 7)",add
2021-09-14,CAMPAGNE,4.0,7.400724927242249,8.022904550766304,"(0, 1, 1)(1, 0, 1, 7)",add
2021-09-15,CAMPAGNE,3.0,5.897508303305777,5.315274935793109,"(0, 1, 1)(1, 0, 1, 7)",add
2021-09-16,CAMPAGNE,5.0,7.450677959390061,7.940572367365177,"(0, 1, 1)(1, 0, 1, 7)",add
2021-09-17,CAMPAGNE,5.0,5.250619330221638,6.80236449997785,"(0, 1, 1)(1, 0, 1, 7)",add
2021-09-18,CAMPAGNE,6.0,9.833255725235315,8.440933675214737,"(0, 1, 1)(1, 0, 1, 7)",add
2021-09-19,CAMPAGNE,7.0,9.560172865277021,9.949241619452398,"(0, 1, 1)(1, 0, 1, 7)",add
2021-09-20,CAMPAGNE,7.0,6.027552467558081,5.727792907562124,"(0, 1, 1)(1, 0, 1, 7)",add
2021-09-21,CAMPAGNE,6.0,4.090038904944895,5.037335249337485,"(0, 1, 1)(1, 0, 1, 7)",add
2021-09-22,CAMPAGNE,1.0,3.6519015643413804,3.3022152529188853,"(0, 1, 1)(1, 0, 1, 7)",add
2021-09-23,CAMPAGNE,6.0,5.213159054223418,5.930060170333104,"(0, 1, 1)(1, 0, 1, 7)",add
2021-09-24,CAMPAGNE,9.0,3.8454943283948757,5.379097588564522,"(0, 1, 1)(1, 0, 1, 7)",add
2021-09-25,CAMPAGNE,24.0,9.121990032871569,8.075555826506204,"(0, 1, 1)(1, 0, 1, 7)",add
2021-09-26,CAMPAGNE,7.0,12.660919235289237,13.16630451650581,"(0, 1, 1)(1, 0, 1, 7)",add
2021-09-27,CAMPAGNE,3.0,8.820643903840578,8.317319725639976,"(0, 1, 1)(1, 0, 1, 7)",add
2021-09-28,CAMPAGNE,4.0,5.646246293525174,6.341476622975206,"(0, 1, 1)(1, 0, 1, 7)",add
2021-09-29,CAMPAGNE,4.0,4.118768445705092,3.9618345925321323,"(0, 1, 1)(1, 0, 1, 7)",add
2021-09-30,CAMPAGNE,3.0,6.429092959096983,7.046205648827417,"(0, 1, 1)(1, 0, 1, 7)",add
2021-10-01,CAMPAGNE,2.0,4.647426180249051,5.692327526789744,"(0, 1, 1)(1, 0, 1, 7)",add
2021-10-02,CAMPAGNE,4.0,9.281541749534249,6.962231237530859,"(0, 1, 1)(1, 0, 1, 7)",add
2021-10-03,CAMPAGNE,5.0,7.138493846500956,8.368852320583741,"(0, 1, 1)(1, 0, 1, 7)",add
2021-10-04,CAMPAGNE,3.0,3.925421264363083,4.065552285759952,"(0, 1, 1)(1, 0, 1, 7)",add
2021-10-05,CAMPAGNE,2.0,2.0404705000324697,2.9190798088240313,"(0, 1, 1)(1, 0, 1, 7)",add
2021-10-06,CAMPAGNE,4.0,0.9626248452538808,0.8168974824847579,"(0, 1, 1)(1, 0, 1, 7)",add
2021-10-07,CAMPAGNE,5.0,3.57180985484141,4.514735407727954,"(0, 1, 1)(1, 0, 1, 7)",add
2021-10-08,CAMPAGNE,10.0,2.79251066462648,4.04478811268734,"(0, 1, 1)(1, 0, 1, 7)",add
2021-10-09,CAMPAGNE,5.0,9.053244478782059,7.196588214460519,"(0, 1, 1)(1, 0, 1, 7)",add
2021-10-10,CAMPAGNE,9.0,7.36313611169422,8.75255938359118,"(0, 1, 1)(1, 0, 1, 7)",add
2021-10-11,CAMPAGNE,5.0,5.020574377998659,5.154671198870125,"(0, 1, 1)(1, 0, 1, 7)",add
2021-10-12,CAMPAGNE,2.0,3.4050679302472586,4.185879657611088,"(0, 1, 1)(1, 0, 1, 7)",add
2021-10-13,CAMPAGNE,2.0,2.3482423627274978,1.8365891349469043,"(0, 1, 1)(1, 0, 1, 7)",add
2021-10-14,CAMPAGNE,5.0,4.156370107221766,4.945391184939739,"(0, 1, 1)(1, 0, 1, 7)",add
2021-10-15,CAMPAGNE,3.0,3.83046350901821,4.391438060212928,"(0, 1, 1)(1, 0, 1, 7)",add
2021-10-16,CAMPAGNE,5.0,7.505523986333571,6.110164563736327,"(0, 1, 1)(1, 0, 1, 7)",add
2021-10-17,CAMPAGNE,7.0,6.586480130452023,7.87805886265914,"(0, 1, 1)(1, 0, 1, 7)",add
2021-10-18,CAMPAGNE,5.0,3.911464445468973,4.060625225273717,"(0, 1, 1)(1, 0, 1, 7)",add
2021-10-19,CAMPAGNE,2.0,2.413870787157715,3.3052436615188556,"(0, 1, 1)(1, 0, 1, 7)",add
2021-10-20,CAMPAGNE,1.0,1.6383250228554487,1.1277343186689128,"(0, 1, 1)(1, 0, 1, 7)",add
2021-10-21,CAMPAGNE,5.0,3.4655785112235042,4.179744160100059,"(0, 1, 1)(1, 0, 1, 7)",add
2021-10-22,CAMPAGNE,2.0,3.1476116367640516,3.7751419020557955,"(0, 1, 1)(1, 0, 1, 7)",add
2021-10-23,CAMPAGNE,9.0,6.537813799598808,5.419021250859752,"(0, 1, 1)(1, 0, 1, 7)",add
2021-10-24,CAMPAGNE,11.0,6.847535974910948,8.101992989882145,"(0, 1, 1)(1, 0, 1, 7)",add
2021-10-25,CAMPAGNE,6.0,5.033208977133956,5.021137295665406,"(0, 1, 1)(1, 0, 1, 7)",add
2021-10-26,CAMPAGNE,8.0,3.4164804169432372,4.273458441278136,"(0, 1, 1)(1, 0, 1, 7)",add
2021-10-27,CAMPAGNE,6.0,3.6296415297496214,3.0774738209473487,"(0, 1, 1)(1, 0, 1, 7)",add
2021-10-28,CAMPAGNE,9.0,6.224758599141238,6.724482446625902,"(0, 1, 1)(1, 0, 1, 7)",add
2021-10-29,CAMPAGNE,10.0,5.9476888662639755,6.603750681257822,"(0, 1, 1)(1, 0, 1, 7)",add
2021-10-30,CAMPAGNE,13.0,10.647586013622691,9.256386984276313,"(0, 1, 1)(1, 0, 1, 7)",add
2021-10-31,CAMPAGNE,10.0,11.138375360821346,11.971082961594547,"(0, 1, 1)(1, 0, 1, 7)",add
2021-11-01,CAMPAGNE,9.0,8.077479822347488,7.940438678591981,"(0, 1, 1)(1, 0, 1, 7)",add
2021-11-02,CAMPAGNE,3.0,6.826062130929851,7.208501292543234,"(0, 1, 1)(1, 0, 1, 7)",add
2021-11-03,CAMPAGNE,12.0,5.234879268359297,4.464668266156477,"(0, 1, 1)(1, 0, 1, 7)",add
2021-11-04,CAMPAGNE,2.0,8.768589502512999,9.011473384338009,"(0, 1, 1)(1, 0, 1, 7)",add
2021-11-05,CAMPAGNE,5.0,6.747019191779282,7.079175583418889,"(0, 1, 1)(1, 0, 1, 7)",add
2021-11-06,CAMPAGNE,4.0,10.14420774977555,8.66374863005081,"(0, 1, 1)(1, 0, 1, 7)",add
2021-11-07,CAMPAGNE,7.0,8.64475721514421,9.73846337897865,"(0, 1, 1)(1, 0, 1, 7)",add
2021-11-08,CAMPAGNE,23.0,5.688004500178945,5.558130105235828,"(0, 1, 1)(1, 0, 1, 7)",add
2021-11-09,CAMPAGNE,5.0,7.341894802512261,8.021806238620515,"(0, 1, 1)(1, 0, 1, 7)",add
2021-11-10,CAMPAGNE,5.0,6.9621887461182705,5.509455774094899,"(0, 1, 1)(1, 0, 1, 7)",add
2021-11-11,CAMPAGNE,7.0,7.590118709338214,8.487005154831207,"(0, 1, 1)(1, 0, 1, 7)",add
2021-11-12,CAMPAGNE,5.0,7.158769071722574,7.632337242449569,"(0, 1, 1)(1, 0, 1, 7)",add
2021-11-13,CAMPAGNE,5.0,9.986525138399642,9.109007860793353,"(0, 1, 1)(1, 0, 1, 7)",add
2021-11-14,CAMPAGNE,8.0,9.02323764778737,10.291933067000894,"(0, 1, 1)(1, 0, 1, 7)",add
2021-11-15,CAMPAGNE,1.0,7.936421894924505,6.198702187612533,"(0, 1, 1)(1, 0, 1, 7)",add
2021-11-16,CAMPAGNE,3.0,3.242534821415359,4.245997204124623,"(0, 1, 1)(1, 0, 1, 7)",add
2021-11-17,CAMPAGNE,0.0,3.2763907162751815,2.080044766052769,"(0, 1, 1)(1, 0, 1, 7)",add
2021-11-18,CAMPAGNE,5.0,3.715140806619035,4.75122734911218,"(0, 1, 1)(1, 0, 1, 7)",add
2021-11-19,CAMPAGNE,3.0,3.511183840190488,4.235148775214227,"(0, 1, 1)(1, 0, 1, 7)",add
2021-11-20,CAMPAGNE,2.0,6.327697223712503,5.984361833782542,"(0, 1, 1)(1, 0, 1, 7)",add
2021-11-21,CAMPAGNE,2.0,5.768119427006435,7.191601105817608,"(0, 1, 1)(1, 0, 1, 7)",add
2021-11-22,CAMPAGNE,4.0,3.5781444015114054,2.532746746367218,"(0, 1, 1)(1, 0, 1, 7)",add
2021-11-23,CAMPAGNE,5.0,0.8982937219174061,1.8803357496882995,"(0, 1, 1)(1, 0, 1, 7)",add
2021-11-24,CAMPAGNE,0.0,1.524069662299182,0.5659706628494527,"(0, 1, 1)(1, 0, 1, 7)",add
2021-11-25,CAMPAGNE,3.0,2.659272927334469,3.532495971993858,"(0, 1, 1)(1, 0, 1, 7)",add
2021-11-26,CAMPAGNE,1.0,2.130147029054371,2.8640193058239576,"(0, 1, 1)(1, 0, 1, 7)",add
2021-11-27,CAMPAGNE,3.0,4.4227967598527655,4.490561792012862,"(0, 1, 1)(1, 0, 1, 7)",add
2021-11-28,CAMPAGNE,1.0,4.415993401941722,6.1842539404883,"(0, 1, 1)(1, 0, 1, 7)",add
2021-11-29,CAMPAGNE,4.0,2.631084710923826,1.5268327551690595,"(0, 1, 1)(1, 0, 1, 7)",add
2021-11-30,CAMPAGNE,4.0,0.5249703716830734,1.0706402789304224,"(0, 1, 1)(1, 0, 1, 7)",add
2021-12-01,CAMPAGNE,0.0,0.5867338678670397,-0.2808465434521321,"(0, 1, 1)(1, 0, 1, 7)",add
2021-12-02,CAMPAGNE,4.0,2.034409782004415,2.8508630863775357,"(0, 1, 1)(1, 0, 1, 7)",add
2021-12-03,CAMPAGNE,1.0,1.712294825664285,2.5104139848171374,"(0, 1, 1)(1, 0, 1, 7)",add
2021-12-04,CAMPAGNE,4.0,4.007442650426519,4.205932460518947,"(0, 1, 1)(1, 0, 1, 7)",add
2021-12-05,CAMPAGNE,10.0,4.07300788698808,6.150210711728359,"(0, 1, 1)(1, 0, 1, 7)",add
2021-12-06,CAMPAGNE,0.0,4.562609942212786,3.255014340311343,"(0, 1, 1)(1, 0, 1, 7)",add
2021-12-07,CAMPAGNE,0.0,1.5112348426604032,1.6814546485008242,"(0, 1, 1)(1, 0, 1, 7)",add
2021-12-08,CAMPAGNE,0.0,0.2677898937100181,-0.5694402560222915,"(0, 1, 1)(1, 0, 1, 7)",add
2021-12-09,CAMPAGNE,3.0,1.9820206446012458,2.618563879882826,"(0, 1, 1)(1, 0, 1, 7)",add
2021-12-10,CAMPAGNE,0.0,1.2691540530067087,2.128363293443475,"(0, 1, 1)(1, 0, 1, 7)",add
2021-12-11,CAMPAGNE,5.0,3.470638958030577,3.703341543930474,"(0, 1, 1)(1, 0, 1, 7)",add
2021-12-12,CAMPAGNE,1.0,4.389610011374754,5.940722554480984,"(0, 1, 1)(1, 0, 1, 7)",add
2021-12-13,CAMPAGNE,3.0,2.1572810876660036,1.3308057966388969,"(0, 1, 1)(1, 0, 1, 7)",add
2021-12-14,CAMPAGNE,4.0,0.42012227253468115,0.7177863927986453,"(0, 1, 1)(1, 0, 1, 7)",add
2021-12-15,CAMPAGNE,0.0,0.30200771060010956,-0.5648710186459898,"(0, 1, 1)(1, 0, 1, 7)",add
2021-12-16,CAMPAGNE,5.0,2.0985307630530095,2.622241819389366,"(0, 1, 1)(1, 0, 1, 7)",add
2021-12-17,CAMPAGNE,5.0,1.5867695754546762,2.5214536125966514,"(0, 1, 1)(1, 0, 1, 7)",add
2021-12-18,CAMPAGNE,5.0,4.932559461659427,4.9950782774764475,"(0, 1, 1)(1, 0, 1, 7)",add
2021-12-19,CAMPAGNE,5.0,5.125432951994727,6.9804867805635205,"(0, 1, 1)(1, 0, 1, 7)",add
2021-12-20,CAMPAGNE,3.0,3.8978152974665425,2.948008142476199,"(0, 1, 1)(1, 0, 1, 7)",add
2021-12-21,CAMPAGNE,5.0,2.102195242513801,2.0195293113594888,"(0, 1, 1)(1, 0, 1, 7)",add
2021-12-22,CAMPAGNE,5.0,1.5678937090863392,0.6780124451787506,"(0, 1, 1)(1, 0, 1, 7)",add
2021-12-23,CAMPAGNE,7.0,4.380666178988918,4.5980068757764245,"(0, 1, 1)(1, 0, 1, 7)",add
2021-12-24,CAMPAGNE,23.0,3.927454489392969,4.501946056036971,"(0, 1, 1)(1, 0, 1, 7)",add
2021-12-25,CAMPAGNE,5.0,10.150945814232038,10.100414493281429,"(0, 1, 1)(1, 0, 1, 7)",add
2021-12-26,CAMPAGNE,15.0,9.272759319646681,11.089951055644995,"(0, 1, 1)(1, 0, 1, 7)",add
2021-12-27,CAMPAGNE,4.0,9.168238932623495,8.206509228515442,"(0, 1, 1)(1, 0, 1, 7)",add
2021-12-28,CAMPAGNE,9.0,6.865032481162542,6.447346273599379,"(0, 1, 1)(1, 0, 1, 7)",add
2021-12-29,CAMPAGNE,8.0,6.294649992001663,5.022377330914587,"(0, 1, 1)(1, 0, 1, 7)",add
2021-12-30,CAMPAGNE,8.0,8.719576346501395,8.680133348368459,"(0, 1, 1)(1, 0, 1, 7)",add
2021-12-31,CAMPAGNE,11.0,9.164664508600286,7.98285781091593,"(0, 1, 1)(1, 0, 1, 7)",add
2022-01-01,CAMPAGNE,0.0,10.01055273694023,10.561543616455731,"(0, 1, 1)(1, 0, 1, 7)",add
2022-01-02,CAMPAGNE,11.0,9.053281996619432,10.48580552724971,"(0, 1, 1)(1, 0, 1, 7)",add
2022-01-03,CAMPAGNE,2.0,7.30961775817745,6.939951659051799,"(0, 1, 1)(1, 0, 1, 7)",add
2022-01-04,CAMPAGNE,1.0,5.5694616107563615,5.037719823687469,"(0, 1, 1)(1, 0, 1, 7)",add
2022-01-05,CAMPAGNE,0.0,3.6608303478051156,2.327200268860622,"(0, 1, 1)(1, 0, 1, 7)",add
2022-01-06,CAMPAGNE,5.0,4.784734902909053,4.950171486431552,"(0, 1, 1)(1, 0, 1, 7)",add
2022-01-07,CAMPAGNE,1.0,5.631495222900761,4.395285892632644,"(0, 1, 1)(1, 0, 1, 7)",add
2022-01-08,CAMPAGNE,2.0,4.11397457321357,5.723132002498803,"(0, 1, 1)(1, 0, 1, 7)",add
2022-01-09,CAMPAGNE,1.0,5.646625856067766,6.981328047615736,"(0, 1, 1)(1, 0, 1, 7)",add
2022-01-10,CAMPAGNE,1.0,1.9724861068938677,2.168425674689678,"(0, 1, 1)(1, 0, 1, 7)",add
2022-01-11,CAMPAGNE,2.0,1.0855390307169728,1.0018862095767411,"(0, 1, 1)(1, 0, 1, 7)",add
2022-01-12,CAMPAGNE,0.0,0.2947848541274669,-0.7263189231519762,"(0, 1, 1)(1, 0, 1, 7)",add
2022-01-13,CAMPAGNE,4.0,2.360234680026305,2.492286735569386,"(0, 1, 1)(1, 0, 1, 7)",add
2022-01-14,CAMPAGNE,0.0,3.042608366586124,2.2217832969941944,"(0, 1, 1)(1, 0, 1, 7)",add
2022-01-15,CAMPAGNE,2.0,1.9986517525808933,3.778538583056159,"(0, 1, 1)(1, 0, 1, 7)",add
2022-01-16,CAMPAGNE,5.0,3.6598832007608904,5.416056565197207,"(0, 1, 1)(1, 0, 1, 7)",add
2022-01-17,CAMPAGNE,1.0,1.4809493409241794,1.688743363595774,"(0, 1, 1)(1, 0, 1, 7)",add
2022-01-18,CAMPAGNE,4.0,0.8575883474902896,0.6157730845045072,"(0, 1, 1)(1, 0, 1, 7)",add
2022-01-19,CAMPAGNE,0.0,0.43516231153937923,-0.6469851103134143,"(0, 1, 1)(1, 0, 1, 7)",add
2022-01-20,CAMPAGNE,4.0,2.615723366427659,2.556145305482331,"(0, 1, 1)(1, 0, 1, 7)",add
2022-01-21,CAMPAGNE,5.0,2.842504342294832,2.2731853008235663,"(0, 1, 1)(1, 0, 1, 7)",add
2022-01-22,CAMPAGNE,3.0,3.0758873932336366,4.7952384011705895,"(0, 1, 1)(1, 0, 1, 7)",add
2022-01-23,CAMPAGNE,5.0,4.822024696111834,6.429498834822693,"(0, 1, 1)(1, 0, 1, 7)",add
2022-01-24,CAMPAGNE,5.0,2.2994786097923714,2.5044986098399744,"(0, 1, 1)(1, 0, 1, 7)",add
2022-01-25,CAMPAGNE,4.0,2.6482960056247946,2.0526627416116816,"(0, 1, 1)(1, 0, 1, 7)",add
2022-01-26,CAMPAGNE,0.0,1.6088964550084572,0.5096177976078926,"(0, 1, 1)(1, 0, 1, 7)",add
2022-01-27,CAMPAGNE,5.0,3.6811169901730523,3.4871355732424973,"(0, 1, 1)(1, 0, 1, 7)",add
2022-01-28,CAMPAGNE,5.0,3.991984677078522,3.2176369456741853,"(0, 1, 1)(1, 0, 1, 7)",add
2022-01-29,CAMPAGNE,2.0,3.831290082681213,5.555460672534473,"(0, 1, 1)(1, 0, 1, 7)",add
2022-01-30,CAMPAGNE,5.0,5.221622528363164,6.846363510253692,"(0, 1, 1)(1, 0, 1, 7)",add
2022-01-31,CAMPAGNE,2.0,2.887775803304578,2.8400476155888565,"(0, 1, 1)(1, 0, 1, 7)",add
2022-02-01,CAMPAGNE,1.0,2.4419120692719023,1.7375631864587344,"(0, 1, 1)(1, 0, 1, 7)",add
2022-02-02,CAMPAGNE,0.0,0.6102557773441624,-0.32921161658581655,"(0, 1, 1)(1, 0, 1, 7)",add
2022-02-03,CAMPAGNE,5.0,3.090412975351864,2.8119323417990927,"(0, 1, 1)(1, 0, 1, 7)",add
2022-02-04,CAMPAGNE,2.0,3.515655318715308,2.674142170649121,"(0, 1, 1)(1, 0, 1, 7)",add
2022-02-05,CAMPAGNE,5.0,2.6091217212940157,4.532787931086781,"(0, 1, 1)(1, 0, 1, 7)",add
2022-02-06,CAMPAGNE,6.0,4.9408752431776435,6.608373058195516,"(0, 1, 1)(1, 0, 1, 7)",add
2022-02-07,CAMPAGNE,2.0,2.8309058200930957,2.8435456575247935,"(0, 1, 1)(1, 0, 1, 7)",add
2022-02-08,CAMPAGNE,5.0,2.3328315044536896,1.7403788831652447,"(0, 1, 1)(1, 0, 1, 7)",add
2022-02-09,CAMPAGNE,0.0,1.400110262943457,0.4533144696592162,"(0, 1, 1)(1, 0, 1, 7)",add
2022-02-10,CAMPAGNE,5.0,3.9058449621342914,3.4418150487965287,"(0, 1, 1)(1, 0, 1, 7)",add
2022-02-11,CAMPAGNE,3.0,3.8871467809392195,3.181156865172905,"(0, 1, 1)(1, 0, 1, 7)",add
2022-02-12,CAMPAGNE,5.0,3.4458788682028496,5.1359667590113975,"(0, 1, 1)(1, 0, 1, 7)",add
2022-02-13,CAMPAGNE,12.0,5.506004466112495,7.093892863368796,"(0, 1, 1)(1, 0, 1, 7)",add
2022-02-14,CAMPAGNE,4.0,4.369366756736265,4.404747036166692,"(0, 1, 1)(1, 0, 1, 7)",add
2022-02-15,CAMPAGNE,5.0,4.274433292377111,3.3871744746399584,"(0, 1, 1)(1, 0, 1, 7)",add
2022-02-16,CAMPAGNE,0.0,2.6461730139484523,1.7788780301112181,"(0, 1, 1)(1, 0, 1, 7)",add
2022-02-17,CAMPAGNE,5.0,5.066045350371197,4.508807674896942,"(0, 1, 1)(1, 0, 1, 7)",add
2022-02-18,CAMPAGNE,5.0,4.655074025227786,4.040016672517375,"(0, 1, 1)(1, 0, 1, 7)",add
2022-02-19,CAMPAGNE,0.0,4.673374665232341,6.2174229733817805,"(0, 1, 1)(1, 0, 1, 7)",add
2022-02-20,CAMPAGNE,9.0,5.936344204209166,6.989070379015881,"(0, 1, 1)(1, 0, 1, 7)",add
2022-02-21,CAMPAGNE,5.0,3.6313721570715893,3.7351770152420034,"(0, 1, 1)(1, 0, 1, 7)",add
2022-02-22,CAMPAGNE,6.0,3.9807898709114053,3.0432789767299884,"(0, 1, 1)(1, 0, 1, 7)",add
2022-02-23,CAMPAGNE,0.0,2.3413185960622096,1.6971293842518458,"(0, 1, 1)(1, 0, 1, 7)",add
2022-02-24,CAMPAGNE,5.0,4.970635739751653,4.443005321144926,"(0, 1, 1)(1, 0, 1, 7)",add
2022-02-25,CAMPAGNE,7.0,4.620754386708985,3.987050048865236,"(0, 1, 1)(1, 0, 1, 7)",add
2022-02-26,CAMPAGNE,10.0,4.595812638345285,6.56491809589393,"(0, 1, 1)(1, 0, 1, 7)",add
2022-02-27,CAMPAGNE,13.0,8.48450849721508,9.219430480219991,"(0, 1, 1)(1, 0, 1, 7)",add
2022-02-28,CAMPAGNE,4.0,6.41282586107191,6.310731761010328,"(0, 1, 1)(1, 0, 1, 7)",add
2022-03-01,CAMPAGNE,8.0,6.0838161011884635,4.921368463930616,"(0, 1, 1)(1, 0, 1, 7)",add
2022-03-02,CAMPAGNE,5.0,4.088390582854405,3.598999334451219,"(0, 1, 1)(1, 0, 1, 7)",add
2022-03-03,CAMPAGNE,6.0,7.506002315996913,6.9492117253778725,"(0, 1, 1)(1, 0, 1, 7)",add
2022-03-04,CAMPAGNE,8.0,7.067517858965612,6.1994484389912925,"(0, 1, 1)(1, 0, 1, 7)",add
2022-03-05,CAMPAGNE,9.0,7.079270160765505,8.540820105239604,"(0, 1, 1)(1, 0, 1, 7)",add
2022-03-06,CAMPAGNE,12.0,10.246288974033337,10.614838437033853,"(0, 1, 1)(1, 0, 1, 7)",add
2022-03-07,CAMPAGNE,4.0,7.105736619248723,7.238879684412146,"(0, 1, 1)(1, 0, 1, 7)",add
2022-03-08,CAMPAGNE,5.0,6.987493408788495,5.668467297774888,"(0, 1, 1)(1, 0, 1, 7)",add
2022-03-09,CAMPAGNE,1.0,4.1803515241637825,3.6151706779196386,"(0, 1, 1)(1, 0, 1, 7)",add
2022-03-10,CAMPAGNE,0.0,6.524307800011967,6.181968974057357,"(0, 1, 1)(1, 0, 1, 7)",add
2022-03-11,CAMPAGNE,4.0,5.271693179825593,4.411478374855441,"(0, 1, 1)(1, 0, 1, 7)",add
2022-03-12,CAMPAGNE,5.0,4.9493297345255165,6.32136062453059,"(0, 1, 1)(1, 0, 1, 7)",add
2022-03-13,CAMPAGNE,5.0,7.722014762792856,8.048057983223448,"(0, 1, 1)(1, 0, 1, 7)",add
2022-03-14,CAMPAGNE,4.0,3.3126592422928045,3.8073336663966635,"(0, 1, 1)(1, 0, 1, 7)",add
2022-03-15,CAMPAGNE,4.0,3.9975202207075147,2.9062954890550934,"(0, 1, 1)(1, 0, 1, 7)",add
2022-03-16,CAMPAGNE,1.0,1.4778336399453904,1.1967367514582667,"(0, 1, 1)(1, 0, 1, 7)",add
2022-03-17,CAMPAGNE,4.0,3.9607507155469373,4.235286639665599,"(0, 1, 1)(1, 0, 1, 7)",add
2022-03-18,CAMPAGNE,1.0,4.391990702469137,3.6247850846491203,"(0, 1, 1)(1, 0, 1, 7)",add
2022-03-19,CAMPAGNE,5.0,3.740813500091482,5.102928863961638,"(0, 1, 1)(1, 0, 1, 7)",add
2022-03-20,CAMPAGNE,3.0,6.466429105325128,7.067299502286999,"(0, 1, 1)(1, 0, 1, 7)",add
2022-03-21,CAMPAGNE,5.0,2.2215237689160006,2.627756932019143,"(0, 1, 1)(1, 0, 1, 7)",add
2022-03-22,CAMPAGNE,5.0,3.2705293036107226,2.151877690479042,"(0, 1, 1)(1, 0, 1, 7)",add
2022-03-23,CAMPAGNE,4.0,1.0890119443800845,0.7845442998630725,"(0, 1, 1)(1, 0, 1, 7)",add
2022-03-24,CAMPAGNE,1.0,4.259050440516573,4.488693195707243,"(0, 1, 1)(1, 0, 1, 7)",add
2022-03-25,CAMPAGNE,2.0,3.7054045854328517,3.2435661892077587,"(0, 1, 1)(1, 0, 1, 7)",add
2022-03-26,CAMPAGNE,5.0,3.7579032343053567,4.99113730568739,"(0, 1, 1)(1, 0, 1, 7)",add
2022-03-27,CAMPAGNE,12.0,6.036401855373155,6.977314554075068,"(0, 1, 1)(1, 0, 1, 7)",add
2022-03-28,CAMPAGNE,1.0,4.249618722386389,4.3109090640839005,"(0, 1, 1)(1, 0, 1, 7)",add
2022-03-29,CAMPAGNE,4.0,4.031728307147056,2.7264462731068155,"(0, 1, 1)(1, 0, 1, 7)",add
2022-03-30,CAMPAGNE,2.0,1.6696362161463618,1.0519698063248941,"(0, 1, 1)(1, 0, 1, 7)",add
2022-03-31,CAMPAGNE,2.0,3.7721838736252895,4.313823553697619,"(0, 1, 1)(1, 0, 1, 7)",add
2022-04-01,CAMPAGNE,4.0,3.599209423788558,3.2978723861689625,"(0, 1, 1)(1, 0, 1, 7)",add
2022-04-02,CAMPAGNE,2.0,4.229145727775575,5.2880196272984366,"(0, 1, 1)(1, 0, 1, 7)",add
2022-04-03,CAMPAGNE,5.0,6.686095411665727,7.272468075032826,"(0, 1, 1)(1, 0, 1, 7)",add
2022-04-04,CAMPAGNE,3.0,3.002074694750786,3.6263129091648674,"(0, 1, 1)(1, 0, 1, 7)",add
2022-04-05,CAMPAGNE,2.0,3.6686715934789635,2.6876922911284717,"(0, 1, 1)(1, 0, 1, 7)",add
2022-04-06,CAMPAGNE,4.0,1.3773817629902054,0.7647901834082691,"(0, 1, 1)(1, 0, 1, 7)",add
2022-04-07,CAMPAGNE,1.0,3.199039636419349,3.841716507995999,"(0, 1, 1)(1, 0, 1, 7)",add
2022-04-08,CAMPAGNE,5.0,3.5107394478097746,3.277111119767656,"(0, 1, 1)(1, 0, 1, 7)",add
2022-04-09,CAMPAGNE,2.0,4.132181468753306,5.26725836089713,"(0, 1, 1)(1, 0, 1, 7)",add
2022-04-10,CAMPAGNE,8.0,6.556000777546047,7.2517068086315195,"(0, 1, 1)(1, 0, 1, 7)",add
2022-04-11,CAMPAGNE,4.0,2.9216566938231936,3.6055516427635608,"(0, 1, 1)(1, 0, 1, 7)",add
2022-04-12,CAMPAGNE,5.0,3.579264965133219,2.666931024727165,"(0, 1, 1)(1, 0, 1, 7)",add
2022-04-13,CAMPAGNE,1.0,1.3188716939182283,0.7440289170069629,"(0, 1, 1)(1, 0, 1, 7)",add
2022-04-14,CAMPAGNE,6.0,3.115965690829436,3.8209552415946924,"(0, 1, 1)(1, 0, 1, 7)",add
2022-04-15,CAMPAGNE,10.0,3.4234624321542153,3.2563498533663493,"(0, 1, 1)(1, 0, 1, 7)",add
2022-04-16,CAMPAGNE,13.0,4.036524709959273,5.246497094495823,"(0, 1, 1)(1, 0, 1, 7)",add
2022-04-17,CAMPAGNE,13.0,6.4276603853039305,7.230945542230213,"(0, 1, 1)(1, 0, 1, 7)",add
2022-04-18,CAMPAGNE,12.0,2.8423230775506005,3.584790376362254,"(0, 1, 1)(1, 0, 1, 7)",add
2022-04-19,CAMPAGNE,10.0,3.491063927261187,2.6461697583258585,"(0, 1, 1)(1, 0, 1, 7)",add
2022-04-20,CAMPAGNE,4.0,1.2611505952301547,0.7232676506056563,"(0, 1, 1)(1, 0, 1, 7)",add
2022-04-21,CAMPAGNE,10.0,3.034011943588012,3.8001939751933866,"(0, 1, 1)(1, 0, 1, 7)",add
2022-04-22,CAMPAGNE,5.0,3.337362290524612,3.2355885869650427,"(0, 1, 1)(1, 0, 1, 7)",add
2022-04-23,CAMPAGNE,5.0,3.9421578205997783,5.225735828094517,"(0, 1, 1)(1, 0, 1, 7)",add
2022-04-24,CAMPAGNE,9.0,6.3010505801238965,7.210184275828906,"(0, 1, 1)(1, 0, 1, 7)",add
2022-04-25,CAMPAGNE,2.0,2.7640592237082995,3.564029109960948,"(0, 1, 1)(1, 0, 1, 7)",add
2022-04-26,CAMPAGNE,4.0,3.404052223256202,2.625408491924552,"(0, 1, 1)(1, 0, 1, 7)",add
2022-04-27,CAMPAGNE,10.0,1.204207828171381,0.7025063842043497,"(0, 1, 1)(1, 0, 1, 7)",add
2022-04-28,CAMPAGNE,3.0,2.9531632895459117,3.77943270879208,"(0, 1, 1)(1, 0, 1, 7)",add
2022-04-29,CAMPAGNE,6.0,3.252423153536997,3.2148273205637365,"(0, 1, 1)(1, 0, 1, 7)",add
2022-04-30,CAMPAGNE,10.0,3.8490634076209584,5.20497456169321,"(0, 1, 1)(1, 0, 1, 7)",add
2022-05-01,CAMPAGNE,10.0,6.176148026160332,7.1894230094276,"(0, 1, 1)(1, 0, 1, 7)",add
2022-05-02,CAMPAGNE,4.0,2.6868507072428143,3.5432678435596414,"(0, 1, 1)(1, 0, 1, 7)",add
2022-05-03,CAMPAGNE,5.0,3.31821381572141,2.6046472255232453,"(0, 1, 1)(1, 0, 1, 7)",add
2022-05-04,CAMPAGNE,0.0,1.1480328974440193,0.6817451178030431,"(0, 1, 1)(1, 0, 1, 7)",add
2022-05-05,CAMPAGNE,8.0,2.8734048272371213,3.7586714423907734,"(0, 1, 1)(1, 0, 1, 7)",add
2022-05-06,CAMPAGNE,7.0,3.168629365795768,3.19406605416243,"(0, 1, 1)(1, 0, 1, 7)",add
2022-05-07,CAMPAGNE,5.0,3.7572243125030154,5.184213295291904,"(0, 1, 1)(1, 0, 1, 7)",add
2022-05-08,CAMPAGNE,10.0,6.052929702236386,7.168661743026293,"(0, 1, 1)(1, 0, 1, 7)",add
2022-05-09,CAMPAGNE,4.0,2.610683297613171,3.522506577158335,"(0, 1, 1)(1, 0, 1, 7)",add
2022-05-10,CAMPAGNE,2.0,3.2335328835138664,2.583885959121939,"(0, 1, 1)(1, 0, 1, 7)",add
2022-05-11,CAMPAGNE,4.0,1.0926154492724756,0.6609838514017365,"(0, 1, 1)(1, 0, 1, 7)",add
2022-05-12,CAMPAGNE,2.0,2.794721856132245,3.737910175989467,"(0, 1, 1)(1, 0, 1, 7)",add
2022-05-13,CAMPAGNE,5.0,3.08596548300819,3.1733047877611233,"(0, 1, 1)(1, 0, 1, 7)",add
2022-05-14,CAMPAGNE,5.0,3.6666236080976757,5.163452028890598,"(0, 1, 1)(1, 0, 1, 7)",add
2022-05-15,CAMPAGNE,10.0,5.931372897600865,7.1479004766249865,"(0, 1, 1)(1, 0, 1, 7)",add
2022-05-16,CAMPAGNE,4.0,2.5355429561680216,3.501745310757028,"(0, 1, 1)(1, 0, 1, 7)",add
2022-05-17,CAMPAGNE,5.0,3.1499938188284897,2.5631246927206326,"(0, 1, 1)(1, 0, 1, 7)",add
2022-05-18,CAMPAGNE,5.0,1.0379452694951126,0.6402225850004304,"(0, 1, 1)(1, 0, 1, 7)",add
2022-05-19,CAMPAGNE,6.0,2.717099873929004,3.7171489095881602,"(0, 1, 1)(1, 0, 1, 7)",add
2022-05-20,CAMPAGNE,1.0,3.0044162691378142,3.1525435213598167,"(0, 1, 1)(1, 0, 1, 7)",add
2022-05-21,CAMPAGNE,2.0,3.5772445955082985,5.142690762489291,"(0, 1, 1)(1, 0, 1, 7)",add
2022-05-22,CAMPAGNE,10.0,5.811455207742348,7.127139210223681,"(0, 1, 1)(1, 0, 1, 7)",add
2022-05-23,CAMPAGNE,3.0,2.461415833558142,3.4809840443557216,"(0, 1, 1)(1, 0, 1, 7)",add
2022-05-24,CAMPAGNE,4.0,3.0675812243213443,2.542363426319326,"(0, 1, 1)(1, 0, 1, 7)",add
2022-05-25,CAMPAGNE,10.0,0.9840122816816494,0.6194613185991238,"(0, 1, 1)(1, 0, 1, 7)",add
2022-05-26,CAMPAGNE,10.0,2.640524573879273,3.6963876431868536,"(0, 1, 1)(1, 0, 1, 7)",add
2022-05-27,CAMPAGNE,7.0,2.923966693596274,3.13178225495851,"(0, 1, 1)(1, 0, 1, 7)",add
2022-05-28,CAMPAGNE,12.0,3.489070801012047,5.121929496087985,"(0, 1, 1)(1, 0, 1, 7)",add
2022-05-29,CAMPAGNE,12.0,5.693154530259737,7.106377943822374,"(0, 1, 1)(1, 0, 1, 7)",add
2022-05-30,CAMPAGNE,5.0,2.38828826718381,3.4602227779544155,"(0, 1, 1)(1, 0, 1, 7)",add
2022-05-31,CAMPAGNE,5.0,2.9862799102717004,2.5216021599180194,"(0, 1, 1)(1, 0, 1, 7)",add
2022-06-01,CAMPAGNE,3.0,0.9308065452759378,0.5987000521978172,"(0, 1, 1)(1, 0, 1, 7)",add
2022-06-02,CAMPAGNE,3.0,2.564981842152157,3.675626376785547,"(0, 1, 1)(1, 0, 1, 7)",add
2022-06-03,CAMPAGNE,5.0,2.84460192847295,3.1110209885572035,"(0, 1, 1)(1, 0, 1, 7)",add
2022-06-04,CAMPAGNE,14.0,3.4020859730235653,5.101168229686678,"(0, 1, 1)(1, 0, 1, 7)",add
2022-06-05,CAMPAGNE,16.0,5.576449060788496,7.085616677421068,"(0, 1, 1)(1, 0, 1, 7)",add
2022-06-06,CAMPAGNE,14.0,2.3161467786766092,3.439461511553109,"(0, 1, 1)(1, 0, 1, 7)",add
2022-06-07,CAMPAGNE,5.0,2.9060748917823753,2.5008408935167132,"(0, 1, 1)(1, 0, 1, 7)",add
2022-06-08,CAMPAGNE,5.0,0.878318253763791,0.5779387857965106,"(0, 1, 1)(1, 0, 1, 7)",add
2022-06-09,CAMPAGNE,4.0,2.490457755232629,3.6548651103842404,"(0, 1, 1)(1, 0, 1, 7)",add
2022-06-10,CAMPAGNE,3.0,2.7663073458019953,3.0902597221558974,"(0, 1, 1)(1, 0, 1, 7)",add
2022-06-11,CAMPAGNE,4.0,3.3162740790996015,5.0804069632853714,"(0, 1, 1)(1, 0, 1, 7)",add
2022-06-12,CAMPAGNE,10.0,5.4613172889818244,7.064855411019761,"(0, 1, 1)(1, 0, 1, 7)",add
2022-06-13,CAMPAGNE,5.0,2.2449780714151952,3.4187002451518023,"(0, 1, 1)(1, 0, 1, 7)",add
2022-06-14,CAMPAGNE,4.0,2.8269513860178206,2.4800796271154066,"(0, 1, 1)(1, 0, 1, 7)",add
2022-06-15,CAMPAGNE,5.0,0.8265377328655168,0.557177519395204,"(0, 1, 1)(1, 0, 1, 7)",add
2022-06-16,CAMPAGNE,1.0,2.4169385773552463,3.634103843982934,"(0, 1, 1)(1, 0, 1, 7)",add
2022-06-17,CAMPAGNE,5.0,2.689068514866207,3.069498455754591,"(0, 1, 1)(1, 0, 1, 7)",add
2022-06-18,CAMPAGNE,10.0,3.231619302984017,5.059645696884065,"(0, 1, 1)(1, 0, 1, 7)",add
2022-06-19,CAMPAGNE,10.0,5.347737994546014,7.044094144618454,"(0, 1, 1)(1, 0, 1, 7)",add
2022-06-20,CAMPAGNE,3.0,2.1747690280745475,3.3979389787504957,"(0, 1, 1)(1, 0, 1, 7)",add
2022-06-21,CAMPAGNE,5.0,2.7488948094794474,2.4593183607141,"(0, 1, 1)(1, 0, 1, 7)",add
2022-06-22,CAMPAGNE,2.0,0.7754554387528159,0.5364162529938978,"(0, 1, 1)(1, 0, 1, 7)",add
2022-06-23,CAMPAGNE,5.0,2.3444107579724642,3.6133425775816272,"(0, 1, 1)(1, 0, 1, 7)",add
2022-06-24,CAMPAGNE,5.0,2.612871199537257,3.048737189353284,"(0, 1, 1)(1, 0, 1, 7)",add
2022-06-25,CAMPAGNE,8.0,3.148106041692641,5.038884430482758,"(0, 1, 1)(1, 0, 1, 7)",add
2022-06-26,CAMPAGNE,10.0,5.235690243329273,7.023332878217149,"(0, 1, 1)(1, 0, 1, 7)",add
2022-06-27,CAMPAGNE,5.0,2.1055067082082783,3.377177712349189,"(0, 1, 1)(1, 0, 1, 7)",add
2022-06-28,CAMPAGNE,4.0,2.671890775317702,2.4385570943127934,"(0, 1, 1)(1, 0, 1, 7)",add
2022-06-29,CAMPAGNE,0.0,0.7250619562897334,0.5156549865925912,"(0, 1, 1)(1, 0, 1, 7)",add
2022-06-30,CAMPAGNE,5.0,2.2728609292570954,3.5925813111803215,"(0, 1, 1)(1, 0, 1, 7)",add
2022-07-01,CAMPAGNE,5.0,4.465084683749382,4.509055041588452,"(0, 1, 1)(1, 0, 1, 7)",add
2022-07-02,CAMPAGNE,8.0,6.130227034682045,6.4748073179778265,"(0, 1, 1)(1, 0, 1, 7)",add
2022-07-03,CAMPAGNE,9.0,8.748926739268649,8.65426242005616,"(0, 1, 1)(1, 0, 1, 7)",add
2022-07-04,CAMPAGNE,10.0,4.430428914533891,4.782463119933793,"(0, 1, 1)(1, 0, 1, 7)",add
2022-07-05,CAMPAGNE,4.0,4.111605149981188,3.897938691081335,"(0, 1, 1)(1, 0, 1, 7)",add
2022-07-06,CAMPAGNE,5.0,2.9365789262258835,2.205654814784635,"(0, 1, 1)(1, 0, 1, 7)",add
2022-07-07,CAMPAGNE,6.0,4.2205885376615395,4.910719081583333,"(0, 1, 1)(1, 0, 1, 7)",add
2022-07-08,CAMPAGNE,6.0,4.427495269380958,4.507108225236528,"(0, 1, 1)(1, 0, 1, 7)",add
2022-07-09,CAMPAGNE,8.0,6.082133483899738,6.472860501625903,"(0, 1, 1)(1, 0, 1, 7)",add
2022-07-10,CAMPAGNE,13.0,8.68431377264867,8.652315603704237,"(0, 1, 1)(1, 0, 1, 7)",add
2022-07-11,CAMPAGNE,11.0,4.393058117466965,4.7805163035818685,"(0, 1, 1)(1, 0, 1, 7)",add
2022-07-12,CAMPAGNE,10.0,4.076245573344139,3.895991874729411,"(0, 1, 1)(1, 0, 1, 7)",add
2022-07-13,CAMPAGNE,15.0,2.9086317103022017,2.2037079984327117,"(0, 1, 1)(1, 0, 1, 7)",add
2022-07-14,CAMPAGNE,19.0,4.184541466426566,4.908772265231409,"(0, 1, 1)(1, 0, 1, 7)",add
2022-07-15,CAMPAGNE,14.0,4.390142978484906,4.505161408884604,"(0, 1, 1)(1, 0, 1, 7)",add
2022-07-16,CAMPAGNE,12.0,6.034343319322078,6.470913685273979,"(0, 1, 1)(1, 0, 1, 7)",add
2022-07-17,CAMPAGNE,14.0,8.620108400859909,8.650368787352313,"(0, 1, 1)(1, 0, 1, 7)",add
2022-07-18,CAMPAGNE,8.0,4.355923064779531,4.7785694872299445,"(0, 1, 1)(1, 0, 1, 7)",add
2022-07-19,CAMPAGNE,10.0,4.041109053802674,3.894045058377487,"(0, 1, 1)(1, 0, 1, 7)",add
2022-07-20,CAMPAGNE,10.0,2.880860792439935,2.2017611820807876,"(0, 1, 1)(1, 0, 1, 7)",add
2022-07-21,CAMPAGNE,7.0,4.148721789175873,4.906825448879486,"(0, 1, 1)(1, 0, 1, 7)",add
2022-07-22,CAMPAGNE,10.0,4.35302631522677,4.50321459253268,"(0, 1, 1)(1, 0, 1, 7)",add
2022-07-23,CAMPAGNE,12.0,5.986854627112642,6.468966868922055,"(0, 1, 1)(1, 0, 1, 7)",add
2022-07-24,CAMPAGNE,14.0,8.556308052691737,8.648421971000388,"(0, 1, 1)(1, 0, 1, 7)",add
2022-07-25,CAMPAGNE,9.0,4.319022269336797,4.776622670878021,"(0, 1, 1)(1, 0, 1, 7)",add
2022-07-26,CAMPAGNE,11.0,4.006194184256576,3.892098242025563,"(0, 1, 1)(1, 0, 1, 7)",add
2022-07-27,CAMPAGNE,8.0,2.8532650605066063,2.1998143657288636,"(0, 1, 1)(1, 0, 1, 7)",add
2022-07-28,CAMPAGNE,12.0,4.11312807145106,4.904878632527562,"(0, 1, 1)(1, 0, 1, 7)",add
2022-07-29,CAMPAGNE,7.0,4.316143793208191,4.5012677761807565,"(0, 1, 1)(1, 0, 1, 7)",add
2022-07-30,CAMPAGNE,14.0,5.939665505507966,6.467020052570131,"(0, 1, 1)(1, 0, 1, 7)",add
2022-07-31,CAMPAGNE,19.0,8.49291017315337,8.646475154648465,"(0, 1, 1)(1, 0, 1, 7)",add
2022-08-01,CAMPAGNE,14.0,4.282354253385193,4.774675854526097,"(0, 1, 1)(1, 0, 1, 7)",add
2022-08-02,CAMPAGNE,12.0,3.9714995664819726,3.890151425673639,"(0, 1, 1)(1, 0, 1, 7)",add
2022-08-03,CAMPAGNE,13.0,2.8258434093853504,2.1978675493769395,"(0, 1, 1)(1, 0, 1, 7)",add
2022-08-04,CAMPAGNE,8.0,4.077758887842654,4.902931816175638,"(0, 1, 1)(1, 0, 1, 7)",add
2022-08-05,CAMPAGNE,6.0,4.279493935407392,4.499320959828832,"(0, 1, 1)(1, 0, 1, 7)",add
2022-08-06,CAMPAGNE,15.0,5.892774064741393,6.465073236218207,"(0, 1, 1)(1, 0, 1, 7)",add
2022-08-07,CAMPAGNE,14.0,8.429912223371549,8.64452833829654,"(0, 1, 1)(1, 0, 1, 7)",add
2022-08-08,CAMPAGNE,15.0,4.245917548493193,4.772729038174173,"(0, 1, 1)(1, 0, 1, 7)",add
2022-08-09,CAMPAGNE,14.0,3.937023811075341,3.8882046093217157,"(0, 1, 1)(1, 0, 1, 7)",add
2022-08-10,CAMPAGNE,14.0,2.7985947409306595,2.1959207330250154,"(0, 1, 1)(1, 0, 1, 7)",add
2022-08-11,CAMPAGNE,15.0,4.042612821933022,4.900984999823714,"(0, 1, 1)(1, 0, 1, 7)",add
2022-08-12,CAMPAGNE,15.0,4.243075274120017,4.497374143476908,"(0, 1, 1)(1, 0, 1, 7)",add
2022-08-13,CAMPAGNE,15.0,5.846178426967388,6.463126419866284,"(0, 1, 1)(1, 0, 1, 7)",add
2022-08-14,CAMPAGNE,15.0,8.367311680488863,8.642581521944617,"(0, 1, 1)(1, 0, 1, 7)",add
2022-08-15,CAMPAGNE,16.0,4.2097106954924985,4.770782221822249,"(0, 1, 1)(1, 0, 1, 7)",add
2022-08-16,CAMPAGNE,18.0,3.902765537397859,3.8862577929697917,"(0, 1, 1)(1, 0, 1, 7)",add
2022-08-17,CAMPAGNE,12.0,2.7715179639243983,2.1939739166730923,"(0, 1, 1)(1, 0, 1, 7)",add
2022-08-18,CAMPAGNE,12.0,4.007688466239649,4.89903818347179,"(0, 1, 1)(1, 0, 1, 7)",add
2022-08-19,CAMPAGNE,17.0,4.206886350900357,4.495427327124984,"(0, 1, 1)(1, 0, 1, 7)",add
2022-08-20,CAMPAGNE,16.0,5.799876726186335,6.46117960351436,"(0, 1, 1)(1, 0, 1, 7)",add
2022-08-21,CAMPAGNE,27.0,8.305106037562721,8.640634705592694,"(0, 1, 1)(1, 0, 1, 7)",add
2022-08-22,CAMPAGNE,10.0,4.173732244419619,4.768835405470325,"(0, 1, 1)(1, 0, 1, 7)",add
2022-08-23,CAMPAGNE,8.0,3.868723373520126,3.8843109766178676,"(0, 1, 1)(1, 0, 1, 7)",add
2022-08-24,CAMPAGNE,10.0,2.7446119940321134,2.192027100321168,"(0, 1, 1)(1, 0, 1, 7)",add
2022-08-25,CAMPAGNE,10.0,3.972984422158772,4.897091367119867,"(0, 1, 1)(1, 0, 1, 7)",add
2022-08-26,CAMPAGNE,6.0,4.170925716502945,4.49348051077306,"(0, 1, 1)(1, 0, 1, 7)",add
2022-08-27,CAMPAGNE,6.0,5.753867108169814,6.459232787162436,"(0, 1, 1)(1, 0, 1, 7)",add
2022-08-28,CAMPAGNE,9.0,8.243292803464957,8.638687889240769,"(0, 1, 1)(1, 0, 1, 7)",add
2022-08-29,CAMPAGNE,5.0,4.137980754457793,4.766888589118402,"(0, 1, 1)(1, 0, 1, 7)",add
2022-08-30,CAMPAGNE,6.0,3.8348959561672147,3.8823641602659436,"(0, 1, 1)(1, 0, 1, 7)",add
2022-08-31,CAMPAGNE,5.0,2.717875753759605,2.190080283969244,"(0, 1, 1)(1, 0, 1, 7)",add
2022-09-01,CAMPAGNE,0.0,3.9384992999093744,4.8951445507679425,"(0, 1, 1)(1, 0, 1, 7)",add
2022-09-02,CAMPAGNE,5.0,4.135191930824522,4.491533694421136,"(0, 1, 1)(1, 0, 1, 7)",add
2022-09-03,CAMPAGNE,7.0,5.708147730386344,6.457285970810512,"(0, 1, 1)(1, 0, 1, 7)",add
2022-09-04,CAMPAGNE,10.0,8.181869502782064,8.636741072888846,"(0, 1, 1)(1, 0, 1, 7)",add
2022-09-05,CAMPAGNE,4.0,4.102454793879295,4.764941772766478,"(0, 1, 1)(1, 0, 1, 7)",add
2022-09-06,CAMPAGNE,5.0,3.801281930664078,3.8804173439140195,"(0, 1, 1)(1, 0, 1, 7)",add
2022-09-07,CAMPAGNE,4.0,2.691308172409776,2.18813346761732,"(0, 1, 1)(1, 0, 1, 7)",add
2022-09-08,CAMPAGNE,5.0,3.9042317184775253,4.8931977344160185,"(0, 1, 1)(1, 0, 1, 7)",add
2022-09-09,CAMPAGNE,3.0,4.099683562846357,4.489586878069213,"(0, 1, 1)(1, 0, 1, 7)",add
2022-09-10,CAMPAGNE,10.0,5.662716761927593,6.455339154458588,"(0, 1, 1)(1, 0, 1, 7)",add
2022-09-11,CAMPAGNE,10.0,8.120833675716067,8.634794256536921,"(0, 1, 1)(1, 0, 1, 7)",add
2022-09-12,CAMPAGNE,8.0,4.067152939988096,4.762994956414554,"(0, 1, 1)(1, 0, 1, 7)",add
2022-09-13,CAMPAGNE,5.0,3.7678799508813015,3.8784705275620963,"(0, 1, 1)(1, 0, 1, 7)",add
2022-09-14,CAMPAGNE,5.0,2.6649081860397574,2.186186651265396,"(0, 1, 1)(1, 0, 1, 7)",add
2022-09-15,CAMPAGNE,5.0,3.870180305561078,4.891250918064094,"(0, 1, 1)(1, 0, 1, 7)",add
2022-09-16,CAMPAGNE,5.0,4.064399190576948,4.487640061717289,"(0, 1, 1)(1, 0, 1, 7)",add
2022-09-17,CAMPAGNE,7.0,5.6175723834350615,6.4533923381066645,"(0, 1, 1)(1, 0, 1, 7)",add
2022-09-18,CAMPAGNE,9.0,8.060182877986017,8.632847440184998,"(0, 1, 1)(1, 0, 1, 7)",add
2022-09-19,CAMPAGNE,0.0,4.032073779062895,4.76104814006263,"(0, 1, 1)(1, 0, 1, 7)",add
2022-09-20,CAMPAGNE,5.0,3.7346886791811906,3.8765237112101723,"(0, 1, 1)(1, 0, 1, 7)",add
2022-09-21,CAMPAGNE,4.0,2.6386747374182975,2.184239834913473,"(0, 1, 1)(1, 0, 1, 7)",add
2022-09-22,CAMPAGNE,2.0,3.836343697514713,4.88930410171217,"(0, 1, 1)(1, 0, 1, 7)",add
2022-09-23,CAMPAGNE,3.0,4.029337400995072,4.485693245365365,"(0, 1, 1)(1, 0, 1, 7)",add
2022-09-24,CAMPAGNE,5.0,5.572712787027221,6.45144552175474,"(0, 1, 1)(1, 0, 1, 7)",add
2022-09-25,CAMPAGNE,10.0,7.9999146807301,8.630900623833075,"(0, 1, 1)(1, 0, 1, 7)",add
2022-09-26,CAMPAGNE,3.0,3.997215906300495,4.759101323710706,"(0, 1, 1)(1, 0, 1, 7)",add
2022-09-27,CAMPAGNE,5.0,3.7017067863642077,3.874576894858248,"(0, 1, 1)(1, 0, 1, 7)",add
2022-09-28,CAMPAGNE,5.0,2.6126067759834264,2.182293018561549,"(0, 1, 1)(1, 0, 1, 7)",add
2022-09-29,CAMPAGNE,5.0,3.8027205392953256,4.887357285360247,"(0, 1, 1)(1, 0, 1, 7)",add
2022-09-30,CAMPAGNE,10.0,3.9944967899931987,4.483746429013441,"(0, 1, 1)(1, 0, 1, 7)",add
2021-01-02,CEREAL BAGUETTE,19.0,0.0,14.620143833458004,"(2, 1, 2)(2, 0, 1, 7)",add
2021-01-03,CEREAL BAGUETTE,16.0,18.999645747446774,16.578377364249278,"(2, 1, 2)(2, 0, 1, 7)",add
2021-01-04,CEREAL BAGUETTE,7.0,17.252144098999693,12.545971086762902,"(2, 1, 2)(2, 0, 1, 7)",add
2021-01-05,CEREAL BAGUETTE,7.0,12.495204181613303,8.858070871389911,"(2, 1, 2)(2, 0, 1, 7)",add
2021-01-06,CEREAL BAGUETTE,0.0,10.736096880669072,2.2034693010326682,"(2, 1, 2)(2, 0, 1, 7)",add
2021-01-07,CEREAL BAGUETTE,7.0,7.073360030700789,7.857280322980236,"(2, 1, 2)(2, 0, 1, 7)",add
2021-01-08,CEREAL BAGUETTE,7.0,8.37528301667382,9.428248941615132,"(2, 1, 2)(2, 0, 1, 7)",add
2021-01-09,CEREAL BAGUETTE,10.0,11.132253214571785,12.174099280355268,"(2, 1, 2)(2, 0, 1, 7)",add
2021-01-10,CEREAL BAGUETTE,9.0,9.887699910312786,11.714353804366421,"(2, 1, 2)(2, 0, 1, 7)",add
2021-01-11,CEREAL BAGUETTE,8.0,6.212884092431844,6.597299897823827,"(2, 1, 2)(2, 0, 1, 7)",add
2021-01-12,CEREAL BAGUETTE,4.0,7.334431832954468,5.334156057604979,"(2, 1, 2)(2, 0, 1, 7)",add
2021-01-13,CEREAL BAGUETTE,0.0,3.3888683233286967,-1.1927982163980895,"(2, 1, 2)(2, 0, 1, 7)",add
2021-01-14,CEREAL BAGUETTE,2.0,5.640856969869685,5.605765361672185,"(2, 1, 2)(2, 0, 1, 7)",add
2021-01-15,CEREAL BAGUETTE,9.0,5.015384866069601,6.2077091813338505,"(2, 1, 2)(2, 0, 1, 7)",add
2021-01-16,CEREAL BAGUETTE,14.0,9.444154395558577,10.552571341567809,"(2, 1, 2)(2, 0, 1, 7)",add
2021-01-17,CEREAL BAGUETTE,10.0,10.4151021261499,11.742627476055983,"(2, 1, 2)(2, 0, 1, 7)",add
2021-01-18,CEREAL BAGUETTE,5.0,8.201175598695812,7.283365972580356,"(2, 1, 2)(2, 0, 1, 7)",add
2021-01-19,CEREAL BAGUETTE,1.0,5.751451712512026,4.6648852897735305,"(2, 1, 2)(2, 0, 1, 7)",add
2021-01-20,CEREAL BAGUETTE,0.0,1.6862655953494716,-2.342284743701952,"(2, 1, 2)(2, 0, 1, 7)",add
2021-01-21,CEREAL BAGUETTE,6.0,3.6258854490612213,4.378747654884156,"(2, 1, 2)(2, 0, 1, 7)",add
2021-01-22,CEREAL BAGUETTE,6.0,7.485535054892825,7.125376103781947,"(2, 1, 2)(2, 0, 1, 7)",add
2021-01-23,CEREAL BAGUETTE,7.0,10.108328779011359,10.345142524392429,"(2, 1, 2)(2, 0, 1, 7)",add
2021-01-24,CEREAL BAGUETTE,10.0,7.42899693284993,9.02464589941397,"(2, 1, 2)(2, 0, 1, 7)",add
2021-01-25,CEREAL BAGUETTE,6.0,5.8144142445894165,5.338318136769719,"(2, 1, 2)(2, 0, 1, 7)",add
2021-01-26,CEREAL BAGUETTE,8.0,4.228767419276302,3.4869351296082662,"(2, 1, 2)(2, 0, 1, 7)",add
2021-01-27,CEREAL BAGUETTE,0.0,3.9513277401051,-0.5190075908187364,"(2, 1, 2)(2, 0, 1, 7)",add
2021-01-28,CEREAL BAGUETTE,5.0,5.626239352348501,5.587614850101497,"(2, 1, 2)(2, 0, 1, 7)",add
2021-01-29,CEREAL BAGUETTE,12.0,6.714154833142699,7.424132317547739,"(2, 1, 2)(2, 0, 1, 7)",add
2021-01-30,CEREAL BAGUETTE,9.0,10.888587827430587,12.169141706513358,"(2, 1, 2)(2, 0, 1, 7)",add
2021-01-31,CEREAL BAGUETTE,10.0,9.937517199656492,11.284145022668074,"(2, 1, 2)(2, 0, 1, 7)",add
2021-02-01,CEREAL BAGUETTE,10.0,7.089007612890052,6.887725276628986,"(2, 1, 2)(2, 0, 1, 7)",add
2021-02-02,CEREAL BAGUETTE,1.0,7.918993588599934,6.1172179091397245,"(2, 1, 2)(2, 0, 1, 7)",add
2021-02-03,CEREAL BAGUETTE,0.0,1.4118298307585722,-1.150379383737298,"(2, 1, 2)(2, 0, 1, 7)",add
2021-02-04,CEREAL BAGUETTE,10.0,4.63127440906187,5.048974708715111,"(2, 1, 2)(2, 0, 1, 7)",add
2021-02-05,CEREAL BAGUETTE,6.0,9.845679991568007,9.01502592933988,"(2, 1, 2)(2, 0, 1, 7)",add
2021-02-06,CEREAL BAGUETTE,9.0,8.87005018415009,10.782296425600194,"(2, 1, 2)(2, 0, 1, 7)",add
2021-02-07,CEREAL BAGUETTE,7.0,9.024061695811383,10.482921392641313,"(2, 1, 2)(2, 0, 1, 7)",add
2021-02-08,CEREAL BAGUETTE,2.0,6.526671367935107,5.811575428104085,"(2, 1, 2)(2, 0, 1, 7)",add
2021-02-09,CEREAL BAGUETTE,3.0,1.9944947394974815,2.2218904774883828,"(2, 1, 2)(2, 0, 1, 7)",add
2021-02-10,CEREAL BAGUETTE,0.0,0.611485052236441,-2.710748433047926,"(2, 1, 2)(2, 0, 1, 7)",add
2021-02-11,CEREAL BAGUETTE,5.0,5.534736565375861,4.296157724913261,"(2, 1, 2)(2, 0, 1, 7)",add
2021-02-12,CEREAL BAGUETTE,7.0,5.880962738836754,6.2746562104268255,"(2, 1, 2)(2, 0, 1, 7)",add
2021-02-13,CEREAL BAGUETTE,9.0,8.378115429844522,9.280551870966843,"(2, 1, 2)(2, 0, 1, 7)",add
2021-02-14,CEREAL BAGUETTE,9.0,7.888895521124212,9.284179914502957,"(2, 1, 2)(2, 0, 1, 7)",add
2021-02-15,CEREAL BAGUETTE,10.0,5.411340838577248,5.549718384376232,"(2, 1, 2)(2, 0, 1, 7)",add
2021-02-16,CEREAL BAGUETTE,5.0,6.092571270693159,4.861156287276939,"(2, 1, 2)(2, 0, 1, 7)",add
2021-02-17,CEREAL BAGUETTE,0.0,2.8094739270377236,-0.0934982608588335,"(2, 1, 2)(2, 0, 1, 7)",add
2021-02-18,CEREAL BAGUETTE,8.0,5.822930223611604,5.94543483743496,"(2, 1, 2)(2, 0, 1, 7)",add
2021-02-19,CEREAL BAGUETTE,10.0,8.159212237752127,8.333733070646538,"(2, 1, 2)(2, 0, 1, 7)",add
2021-02-20,CEREAL BAGUETTE,20.0,10.3931623594486,11.534753995418816,"(2, 1, 2)(2, 0, 1, 7)",add
2021-02-21,CEREAL BAGUETTE,19.0,13.351477587088183,14.179153484940347,"(2, 1, 2)(2, 0, 1, 7)",add
2021-02-22,CEREAL BAGUETTE,20.0,13.118363714548726,12.405314209882164,"(2, 1, 2)(2, 0, 1, 7)",add
2021-02-23,CEREAL BAGUETTE,19.0,12.430067818381623,12.284763587547658,"(2, 1, 2)(2, 0, 1, 7)",add
2021-02-24,CEREAL BAGUETTE,0.0,10.668943131171218,9.31206260240564,"(2, 1, 2)(2, 0, 1, 7)",add
2021-02-25,CEREAL BAGUETTE,19.0,10.47421365144045,12.684213511881236,"(2, 1, 2)(2, 0, 1, 7)",add
2021-02-26,CEREAL BAGUETTE,20.0,15.00324361101686,16.324969949331656,"(2, 1, 2)(2, 0, 1, 7)",add
2021-02-27,CEREAL BAGUETTE,19.0,19.74230511202281,20.734293988125145,"(2, 1, 2)(2, 0, 1, 7)",add
2021-02-28,CEREAL BAGUETTE,21.0,17.87817818545446,19.976075862091317,"(2, 1, 2)(2, 0, 1, 7)",add
2021-03-01,CEREAL BAGUETTE,20.0,17.249425656965894,17.301102259741725,"(2, 1, 2)(2, 0, 1, 7)",add
2021-03-02,CEREAL BAGUETTE,20.0,15.908621668495822,15.624272616555132,"(2, 1, 2)(2, 0, 1, 7)",add
2021-03-03,CEREAL BAGUETTE,0.0,9.538890682377387,10.52671094776232,"(2, 1, 2)(2, 0, 1, 7)",add
2021-03-04,CEREAL BAGUETTE,17.0,13.296396500749431,14.915073201647605,"(2, 1, 2)(2, 0, 1, 7)",add
2021-03-05,CEREAL BAGUETTE,18.0,15.899962294458067,17.044478274395658,"(2, 1, 2)(2, 0, 1, 7)",add
2021-03-06,CEREAL BAGUETTE,11.0,17.72838529725847,20.153845536225568,"(2, 1, 2)(2, 0, 1, 7)",add
2021-03-07,CEREAL BAGUETTE,18.0,14.898417938220998,17.39913399481636,"(2, 1, 2)(2, 0, 1, 7)",add
2021-03-08,CEREAL BAGUETTE,8.0,14.78085661571641,14.744633474491522,"(2, 1, 2)(2, 0, 1, 7)",add
2021-03-09,CEREAL BAGUETTE,7.0,10.781160776488575,10.364401086254496,"(2, 1, 2)(2, 0, 1, 7)",add
2021-03-10,CEREAL BAGUETTE,0.0,1.0573900793206459,1.6106238152258872,"(2, 1, 2)(2, 0, 1, 7)",add
2021-03-11,CEREAL BAGUETTE,10.0,9.807124403988485,9.807593863508368,"(2, 1, 2)(2, 0, 1, 7)",add
2021-03-12,CEREAL BAGUETTE,7.0,11.292255085634194,11.265538826600906,"(2, 1, 2)(2, 0, 1, 7)",add
2021-03-13,CEREAL BAGUETTE,9.0,9.491338531062846,11.903580966613521,"(2, 1, 2)(2, 0, 1, 7)",add
2021-03-14,CEREAL BAGUETTE,10.0,11.493222650319922,11.899611943007933,"(2, 1, 2)(2, 0, 1, 7)",add
2021-03-15,CEREAL BAGUETTE,7.0,7.560390173133106,7.839952862799859,"(2, 1, 2)(2, 0, 1, 7)",add
2021-03-16,CEREAL BAGUETTE,9.0,6.441306024024562,5.541980577867363,"(2, 1, 2)(2, 0, 1, 7)",add
2021-03-17,CEREAL BAGUETTE,0.0,1.3657259442388323,-0.9963298750873681,"(2, 1, 2)(2, 0, 1, 7)",add
2021-03-18,CEREAL BAGUETTE,5.0,8.620243154422006,8.14746144975123,"(2, 1, 2)(2, 0, 1, 7)",add
2021-03-19,CEREAL BAGUETTE,10.0,7.545973172111164,8.202305040831977,"(2, 1, 2)(2, 0, 1, 7)",add
2021-03-20,CEREAL BAGUETTE,7.0,10.094842467070176,10.79187683006134,"(2, 1, 2)(2, 0, 1, 7)",add
2021-03-21,CEREAL BAGUETTE,10.0,9.744391575043215,10.608504645249226,"(2, 1, 2)(2, 0, 1, 7)",add
2021-03-22,CEREAL BAGUETTE,7.0,7.692192618654895,7.032516055955989,"(2, 1, 2)(2, 0, 1, 7)",add
2021-03-23,CEREAL BAGUETTE,10.0,7.226207414846273,5.358734051623788,"(2, 1, 2)(2, 0, 1, 7)",add
2021-03-24,CEREAL BAGUETTE,0.0,1.699411344061721,-1.0401065300909131,"(2, 1, 2)(2, 0, 1, 7)",add
2021-03-25,CEREAL BAGUETTE,10.0,7.506910796119145,7.75019203955154,"(2, 1, 2)(2, 0, 1, 7)",add
2021-03-26,CEREAL BAGUETTE,10.0,10.40348097276953,9.872556479616991,"(2, 1, 2)(2, 0, 1, 7)",add
2021-03-27,CEREAL BAGUETTE,9.0,10.141818757905344,11.463079098386324,"(2, 1, 2)(2, 0, 1, 7)",add
2021-03-28,CEREAL BAGUETTE,14.0,11.012289426490955,11.962701306999726,"(2, 1, 2)(2, 0, 1, 7)",add
2021-03-29,CEREAL BAGUETTE,6.0,9.72137061794712,9.236676638267635,"(2, 1, 2)(2, 0, 1, 7)",add
2021-03-30,CEREAL BAGUETTE,9.0,8.324657620416888,7.008903993125426,"(2, 1, 2)(2, 0, 1, 7)",add
2021-03-31,CEREAL BAGUETTE,0.0,1.6502156348254164,-0.5089373401939943,"(2, 1, 2)(2, 0, 1, 7)",add
2021-04-01,CEREAL BAGUETTE,10.0,8.521277828298743,8.22801134703679,"(2, 1, 2)(2, 0, 1, 7)",add
2021-04-02,CEREAL BAGUETTE,21.0,10.044072097252974,10.0182592844145,"(2, 1, 2)(2, 0, 1, 7)",add
2021-04-03,CEREAL BAGUETTE,20.0,14.222096903150364,14.657354663090988,"(2, 1, 2)(2, 0, 1, 7)",add
2021-04-04,CEREAL BAGUETTE,24.0,17.537347859987914,17.91245149270501,"(2, 1, 2)(2, 0, 1, 7)",add
2021-04-05,CEREAL BAGUETTE,31.0,15.332389626815882,15.942807781594285,"(2, 1, 2)(2, 0, 1, 7)",add
2021-04-06,CEREAL BAGUETTE,19.0,20.631260137700593,19.70213552685297,"(2, 1, 2)(2, 0, 1, 7)",add
2021-04-07,CEREAL BAGUETTE,0.0,11.191901550900974,11.239814482263881,"(2, 1, 2)(2, 0, 1, 7)",add
2021-04-08,CEREAL BAGUETTE,20.0,13.635322660550404,16.54060219938556,"(2, 1, 2)(2, 0, 1, 7)",add
2021-04-09,CEREAL BAGUETTE,14.0,19.533487998237323,19.655455330294725,"(2, 1, 2)(2, 0, 1, 7)",add
2021-04-10,CEREAL BAGUETTE,20.0,16.66458840309955,18.771338503647172,"(2, 1, 2)(2, 0, 1, 7)",add
2021-04-11,CEREAL BAGUETTE,18.0,19.755367770758358,20.849998943848576,"(2, 1, 2)(2, 0, 1, 7)",add
2021-04-12,CEREAL BAGUETTE,21.0,18.308961934370497,16.975142881067256,"(2, 1, 2)(2, 0, 1, 7)",add
2021-04-13,CEREAL BAGUETTE,20.0,15.899158542655515,16.008228694598866,"(2, 1, 2)(2, 0, 1, 7)",add
2021-04-14,CEREAL BAGUETTE,19.0,7.260750981477166,8.03084147958338,"(2, 1, 2)(2, 0, 1, 7)",add
2021-04-15,CEREAL BAGUETTE,13.0,21.266930746625746,21.339221941235465,"(2, 1, 2)(2, 0, 1, 7)",add
2021-04-16,CEREAL BAGUETTE,20.0,16.841078972944498,20.084442594463926,"(2, 1, 2)(2, 0, 1, 7)",add
2021-04-17,CEREAL BAGUETTE,20.0,19.578139638351374,21.491906302220286,"(2, 1, 2)(2, 0, 1, 7)",add
2021-04-18,CEREAL BAGUETTE,20.0,19.769656540774303,22.38804960073943,"(2, 1, 2)(2, 0, 1, 7)",add
2021-04-19,CEREAL BAGUETTE,20.0,18.927150567421712,19.261098253116266,"(2, 1, 2)(2, 0, 1, 7)",add
2021-04-20,CEREAL BAGUETTE,21.0,17.687401254549624,17.29894956808844,"(2, 1, 2)(2, 0, 1, 7)",add
2021-04-21,CEREAL BAGUETTE,15.0,12.65691447540845,9.851246264519709,"(2, 1, 2)(2, 0, 1, 7)",add
2021-04-22,CEREAL BAGUETTE,20.0,17.30876941347003,19.693225147444696,"(2, 1, 2)(2, 0, 1, 7)",add
2021-04-23,CEREAL BAGUETTE,15.0,20.356908529953024,21.779922204372106,"(2, 1, 2)(2, 0, 1, 7)",add
2021-04-24,CEREAL BAGUETTE,17.0,18.361764890465363,21.04090090653549,"(2, 1, 2)(2, 0, 1, 7)",add
2021-04-25,CEREAL BAGUETTE,28.0,18.617023817527958,21.087982296170022,"(2, 1, 2)(2, 0, 1, 7)",add
2021-04-26,CEREAL BAGUETTE,11.0,21.146824247749233,21.04622950334504,"(2, 1, 2)(2, 0, 1, 7)",add
2021-04-27,CEREAL BAGUETTE,6.0,15.905048212125372,16.0892828270736,"(2, 1, 2)(2, 0, 1, 7)",add
2021-04-28,CEREAL BAGUETTE,10.0,6.094277757830285,4.605234402290573,"(2, 1, 2)(2, 0, 1, 7)",add
2021-04-29,CEREAL BAGUETTE,10.0,14.17397086889526,14.093004939347994,"(2, 1, 2)(2, 0, 1, 7)",add
2021-04-30,CEREAL BAGUETTE,10.0,12.590291751975768,14.223887552126694,"(2, 1, 2)(2, 0, 1, 7)",add
2021-05-01,CEREAL BAGUETTE,19.0,13.099880075894426,14.499143103115589,"(2, 1, 2)(2, 0, 1, 7)",add
2021-05-02,CEREAL BAGUETTE,15.0,19.30042252764425,18.094999283530164,"(2, 1, 2)(2, 0, 1, 7)",add
2021-05-03,CEREAL BAGUETTE,10.0,12.421466485464297,13.530533764341918,"(2, 1, 2)(2, 0, 1, 7)",add
2021-05-04,CEREAL BAGUETTE,8.0,9.874343160208593,10.537413975922654,"(2, 1, 2)(2, 0, 1, 7)",add
2021-05-05,CEREAL BAGUETTE,6.0,5.936716672416157,2.704200408475831,"(2, 1, 2)(2, 0, 1, 7)",add
2021-05-06,CEREAL BAGUETTE,10.0,10.717966772855926,10.71847832734202,"(2, 1, 2)(2, 0, 1, 7)",add
2021-05-07,CEREAL BAGUETTE,10.0,11.396601509430727,11.856831856625558,"(2, 1, 2)(2, 0, 1, 7)",add
2021-05-08,CEREAL BAGUETTE,28.0,14.12079793744972,13.619013438542837,"(2, 1, 2)(2, 0, 1, 7)",add
2021-05-09,CEREAL BAGUETTE,28.0,20.019940086129772,19.52630279149041,"(2, 1, 2)(2, 0, 1, 7)",add
2021-05-10,CEREAL BAGUETTE,10.0,18.929061147513067,18.416857042274643,"(2, 1, 2)(2, 0, 1, 7)",add
2021-05-11,CEREAL BAGUETTE,9.0,13.23061835859253,14.03603297689175,"(2, 1, 2)(2, 0, 1, 7)",add
2021-05-12,CEREAL BAGUETTE,16.0,7.604662127439184,5.964497236073363,"(2, 1, 2)(2, 0, 1, 7)",add
2021-05-13,CEREAL BAGUETTE,21.0,15.717812523565106,15.658807747223353,"(2, 1, 2)(2, 0, 1, 7)",add
2021-05-14,CEREAL BAGUETTE,31.0,17.673979117110076,18.526345131959285,"(2, 1, 2)(2, 0, 1, 7)",add
2021-05-15,CEREAL BAGUETTE,20.0,27.869553346027597,26.053103160841356,"(2, 1, 2)(2, 0, 1, 7)",add
2021-05-16,CEREAL BAGUETTE,19.0,24.529269248306953,25.26684419073434,"(2, 1, 2)(2, 0, 1, 7)",add
2021-05-17,CEREAL BAGUETTE,0.0,15.489225322209762,18.211226887819777,"(2, 1, 2)(2, 0, 1, 7)",add
2021-05-18,CEREAL BAGUETTE,0.0,8.486559156043882,11.171850557863516,"(2, 1, 2)(2, 0, 1, 7)",add
2021-05-19,CEREAL BAGUETTE,0.0,4.8104989715691175,2.5811789552237716,"(2, 1, 2)(2, 0, 1, 7)",add
2021-05-20,CEREAL BAGUETTE,0.0,8.899951678710242,8.050019459829022,"(2, 1, 2)(2, 0, 1, 7)",add
2021-05-21,CEREAL BAGUETTE,8.0,9.67419818092002,7.5048235866424875,"(2, 1, 2)(2, 0, 1, 7)",add
2021-05-22,CEREAL BAGUETTE,16.0,10.003745493892675,9.774710416186593,"(2, 1, 2)(2, 0, 1, 7)",add
2021-05-23,CEREAL BAGUETTE,14.0,13.798187270580865,12.677416279043724,"(2, 1, 2)(2, 0, 1, 7)",add
2021-05-24,CEREAL BAGUETTE,18.0,6.093106944700132,6.856645441866141,"(2, 1, 2)(2, 0, 1, 7)",add
2021-05-25,CEREAL BAGUETTE,17.0,10.010781662669428,9.304850895952487,"(2, 1, 2)(2, 0, 1, 7)",add
2021-05-26,CEREAL BAGUETTE,11.0,9.819813215807724,7.171962186833125,"(2, 1, 2)(2, 0, 1, 7)",add
2021-05-27,CEREAL BAGUETTE,6.0,13.13604758425831,14.09230936759615,"(2, 1, 2)(2, 0, 1, 7)",add
2021-05-28,CEREAL BAGUETTE,9.0,13.436995355797205,14.290565802830912,"(2, 1, 2)(2, 0, 1, 7)",add
2021-05-29,CEREAL BAGUETTE,1.0,15.409190915090944,15.320347217960013,"(2, 1, 2)(2, 0, 1, 7)",add
2021-05-30,CEREAL BAGUETTE,15.0,10.543792867034607,11.58472181211397,"(2, 1, 2)(2, 0, 1, 7)",add
2021-05-31,CEREAL BAGUETTE,10.0,10.210025548820289,7.265019175824648,"(2, 1, 2)(2, 0, 1, 7)",add
2021-06-01,CEREAL BAGUETTE,9.0,9.361206538865561,6.8688734315829425,"(2, 1, 2)(2, 0, 1, 7)",add
2021-06-02,CEREAL BAGUETTE,13.0,6.056618656466313,2.7135107008599775,"(2, 1, 2)(2, 0, 1, 7)",add
2021-06-03,CEREAL BAGUETTE,6.0,10.650320626732125,10.529294437873668,"(2, 1, 2)(2, 0, 1, 7)",add
2021-06-04,CEREAL BAGUETTE,11.0,11.175655543670121,12.051470550762492,"(2, 1, 2)(2, 0, 1, 7)",add
2021-06-05,CEREAL BAGUETTE,16.0,11.10700722493787,13.562284128443718,"(2, 1, 2)(2, 0, 1, 7)",add
2021-06-06,CEREAL BAGUETTE,24.0,17.144584764635145,16.456876052653048,"(2, 1, 2)(2, 0, 1, 7)",add
2021-06-07,CEREAL BAGUETTE,17.0,14.834908180969954,13.323513298309871,"(2, 1, 2)(2, 0, 1, 7)",add
2021-06-08,CEREAL BAGUETTE,8.0,14.047991647695733,13.158248206643092,"(2, 1, 2)(2, 0, 1, 7)",add
2021-06-09,CEREAL BAGUETTE,15.0,10.240563359971276,7.523333854761224,"(2, 1, 2)(2, 0, 1, 7)",add
2021-06-10,CEREAL BAGUETTE,10.0,12.493554753738671,13.179444811883249,"(2, 1, 2)(2, 0, 1, 7)",add
2021-06-11,CEREAL BAGUETTE,11.0,14.162658245082053,15.417030714601953,"(2, 1, 2)(2, 0, 1, 7)",add
2021-06-12,CEREAL BAGUETTE,14.0,15.121281889617556,16.220280517253496,"(2, 1, 2)(2, 0, 1, 7)",add
2021-06-13,CEREAL BAGUETTE,24.0,18.36572350428324,18.160043962159314,"(2, 1, 2)(2, 0, 1, 7)",add
2021-06-14,CEREAL BAGUETTE,20.0,15.473367006933232,14.170166119303587,"(2, 1, 2)(2, 0, 1, 7)",add
2021-06-15,CEREAL BAGUETTE,14.0,13.69555887236543,13.873331296243341,"(2, 1, 2)(2, 0, 1, 7)",add
2021-06-16,CEREAL BAGUETTE,7.0,13.576436917579425,10.952528718434118,"(2, 1, 2)(2, 0, 1, 7)",add
2021-06-17,CEREAL BAGUETTE,12.0,10.854808428886784,12.214171151233225,"(2, 1, 2)(2, 0, 1, 7)",add
2021-06-18,CEREAL BAGUETTE,13.0,13.615572881475254,15.237700266934793,"(2, 1, 2)(2, 0, 1, 7)",add
2021-06-19,CEREAL BAGUETTE,26.0,15.23148731612585,16.8934789100708,"(2, 1, 2)(2, 0, 1, 7)",add
2021-06-20,CEREAL BAGUETTE,26.0,23.682965692155435,22.967062945948342,"(2, 1, 2)(2, 0, 1, 7)",add
2021-06-21,CEREAL BAGUETTE,16.0,19.334809187111443,18.12861402443906,"(2, 1, 2)(2, 0, 1, 7)",add
2021-06-22,CEREAL BAGUETTE,14.0,14.62820697678842,14.923741576657589,"(2, 1, 2)(2, 0, 1, 7)",add
2021-06-23,CEREAL BAGUETTE,13.0,11.621901510537903,11.324735468606068,"(2, 1, 2)(2, 0, 1, 7)",add
2021-06-24,CEREAL BAGUETTE,19.0,13.991461270657904,14.616715366140095,"(2, 1, 2)(2, 0, 1, 7)",add
2021-06-25,CEREAL BAGUETTE,13.0,17.483303678578068,18.849527335922904,"(2, 1, 2)(2, 0, 1, 7)",add
2021-06-26,CEREAL BAGUETTE,30.0,19.84006916434981,20.418519596931098,"(2, 1, 2)(2, 0, 1, 7)",add
2021-06-27,CEREAL BAGUETTE,32.0,25.96009334665736,26.09804057705304,"(2, 1, 2)(2, 0, 1, 7)",add
2021-06-28,CEREAL BAGUETTE,15.0,21.497314157684116,21.669209818768074,"(2, 1, 2)(2, 0, 1, 7)",add
2021-06-29,CEREAL BAGUETTE,6.0,16.009290542905926,17.199776771482686,"(2, 1, 2)(2, 0, 1, 7)",add
2021-06-30,CEREAL BAGUETTE,10.0,10.677182011024893,10.727574636371244,"(2, 1, 2)(2, 0, 1, 7)",add
2021-07-01,CEREAL BAGUETTE,12.0,13.460398492631384,13.533586476610896,"(2, 1, 2)(2, 0, 1, 7)",add
2021-07-02,CEREAL BAGUETTE,10.0,13.006682339761939,15.074025078578567,"(2, 1, 2)(2, 0, 1, 7)",add
2021-07-03,CEREAL BAGUETTE,17.0,18.564353576695247,18.24280281699329,"(2, 1, 2)(2, 0, 1, 7)",add
2021-07-04,CEREAL BAGUETTE,21.0,20.9020447514631,20.327935473880963,"(2, 1, 2)(2, 0, 1, 7)",add
2021-07-05,CEREAL BAGUETTE,17.0,13.296035839393596,13.207249962143909,"(2, 1, 2)(2, 0, 1, 7)",add
2021-07-06,CEREAL BAGUETTE,19.0,10.979780545153684,11.49622213447179,"(2, 1, 2)(2, 0, 1, 7)",add
2021-07-07,CEREAL BAGUETTE,11.0,13.755769627666215,11.59895466819265,"(2, 1, 2)(2, 0, 1, 7)",add
2021-07-08,CEREAL BAGUETTE,15.0,14.053040551288454,14.37247816808549,"(2, 1, 2)(2, 0, 1, 7)",add
2021-07-09,CEREAL BAGUETTE,11.0,14.665029202726362,16.252219492591138,"(2, 1, 2)(2, 0, 1, 7)",add
2021-07-10,CEREAL BAGUETTE,25.0,18.062097781452568,19.70623656323366,"(2, 1, 2)(2, 0, 1, 7)",add
2021-07-11,CEREAL BAGUETTE,21.0,23.732978073267784,23.934768547342713,"(2, 1, 2)(2, 0, 1, 7)",add
2021-07-12,CEREAL BAGUETTE,27.0,16.808043707004316,16.00104747949457,"(2, 1, 2)(2, 0, 1, 7)",add
2021-07-13,CEREAL BAGUETTE,24.0,19.00797461298616,16.794593122654522,"(2, 1, 2)(2, 0, 1, 7)",add
2021-07-14,CEREAL BAGUETTE,30.0,17.253532391561194,16.090155775836436,"(2, 1, 2)(2, 0, 1, 7)",add
2021-07-15,CEREAL BAGUETTE,30.0,23.509417067659008,23.353646219867432,"(2, 1, 2)(2, 0, 1, 7)",add
2021-07-16,CEREAL BAGUETTE,22.0,23.935065315162397,26.530640743061866,"(2, 1, 2)(2, 0, 1, 7)",add
2021-07-17,CEREAL BAGUETTE,30.0,28.68987796267496,31.135849781028618,"(2, 1, 2)(2, 0, 1, 7)",add
2021-07-18,CEREAL BAGUETTE,19.0,29.251093078428976,32.69454092683144,"(2, 1, 2)(2, 0, 1, 7)",add
2021-07-19,CEREAL BAGUETTE,31.0,22.061220093870293,22.744629792162122,"(2, 1, 2)(2, 0, 1, 7)",add
2021-07-20,CEREAL BAGUETTE,19.0,23.00571279718253,22.3739400452519,"(2, 1, 2)(2, 0, 1, 7)",add
2021-07-21,CEREAL BAGUETTE,25.0,20.95836558004734,19.06802919490079,"(2, 1, 2)(2, 0, 1, 7)",add
2021-07-22,CEREAL BAGUETTE,24.0,23.637828706214236,23.279531895406095,"(2, 1, 2)(2, 0, 1, 7)",add
2021-07-23,CEREAL BAGUETTE,16.0,21.227154329933402,23.67787358278445,"(2, 1, 2)(2, 0, 1, 7)",add
2021-07-24,CEREAL BAGUETTE,25.0,24.785249836237746,27.63309653767207,"(2, 1, 2)(2, 0, 1, 7)",add
2021-07-25,CEREAL BAGUETTE,25.0,23.39066829063739,27.628237854866462,"(2, 1, 2)(2, 0, 1, 7)",add
2021-07-26,CEREAL BAGUETTE,23.0,23.897284884755518,22.962673769847264,"(2, 1, 2)(2, 0, 1, 7)",add
2021-07-27,CEREAL BAGUETTE,28.0,18.56354364753245,19.081107131876237,"(2, 1, 2)(2, 0, 1, 7)",add
2021-07-28,CEREAL BAGUETTE,25.0,22.927949637215583,20.310981326302223,"(2, 1, 2)(2, 0, 1, 7)",add
2021-07-29,CEREAL BAGUETTE,21.0,23.863405269808183,23.68593041877429,"(2, 1, 2)(2, 0, 1, 7)",add
2021-07-30,CEREAL BAGUETTE,17.0,19.64635541146795,22.312366620210618,"(2, 1, 2)(2, 0, 1, 7)",add
2021-07-31,CEREAL BAGUETTE,20.0,24.740323466713406,27.428382271970506,"(2, 1, 2)(2, 0, 1, 7)",add
2021-08-01,CEREAL BAGUETTE,22.0,23.23889119660054,25.97585318281589,"(2, 1, 2)(2, 0, 1, 7)",add
2021-08-02,CEREAL BAGUETTE,21.0,20.78198822140567,21.139224711259327,"(2, 1, 2)(2, 0, 1, 7)",add
2021-08-03,CEREAL BAGUETTE,30.0,19.952343403898734,17.99033343872864,"(2, 1, 2)(2, 0, 1, 7)",add
2021-08-04,CEREAL BAGUETTE,25.0,22.914161736649756,19.779241685385262,"(2, 1, 2)(2, 0, 1, 7)",add
2021-08-05,CEREAL BAGUETTE,23.0,22.94421748895457,22.66210773238924,"(2, 1, 2)(2, 0, 1, 7)",add
2021-08-06,CEREAL BAGUETTE,19.0,20.40945553314895,21.969259104729733,"(2, 1, 2)(2, 0, 1, 7)",add
2021-08-07,CEREAL BAGUETTE,20.0,24.447277811947536,27.60559534835535,"(2, 1, 2)(2, 0, 1, 7)",add
2021-08-08,CEREAL BAGUETTE,24.0,23.428090411010622,26.40508877485072,"(2, 1, 2)(2, 0, 1, 7)",add
2021-08-09,CEREAL BAGUETTE,25.0,21.909293570886312,22.382335947285288,"(2, 1, 2)(2, 0, 1, 7)",add
2021-08-10,CEREAL BAGUETTE,24.0,23.715820068437868,21.141120438991067,"(2, 1, 2)(2, 0, 1, 7)",add
2021-08-11,CEREAL BAGUETTE,24.0,22.0022220744254,19.56583865200946,"(2, 1, 2)(2, 0, 1, 7)",add
2021-08-12,CEREAL BAGUETTE,26.0,22.599937500217727,21.77904644601074,"(2, 1, 2)(2, 0, 1, 7)",add
2021-08-13,CEREAL BAGUETTE,22.0,21.325330548539053,21.966148274930795,"(2, 1, 2)(2, 0, 1, 7)",add
2021-08-14,CEREAL BAGUETTE,27.0,25.17597316910256,28.099075149698997,"(2, 1, 2)(2, 0, 1, 7)",add
2021-08-15,CEREAL BAGUETTE,22.0,26.96479549875712,29.323663297764284,"(2, 1, 2)(2, 0, 1, 7)",add
2021-08-16,CEREAL BAGUETTE,22.0,23.54271021383748,24.26007678747437,"(2, 1, 2)(2, 0, 1, 7)",add
2021-08-17,CEREAL BAGUETTE,23.0,22.108816706195768,21.56720757818086,"(2, 1, 2)(2, 0, 1, 7)",add
2021-08-18,CEREAL BAGUETTE,19.0,21.878112257853374,19.70067757592736,"(2, 1, 2)(2, 0, 1, 7)",add
2021-08-19,CEREAL BAGUETTE,25.0,21.569665642870984,20.34437707200939,"(2, 1, 2)(2, 0, 1, 7)",add
2021-08-20,CEREAL BAGUETTE,16.0,20.606096578010742,20.292196714651265,"(2, 1, 2)(2, 0, 1, 7)",add
2021-08-21,CEREAL BAGUETTE,20.0,23.342694824641246,25.01846494395877,"(2, 1, 2)(2, 0, 1, 7)",add
2021-08-22,CEREAL BAGUETTE,20.0,21.73505224673047,24.508602773221845,"(2, 1, 2)(2, 0, 1, 7)",add
2021-08-23,CEREAL BAGUETTE,20.0,20.270798753675468,20.743231598317045,"(2, 1, 2)(2, 0, 1, 7)",add
2021-08-24,CEREAL BAGUETTE,14.0,20.091433444190983,18.835233035977076,"(2, 1, 2)(2, 0, 1, 7)",add
2021-08-25,CEREAL BAGUETTE,20.0,16.530115222459433,14.887053122668732,"(2, 1, 2)(2, 0, 1, 7)",add
2021-08-26,CEREAL BAGUETTE,18.0,20.45198509997667,17.76039107050733,"(2, 1, 2)(2, 0, 1, 7)",add
2021-08-27,CEREAL BAGUETTE,16.0,15.8598822543756,15.582790249672048,"(2, 1, 2)(2, 0, 1, 7)",add
2021-08-28,CEREAL BAGUETTE,19.0,20.594040092124914,21.666952209888628,"(2, 1, 2)(2, 0, 1, 7)",add
2021-08-29,CEREAL BAGUETTE,23.0,20.438521828653663,21.912330873871046,"(2, 1, 2)(2, 0, 1, 7)",add
2021-08-30,CEREAL BAGUETTE,19.0,20.712899466949445,20.170168834879522,"(2, 1, 2)(2, 0, 1, 7)",add
2021-08-31,CEREAL BAGUETTE,12.0,18.082861503608555,17.77111261680732,"(2, 1, 2)(2, 0, 1, 7)",add
2021-09-01,CEREAL BAGUETTE,16.0,16.883288161966917,14.42069478885445,"(2, 1, 2)(2, 0, 1, 7)",add
2021-09-02,CEREAL BAGUETTE,19.0,17.49436984827498,15.79565367592318,"(2, 1, 2)(2, 0, 1, 7)",add
2021-09-03,CEREAL BAGUETTE,14.0,15.97447032926758,14.529073736736613,"(2, 1, 2)(2, 0, 1, 7)",add
2021-09-04,CEREAL BAGUETTE,15.0,19.361671870675963,20.054534345920956,"(2, 1, 2)(2, 0, 1, 7)",add
2021-09-05,CEREAL BAGUETTE,31.0,19.3182397672111,19.91117328058176,"(2, 1, 2)(2, 0, 1, 7)",add
2021-09-06,CEREAL BAGUETTE,10.0,22.313837632062736,20.989390901432444,"(2, 1, 2)(2, 0, 1, 7)",add
2021-09-07,CEREAL BAGUETTE,12.0,14.571023413162699,15.21791587384401,"(2, 1, 2)(2, 0, 1, 7)",add
2021-09-08,CEREAL BAGUETTE,11.0,15.298970243856049,13.289012105768911,"(2, 1, 2)(2, 0, 1, 7)",add
2021-09-09,CEREAL BAGUETTE,5.0,15.625032903415828,13.63961146845279,"(2, 1, 2)(2, 0, 1, 7)",add
2021-09-10,CEREAL BAGUETTE,10.0,9.25756389112032,8.46594772553265,"(2, 1, 2)(2, 0, 1, 7)",add
2021-09-11,CEREAL BAGUETTE,18.0,13.985710931710813,14.213950578105347,"(2, 1, 2)(2, 0, 1, 7)",add
2021-09-12,CEREAL BAGUETTE,12.0,20.8075856619612,18.168942988154896,"(2, 1, 2)(2, 0, 1, 7)",add
2021-09-13,CEREAL BAGUETTE,17.0,11.375771883481116,12.081733919450741,"(2, 1, 2)(2, 0, 1, 7)",add
2021-09-14,CEREAL BAGUETTE,7.0,13.712853601681807,11.801870798390256,"(2, 1, 2)(2, 0, 1, 7)",add
2021-09-15,CEREAL BAGUETTE,12.0,11.386352851508208,9.476842803550973,"(2, 1, 2)(2, 0, 1, 7)",add
2021-09-16,CEREAL BAGUETTE,10.0,11.639139433496101,10.718632878477932,"(2, 1, 2)(2, 0, 1, 7)",add
2021-09-17,CEREAL BAGUETTE,11.0,10.85994080211589,8.837316804444114,"(2, 1, 2)(2, 0, 1, 7)",add
2021-09-18,CEREAL BAGUETTE,30.0,16.15838524530175,14.974450970146457,"(2, 1, 2)(2, 0, 1, 7)",add
2021-09-19,CEREAL BAGUETTE,28.0,21.78616778932869,21.442608556827725,"(2, 1, 2)(2, 0, 1, 7)",add
2021-09-20,CEREAL BAGUETTE,12.0,22.17883252793773,20.179734467490796,"(2, 1, 2)(2, 0, 1, 7)",add
2021-09-21,CEREAL BAGUETTE,11.0,14.22302326074994,15.084280709424645,"(2, 1, 2)(2, 0, 1, 7)",add
2021-09-22,CEREAL BAGUETTE,2.0,14.807385106160588,13.62419570068461,"(2, 1, 2)(2, 0, 1, 7)",add
2021-09-23,CEREAL BAGUETTE,8.0,10.03212195293525,10.306820832819445,"(2, 1, 2)(2, 0, 1, 7)",add
2021-09-24,CEREAL BAGUETTE,20.0,9.334671398150435,8.200884625550188,"(2, 1, 2)(2, 0, 1, 7)",add
2021-09-25,CEREAL BAGUETTE,20.0,21.810992971936628,18.386392289407844,"(2, 1, 2)(2, 0, 1, 7)",add
2021-09-26,CEREAL BAGUETTE,16.0,21.333187018200572,20.054950359444774,"(2, 1, 2)(2, 0, 1, 7)",add
2021-09-27,CEREAL BAGUETTE,5.0,13.62998184228741,14.283127340903874,"(2, 1, 2)(2, 0, 1, 7)",add
2021-09-28,CEREAL BAGUETTE,16.0,9.122351698793366,9.216901289358836,"(2, 1, 2)(2, 0, 1, 7)",add
2021-09-29,CEREAL BAGUETTE,7.0,10.733219733523857,10.371333872426282,"(2, 1, 2)(2, 0, 1, 7)",add
2021-09-30,CEREAL BAGUETTE,11.0,10.964222612563454,10.370751262290797,"(2, 1, 2)(2, 0, 1, 7)",add
2021-10-01,CEREAL BAGUETTE,10.0,13.559437258441188,10.399792961211812,"(2, 1, 2)(2, 0, 1, 7)",add
2021-10-02,CEREAL BAGUETTE,9.0,16.54725073350254,16.000037740538474,"(2, 1, 2)(2, 0, 1, 7)",add
2021-10-03,CEREAL BAGUETTE,9.0,13.936061564731231,14.565761519491389,"(2, 1, 2)(2, 0, 1, 7)",add
2021-10-04,CEREAL BAGUETTE,5.0,7.384335755838238,7.875020084474972,"(2, 1, 2)(2, 0, 1, 7)",add
2021-10-05,CEREAL BAGUETTE,3.0,8.843806894980137,6.165751898628853,"(2, 1, 2)(2, 0, 1, 7)",add
2021-10-06,CEREAL BAGUETTE,3.0,4.870200007446724,3.41715346093315,"(2, 1, 2)(2, 0, 1, 7)",add
2021-10-07,CEREAL BAGUETTE,3.0,6.75727373321379,4.662725659086663,"(2, 1, 2)(2, 0, 1, 7)",add
2021-10-08,CEREAL BAGUETTE,8.0,6.04723492029485,3.9085603892215275,"(2, 1, 2)(2, 0, 1, 7)",add
2021-10-09,CEREAL BAGUETTE,8.0,10.906801477541068,10.28098522755414,"(2, 1, 2)(2, 0, 1, 7)",add
2021-10-10,CEREAL BAGUETTE,8.0,10.68972325571956,10.398717138571136,"(2, 1, 2)(2, 0, 1, 7)",add
2021-10-11,CEREAL BAGUETTE,4.0,6.164084855523754,4.902495201117281,"(2, 1, 2)(2, 0, 1, 7)",add
2021-10-12,CEREAL BAGUETTE,9.0,5.237018365223693,3.763169446838598,"(2, 1, 2)(2, 0, 1, 7)",add
2021-10-13,CEREAL BAGUETTE,6.0,6.411319737155628,3.7952602923305028,"(2, 1, 2)(2, 0, 1, 7)",add
2021-10-14,CEREAL BAGUETTE,8.0,7.280637074023175,5.722373468176158,"(2, 1, 2)(2, 0, 1, 7)",add
2021-10-15,CEREAL BAGUETTE,3.0,9.204483467759946,6.667357871119166,"(2, 1, 2)(2, 0, 1, 7)",add
2021-10-16,CEREAL BAGUETTE,7.0,10.059135244162306,10.132808958871902,"(2, 1, 2)(2, 0, 1, 7)",add
2021-10-17,CEREAL BAGUETTE,7.0,9.879223478819622,9.982884679961353,"(2, 1, 2)(2, 0, 1, 7)",add
2021-10-18,CEREAL BAGUETTE,9.0,5.323879495364426,4.4426643684004805,"(2, 1, 2)(2, 0, 1, 7)",add
2021-10-19,CEREAL BAGUETTE,4.0,8.179463485652267,5.495432286072207,"(2, 1, 2)(2, 0, 1, 7)",add
2021-10-20,CEREAL BAGUETTE,4.0,5.259982389361647,3.2261557368205196,"(2, 1, 2)(2, 0, 1, 7)",add
2021-10-21,CEREAL BAGUETTE,4.0,6.543548004801149,4.727611395514673,"(2, 1, 2)(2, 0, 1, 7)",add
2021-10-22,CEREAL BAGUETTE,2.0,5.171953197716691,4.2389489325172995,"(2, 1, 2)(2, 0, 1, 7)",add
2021-10-23,CEREAL BAGUETTE,15.0,8.087999971366422,8.183062820710449,"(2, 1, 2)(2, 0, 1, 7)",add
2021-10-24,CEREAL BAGUETTE,15.0,11.497682368502687,11.0510722069222,"(2, 1, 2)(2, 0, 1, 7)",add
2021-10-25,CEREAL BAGUETTE,17.0,10.271970006908203,8.271435522284635,"(2, 1, 2)(2, 0, 1, 7)",add
2021-10-26,CEREAL BAGUETTE,11.0,11.321651594898007,10.048197434499144,"(2, 1, 2)(2, 0, 1, 7)",add
2021-10-27,CEREAL BAGUETTE,13.0,9.775656332315279,8.718770970918769,"(2, 1, 2)(2, 0, 1, 7)",add
2021-10-28,CEREAL BAGUETTE,15.0,11.464437651827126,11.146527164349987,"(2, 1, 2)(2, 0, 1, 7)",add
2021-10-29,CEREAL BAGUETTE,17.0,11.766949181803287,11.907530963019875,"(2, 1, 2)(2, 0, 1, 7)",add
2021-10-30,CEREAL BAGUETTE,15.0,18.99636392238215,18.867034710024335,"(2, 1, 2)(2, 0, 1, 7)",add
2021-10-31,CEREAL BAGUETTE,18.0,16.961678737587246,18.254843819619687,"(2, 1, 2)(2, 0, 1, 7)",add
2021-11-01,CEREAL BAGUETTE,19.0,15.257290315358574,14.628717595526217,"(2, 1, 2)(2, 0, 1, 7)",add
2021-11-02,CEREAL BAGUETTE,17.0,14.31889310919282,14.401430113815449,"(2, 1, 2)(2, 0, 1, 7)",add
2021-11-03,CEREAL BAGUETTE,18.0,14.459907484833213,13.863945174509913,"(2, 1, 2)(2, 0, 1, 7)",add
2021-11-04,CEREAL BAGUETTE,10.0,16.312719354277082,16.210005967107413,"(2, 1, 2)(2, 0, 1, 7)",add
2021-11-05,CEREAL BAGUETTE,16.0,13.605793740499637,14.041645768174849,"(2, 1, 2)(2, 0, 1, 7)",add
2021-11-06,CEREAL BAGUETTE,12.0,17.077478633046766,19.26180830942171,"(2, 1, 2)(2, 0, 1, 7)",add
2021-11-07,CEREAL BAGUETTE,12.0,15.770532928197412,17.944117160785627,"(2, 1, 2)(2, 0, 1, 7)",add
2021-11-08,CEREAL BAGUETTE,4.0,12.82821539040991,13.009318192918666,"(2, 1, 2)(2, 0, 1, 7)",add
2021-11-09,CEREAL BAGUETTE,8.0,8.458189364086923,8.584421608834347,"(2, 1, 2)(2, 0, 1, 7)",add
2021-11-10,CEREAL BAGUETTE,11.0,8.743640473575287,7.221786246600633,"(2, 1, 2)(2, 0, 1, 7)",add
2021-11-11,CEREAL BAGUETTE,9.0,8.579190979017895,8.544190578415675,"(2, 1, 2)(2, 0, 1, 7)",add
2021-11-12,CEREAL BAGUETTE,10.0,10.418675263682973,9.111675519055815,"(2, 1, 2)(2, 0, 1, 7)",add
2021-11-13,CEREAL BAGUETTE,10.0,11.920226702506456,13.192750376870048,"(2, 1, 2)(2, 0, 1, 7)",add
2021-11-14,CEREAL BAGUETTE,9.0,11.766452446146173,13.220461870717577,"(2, 1, 2)(2, 0, 1, 7)",add
2021-11-15,CEREAL BAGUETTE,9.0,7.378438715792506,8.534918781646379,"(2, 1, 2)(2, 0, 1, 7)",add
2021-11-16,CEREAL BAGUETTE,4.0,8.54915564884798,7.716717923596737,"(2, 1, 2)(2, 0, 1, 7)",add
2021-11-17,CEREAL BAGUETTE,0.0,7.4026654453228575,5.7942582840944254,"(2, 1, 2)(2, 0, 1, 7)",add
2021-11-18,CEREAL BAGUETTE,10.0,4.600491292918376,3.9319051641226146,"(2, 1, 2)(2, 0, 1, 7)",add
2021-11-19,CEREAL BAGUETTE,1.0,8.1451923270217,6.232487694212094,"(2, 1, 2)(2, 0, 1, 7)",add
2021-11-20,CEREAL BAGUETTE,3.0,7.486408188609516,8.1040117644632,"(2, 1, 2)(2, 0, 1, 7)",add
2021-11-21,CEREAL BAGUETTE,5.0,6.65297707618983,7.463603310796421,"(2, 1, 2)(2, 0, 1, 7)",add
2021-11-22,CEREAL BAGUETTE,8.0,4.85446993999627,3.7232596505858906,"(2, 1, 2)(2, 0, 1, 7)",add
2021-11-23,CEREAL BAGUETTE,5.0,4.9530132852832525,3.6860433279849767,"(2, 1, 2)(2, 0, 1, 7)",add
2021-11-24,CEREAL BAGUETTE,0.0,4.1210110303318785,3.0989119389302395,"(2, 1, 2)(2, 0, 1, 7)",add
2021-11-25,CEREAL BAGUETTE,10.0,5.333849563276517,3.1002920138170875,"(2, 1, 2)(2, 0, 1, 7)",add
2021-11-26,CEREAL BAGUETTE,9.0,5.773001698571486,4.651942232183165,"(2, 1, 2)(2, 0, 1, 7)",add
2021-11-27,CEREAL BAGUETTE,4.0,9.141875953315981,9.428009095612989,"(2, 1, 2)(2, 0, 1, 7)",add
2021-11-28,CEREAL BAGUETTE,9.0,7.889293905000648,8.923426492108018,"(2, 1, 2)(2, 0, 1, 7)",add
2021-11-29,CEREAL BAGUETTE,5.0,7.7899737430761515,6.546675419089526,"(2, 1, 2)(2, 0, 1, 7)",add
2021-11-30,CEREAL BAGUETTE,7.0,5.3543770487895905,4.488682598760228,"(2, 1, 2)(2, 0, 1, 7)",add
2021-12-01,CEREAL BAGUETTE,0.0,4.611298164589188,3.8726100833815607,"(2, 1, 2)(2, 0, 1, 7)",add
2021-12-02,CEREAL BAGUETTE,6.0,6.222002597319552,4.525192253928477,"(2, 1, 2)(2, 0, 1, 7)",add
2021-12-03,CEREAL BAGUETTE,6.0,6.03836117195802,4.21279538505006,"(2, 1, 2)(2, 0, 1, 7)",add
2021-12-04,CEREAL BAGUETTE,7.0,6.553620479559321,7.350373697462768,"(2, 1, 2)(2, 0, 1, 7)",add
2021-12-05,CEREAL BAGUETTE,10.0,8.580880138152855,8.866295004908826,"(2, 1, 2)(2, 0, 1, 7)",add
2021-12-06,CEREAL BAGUETTE,0.0,6.999503034783915,6.665128438326419,"(2, 1, 2)(2, 0, 1, 7)",add
2021-12-07,CEREAL BAGUETTE,0.0,4.096757951346772,3.420563540815649,"(2, 1, 2)(2, 0, 1, 7)",add
2021-12-08,CEREAL BAGUETTE,0.0,0.634278637244828,0.4481992023235435,"(2, 1, 2)(2, 0, 1, 7)",add
2021-12-09,CEREAL BAGUETTE,8.0,3.8989402593975004,2.608129056961403,"(2, 1, 2)(2, 0, 1, 7)",add
2021-12-10,CEREAL BAGUETTE,10.0,5.5266518659193515,3.506269417141543,"(2, 1, 2)(2, 0, 1, 7)",add
2021-12-11,CEREAL BAGUETTE,2.0,8.43690551919401,7.875975054008473,"(2, 1, 2)(2, 0, 1, 7)",add
2021-12-12,CEREAL BAGUETTE,10.0,7.35273260690256,7.85458855644494,"(2, 1, 2)(2, 0, 1, 7)",add
2021-12-13,CEREAL BAGUETTE,8.0,4.825915624576822,5.268768880107317,"(2, 1, 2)(2, 0, 1, 7)",add
2021-12-14,CEREAL BAGUETTE,9.0,5.422046337510487,5.148889706185476,"(2, 1, 2)(2, 0, 1, 7)",add
2021-12-15,CEREAL BAGUETTE,0.0,5.422240614203854,4.635500734778795,"(2, 1, 2)(2, 0, 1, 7)",add
2021-12-16,CEREAL BAGUETTE,5.0,6.808595650515912,6.047759808357735,"(2, 1, 2)(2, 0, 1, 7)",add
2021-12-17,CEREAL BAGUETTE,3.0,6.620065060479777,5.098744760520612,"(2, 1, 2)(2, 0, 1, 7)",add
2021-12-18,CEREAL BAGUETTE,3.0,4.290722531973829,5.778978478024703,"(2, 1, 2)(2, 0, 1, 7)",add
2021-12-19,CEREAL BAGUETTE,20.0,7.090433926309685,7.4027036170164555,"(2, 1, 2)(2, 0, 1, 7)",add
2021-12-20,CEREAL BAGUETTE,14.0,9.686251148638785,8.025030958726235,"(2, 1, 2)(2, 0, 1, 7)",add
2021-12-21,CEREAL BAGUETTE,11.0,10.289263315427984,8.983815105353218,"(2, 1, 2)(2, 0, 1, 7)",add
2021-12-22,CEREAL BAGUETTE,20.0,6.616791178293249,7.165269094351974,"(2, 1, 2)(2, 0, 1, 7)",add
2021-12-23,CEREAL BAGUETTE,18.0,14.452471835323724,14.170765463275306,"(2, 1, 2)(2, 0, 1, 7)",add
2021-12-24,CEREAL BAGUETTE,16.0,13.828669340439182,14.601516615784028,"(2, 1, 2)(2, 0, 1, 7)",add
2021-12-25,CEREAL BAGUETTE,8.0,13.745915958552061,16.2776593104602,"(2, 1, 2)(2, 0, 1, 7)",add
2021-12-26,CEREAL BAGUETTE,20.0,16.455679560596288,17.601622262082113,"(2, 1, 2)(2, 0, 1, 7)",add
2021-12-27,CEREAL BAGUETTE,19.0,14.05499814337296,14.557982295550747,"(2, 1, 2)(2, 0, 1, 7)",add
2021-12-28,CEREAL BAGUETTE,17.0,14.04510362639267,14.703499350741497,"(2, 1, 2)(2, 0, 1, 7)",add
2021-12-29,CEREAL BAGUETTE,9.0,15.031780520893365,13.92701185046893,"(2, 1, 2)(2, 0, 1, 7)",add
2021-12-30,CEREAL BAGUETTE,13.0,13.582754979459434,14.771784717315757,"(2, 1, 2)(2, 0, 1, 7)",add
2021-12-31,CEREAL BAGUETTE,20.0,12.43619904892668,13.296002818624084,"(2, 1, 2)(2, 0, 1, 7)",add
2022-01-01,CEREAL BAGUETTE,0.0,12.99015649926682,15.718018237656585,"(2, 1, 2)(2, 0, 1, 7)",add
2022-01-02,CEREAL BAGUETTE,16.0,12.967104779027569,15.739906561915868,"(2, 1, 2)(2, 0, 1, 7)",add
2022-01-03,CEREAL BAGUETTE,9.0,12.22698198600952,12.2313943499108,"(2, 1, 2)(2, 0, 1, 7)",add
2022-01-04,CEREAL BAGUETTE,3.0,9.776077632751814,9.869790861475346,"(2, 1, 2)(2, 0, 1, 7)",add
2022-01-05,CEREAL BAGUETTE,0.0,4.685671950791818,5.68597008951632,"(2, 1, 2)(2, 0, 1, 7)",add
2022-01-06,CEREAL BAGUETTE,4.0,6.19905900811606,6.580777345514434,"(2, 1, 2)(2, 0, 1, 7)",add
2022-01-07,CEREAL BAGUETTE,6.0,7.4544094486624655,5.61077274990684,"(2, 1, 2)(2, 0, 1, 7)",add
2022-01-08,CEREAL BAGUETTE,9.0,1.7337101207069692,4.1415491560677875,"(2, 1, 2)(2, 0, 1, 7)",add
2022-01-09,CEREAL BAGUETTE,5.0,12.15228403348634,11.791218491163304,"(2, 1, 2)(2, 0, 1, 7)",add
2022-01-10,CEREAL BAGUETTE,4.0,5.692052686566837,5.844335912601347,"(2, 1, 2)(2, 0, 1, 7)",add
2022-01-11,CEREAL BAGUETTE,3.0,3.47854104870932,3.5796153688742396,"(2, 1, 2)(2, 0, 1, 7)",add
2022-01-12,CEREAL BAGUETTE,0.0,1.789338128896361,1.4000924723492867,"(2, 1, 2)(2, 0, 1, 7)",add
2022-01-13,CEREAL BAGUETTE,10.0,4.28638767609522,3.863966801249402,"(2, 1, 2)(2, 0, 1, 7)",add
2022-01-14,CEREAL BAGUETTE,8.0,7.585342962426241,5.789137153311173,"(2, 1, 2)(2, 0, 1, 7)",add
2022-01-15,CEREAL BAGUETTE,3.0,6.396166109192734,5.265531027167324,"(2, 1, 2)(2, 0, 1, 7)",add
2022-01-16,CEREAL BAGUETTE,9.0,8.042607642741373,9.732911193620964,"(2, 1, 2)(2, 0, 1, 7)",add
2022-01-17,CEREAL BAGUETTE,8.0,6.3009955820031145,6.0533252027318944,"(2, 1, 2)(2, 0, 1, 7)",add
2022-01-18,CEREAL BAGUETTE,3.0,5.750882824125375,5.0453537082220015,"(2, 1, 2)(2, 0, 1, 7)",add
2022-01-19,CEREAL BAGUETTE,0.0,2.6783914656282413,2.3505913697293566,"(2, 1, 2)(2, 0, 1, 7)",add
2022-01-20,CEREAL BAGUETTE,7.0,6.344435278492531,5.194353702074137,"(2, 1, 2)(2, 0, 1, 7)",add
2022-01-21,CEREAL BAGUETTE,9.0,6.753008278337107,5.464450420480317,"(2, 1, 2)(2, 0, 1, 7)",add
2022-01-22,CEREAL BAGUETTE,7.0,4.929540717829655,4.94473181789257,"(2, 1, 2)(2, 0, 1, 7)",add
2022-01-23,CEREAL BAGUETTE,9.0,10.273723567339761,10.852557025927542,"(2, 1, 2)(2, 0, 1, 7)",add
2022-01-24,CEREAL BAGUETTE,8.0,7.513064851190833,7.071990722484415,"(2, 1, 2)(2, 0, 1, 7)",add
2022-01-25,CEREAL BAGUETTE,5.0,5.503508062749196,5.403116290285547,"(2, 1, 2)(2, 0, 1, 7)",add
2022-01-26,CEREAL BAGUETTE,0.0,3.2056884232967002,3.1772710748371735,"(2, 1, 2)(2, 0, 1, 7)",add
2022-01-27,CEREAL BAGUETTE,8.0,6.227849100167972,6.13920329676765,"(2, 1, 2)(2, 0, 1, 7)",add
2022-01-28,CEREAL BAGUETTE,3.0,7.809837605634169,6.579045611210825,"(2, 1, 2)(2, 0, 1, 7)",add
2022-01-29,CEREAL BAGUETTE,8.0,3.8232857427472027,3.779831593533963,"(2, 1, 2)(2, 0, 1, 7)",add
2022-01-30,CEREAL BAGUETTE,10.0,9.370126067304051,9.99559205352667,"(2, 1, 2)(2, 0, 1, 7)",add
2022-01-31,CEREAL BAGUETTE,7.0,7.507875706267919,7.02187122500224,"(2, 1, 2)(2, 0, 1, 7)",add
2022-02-01,CEREAL BAGUETTE,6.0,5.304806708108249,4.9483474548623185,"(2, 1, 2)(2, 0, 1, 7)",add
2022-02-02,CEREAL BAGUETTE,0.0,2.933617679761417,2.916315350692103,"(2, 1, 2)(2, 0, 1, 7)",add
2022-02-03,CEREAL BAGUETTE,5.0,6.472222873115657,6.40290536033698,"(2, 1, 2)(2, 0, 1, 7)",add
2022-02-04,CEREAL BAGUETTE,3.0,5.128328328984682,5.37575223088027,"(2, 1, 2)(2, 0, 1, 7)",add
2022-02-05,CEREAL BAGUETTE,6.0,4.241530722663813,3.630119889363682,"(2, 1, 2)(2, 0, 1, 7)",add
2022-02-06,CEREAL BAGUETTE,9.0,8.515143063610411,8.91404091710702,"(2, 1, 2)(2, 0, 1, 7)",add
2022-02-07,CEREAL BAGUETTE,9.0,6.399815378006583,5.962621616126986,"(2, 1, 2)(2, 0, 1, 7)",add
2022-02-08,CEREAL BAGUETTE,7.0,5.879709351393647,4.90794630782274,"(2, 1, 2)(2, 0, 1, 7)",add
2022-02-09,CEREAL BAGUETTE,0.0,3.037384336184776,2.838946094207368,"(2, 1, 2)(2, 0, 1, 7)",add
2022-02-10,CEREAL BAGUETTE,7.0,5.9393930708555525,6.482832459975384,"(2, 1, 2)(2, 0, 1, 7)",add
2022-02-11,CEREAL BAGUETTE,4.0,5.827975951875804,5.949417037833479,"(2, 1, 2)(2, 0, 1, 7)",add
2022-02-12,CEREAL BAGUETTE,10.0,4.9153641447964205,4.752504841429112,"(2, 1, 2)(2, 0, 1, 7)",add
2022-02-13,CEREAL BAGUETTE,17.0,10.290359994146554,10.703300172583884,"(2, 1, 2)(2, 0, 1, 7)",add
2022-02-14,CEREAL BAGUETTE,10.0,10.872669986710385,9.888617669037602,"(2, 1, 2)(2, 0, 1, 7)",add
2022-02-15,CEREAL BAGUETTE,10.0,8.231444368437458,7.866679582179346,"(2, 1, 2)(2, 0, 1, 7)",add
2022-02-16,CEREAL BAGUETTE,0.0,4.970520088804321,5.37376316007532,"(2, 1, 2)(2, 0, 1, 7)",add
2022-02-17,CEREAL BAGUETTE,10.0,7.412552014616059,8.549180489297306,"(2, 1, 2)(2, 0, 1, 7)",add
2022-02-18,CEREAL BAGUETTE,10.0,7.396914352235296,8.07942813861532,"(2, 1, 2)(2, 0, 1, 7)",add
2022-02-19,CEREAL BAGUETTE,10.0,9.04442344507754,8.688095619307289,"(2, 1, 2)(2, 0, 1, 7)",add
2022-02-20,CEREAL BAGUETTE,10.0,13.325774893538526,13.543256175911047,"(2, 1, 2)(2, 0, 1, 7)",add
2022-02-21,CEREAL BAGUETTE,4.0,8.619886481179545,9.20968140844079,"(2, 1, 2)(2, 0, 1, 7)",add
2022-02-22,CEREAL BAGUETTE,10.0,5.767800862748939,5.759801518583225,"(2, 1, 2)(2, 0, 1, 7)",add
2022-02-23,CEREAL BAGUETTE,0.0,2.8827672682387684,3.2387754309867667,"(2, 1, 2)(2, 0, 1, 7)",add
2022-02-24,CEREAL BAGUETTE,10.0,7.190007030949014,7.662879546076146,"(2, 1, 2)(2, 0, 1, 7)",add
2022-02-25,CEREAL BAGUETTE,10.0,7.888119160971646,7.5023476688806,"(2, 1, 2)(2, 0, 1, 7)",add
2022-02-26,CEREAL BAGUETTE,10.0,8.439460001797533,8.231419142282498,"(2, 1, 2)(2, 0, 1, 7)",add
2022-02-27,CEREAL BAGUETTE,9.0,11.454049669138886,12.794822194944128,"(2, 1, 2)(2, 0, 1, 7)",add
2022-02-28,CEREAL BAGUETTE,7.0,7.019909849739569,8.23780503467843,"(2, 1, 2)(2, 0, 1, 7)",add
2022-03-01,CEREAL BAGUETTE,9.0,7.5827228836450455,6.8236538425899775,"(2, 1, 2)(2, 0, 1, 7)",add
2022-03-02,CEREAL BAGUETTE,11.0,2.850226788382999,3.01751115090714,"(2, 1, 2)(2, 0, 1, 7)",add
2022-03-03,CEREAL BAGUETTE,4.0,11.662290171023825,11.323708851570832,"(2, 1, 2)(2, 0, 1, 7)",add
2022-03-04,CEREAL BAGUETTE,10.0,7.728987897567335,8.259966021123349,"(2, 1, 2)(2, 0, 1, 7)",add
2022-03-05,CEREAL BAGUETTE,10.0,8.713903728732236,8.695728192716844,"(2, 1, 2)(2, 0, 1, 7)",add
2022-03-06,CEREAL BAGUETTE,10.0,11.020611431424742,12.626573438289437,"(2, 1, 2)(2, 0, 1, 7)",add
2022-03-07,CEREAL BAGUETTE,3.0,7.9541695655636815,8.648636955690288,"(2, 1, 2)(2, 0, 1, 7)",add
2022-03-08,CEREAL BAGUETTE,8.0,6.176695125380253,6.204626080151041,"(2, 1, 2)(2, 0, 1, 7)",add
2022-03-09,CEREAL BAGUETTE,1.0,4.6208723216997685,2.7972613281891805,"(2, 1, 2)(2, 0, 1, 7)",add
2022-03-10,CEREAL BAGUETTE,6.0,5.099615743754253,6.795578511896168,"(2, 1, 2)(2, 0, 1, 7)",add
2022-03-11,CEREAL BAGUETTE,3.0,6.917190684009808,6.505340686823647,"(2, 1, 2)(2, 0, 1, 7)",add
2022-03-12,CEREAL BAGUETTE,8.0,5.497411112122079,5.318519147709015,"(2, 1, 2)(2, 0, 1, 7)",add
2022-03-13,CEREAL BAGUETTE,10.0,8.687201762816441,9.317392176311952,"(2, 1, 2)(2, 0, 1, 7)",add
2022-03-14,CEREAL BAGUETTE,5.0,5.538685911671392,6.071332853443205,"(2, 1, 2)(2, 0, 1, 7)",add
2022-03-15,CEREAL BAGUETTE,2.0,6.443977208941922,5.66836711250412,"(2, 1, 2)(2, 0, 1, 7)",add
2022-03-16,CEREAL BAGUETTE,0.0,0.6075979459398084,0.29310203950343094,"(2, 1, 2)(2, 0, 1, 7)",add
2022-03-17,CEREAL BAGUETTE,6.0,4.674300102834249,4.834297324283468,"(2, 1, 2)(2, 0, 1, 7)",add
2022-03-18,CEREAL BAGUETTE,11.0,4.794205617399982,4.896529868174428,"(2, 1, 2)(2, 0, 1, 7)",add
2022-03-19,CEREAL BAGUETTE,4.0,8.432212627177877,7.158931509217116,"(2, 1, 2)(2, 0, 1, 7)",add
2022-03-20,CEREAL BAGUETTE,8.0,8.599207997171629,9.217198425029217,"(2, 1, 2)(2, 0, 1, 7)",add
2022-03-21,CEREAL BAGUETTE,9.0,5.153895919899706,5.242209406895271,"(2, 1, 2)(2, 0, 1, 7)",add
2022-03-22,CEREAL BAGUETTE,3.0,6.133307002165782,6.067733069588926,"(2, 1, 2)(2, 0, 1, 7)",add
2022-03-23,CEREAL BAGUETTE,3.0,1.5848317603451099,1.1725504047878412,"(2, 1, 2)(2, 0, 1, 7)",add
2022-03-24,CEREAL BAGUETTE,9.0,6.461416749386661,6.483218384703437,"(2, 1, 2)(2, 0, 1, 7)",add
2022-03-25,CEREAL BAGUETTE,2.0,8.551429414183117,7.390432405469192,"(2, 1, 2)(2, 0, 1, 7)",add
2022-03-26,CEREAL BAGUETTE,10.0,4.470384434768351,5.362163757980604,"(2, 1, 2)(2, 0, 1, 7)",add
2022-03-27,CEREAL BAGUETTE,10.0,9.497243886280183,9.946768439170581,"(2, 1, 2)(2, 0, 1, 7)",add
2022-03-28,CEREAL BAGUETTE,10.0,7.458147394231137,6.795700182706382,"(2, 1, 2)(2, 0, 1, 7)",add
2022-03-29,CEREAL BAGUETTE,5.0,6.68772536962563,6.850040830214901,"(2, 1, 2)(2, 0, 1, 7)",add
2022-03-30,CEREAL BAGUETTE,2.0,3.3587724102576115,2.7557903490226896,"(2, 1, 2)(2, 0, 1, 7)",add
2022-03-31,CEREAL BAGUETTE,2.0,7.131698381006189,7.3473644917222085,"(2, 1, 2)(2, 0, 1, 7)",add
2022-04-01,CEREAL BAGUETTE,8.0,3.7622477443643882,5.1799670875177855,"(2, 1, 2)(2, 0, 1, 7)",add
2022-04-02,CEREAL BAGUETTE,6.0,5.966281617880765,5.666994205948598,"(2, 1, 2)(2, 0, 1, 7)",add
2022-04-03,CEREAL BAGUETTE,10.0,7.7888761994984215,8.445322537188137,"(2, 1, 2)(2, 0, 1, 7)",add
2022-04-04,CEREAL BAGUETTE,5.0,6.085690471782099,5.557038907754126,"(2, 1, 2)(2, 0, 1, 7)",add
2022-04-05,CEREAL BAGUETTE,10.0,4.401138323629205,4.19643834497046,"(2, 1, 2)(2, 0, 1, 7)",add
2022-04-06,CEREAL BAGUETTE,6.0,1.6186627067440842,0.7577086649707434,"(2, 1, 2)(2, 0, 1, 7)",add
2022-04-07,CEREAL BAGUETTE,5.0,4.536667630653888,5.644404618626509,"(2, 1, 2)(2, 0, 1, 7)",add
2022-04-08,CEREAL BAGUETTE,3.0,4.790197201486553,5.091826644643679,"(2, 1, 2)(2, 0, 1, 7)",add
2022-04-09,CEREAL BAGUETTE,7.0,5.847151547111324,5.578853763074491,"(2, 1, 2)(2, 0, 1, 7)",add
2022-04-10,CEREAL BAGUETTE,12.0,7.802066803657213,8.35718209431403,"(2, 1, 2)(2, 0, 1, 7)",add
2022-04-11,CEREAL BAGUETTE,6.0,5.825263299662075,5.468898464880018,"(2, 1, 2)(2, 0, 1, 7)",add
2022-04-12,CEREAL BAGUETTE,10.0,4.60597017530355,4.1082979020963535,"(2, 1, 2)(2, 0, 1, 7)",add
2022-04-13,CEREAL BAGUETTE,6.0,1.873353902988108,0.669568222096637,"(2, 1, 2)(2, 0, 1, 7)",add
2022-04-14,CEREAL BAGUETTE,11.0,5.099914253627614,5.556264175752402,"(2, 1, 2)(2, 0, 1, 7)",add
2022-04-15,CEREAL BAGUETTE,10.0,5.09006397705209,5.003686201769572,"(2, 1, 2)(2, 0, 1, 7)",add
2022-04-16,CEREAL BAGUETTE,19.0,5.921478761316741,5.490713320200385,"(2, 1, 2)(2, 0, 1, 7)",add
2022-04-17,CEREAL BAGUETTE,11.0,7.819109197932885,8.269041651439924,"(2, 1, 2)(2, 0, 1, 7)",add
2022-04-18,CEREAL BAGUETTE,20.0,5.826893750729808,5.380758022005912,"(2, 1, 2)(2, 0, 1, 7)",add
2022-04-19,CEREAL BAGUETTE,8.0,4.684212283827456,4.020157459222246,"(2, 1, 2)(2, 0, 1, 7)",add
2022-04-20,CEREAL BAGUETTE,16.0,2.0080310824441283,0.5814277792225298,"(2, 1, 2)(2, 0, 1, 7)",add
2022-04-21,CEREAL BAGUETTE,20.0,5.1839678119807315,5.468123732878295,"(2, 1, 2)(2, 0, 1, 7)",add
2022-04-22,CEREAL BAGUETTE,14.0,5.122384819596297,4.915545758895465,"(2, 1, 2)(2, 0, 1, 7)",add
2022-04-23,CEREAL BAGUETTE,11.0,5.888643769961569,5.4025728773262784,"(2, 1, 2)(2, 0, 1, 7)",add
2022-04-24,CEREAL BAGUETTE,20.0,7.720853016291333,8.180901208565816,"(2, 1, 2)(2, 0, 1, 7)",add
2022-04-25,CEREAL BAGUETTE,10.0,5.766732091559608,5.2926175791318055,"(2, 1, 2)(2, 0, 1, 7)",add
2022-04-26,CEREAL BAGUETTE,8.0,4.655744134691098,3.9320170163481403,"(2, 1, 2)(2, 0, 1, 7)",add
2022-04-27,CEREAL BAGUETTE,15.0,2.0472211715244266,0.49328733634842337,"(2, 1, 2)(2, 0, 1, 7)",add
2022-04-28,CEREAL BAGUETTE,11.0,5.1316481635429465,5.379983290004188,"(2, 1, 2)(2, 0, 1, 7)",add
2022-04-29,CEREAL BAGUETTE,16.0,5.05910667644855,4.827405316021358,"(2, 1, 2)(2, 0, 1, 7)",add
2022-04-30,CEREAL BAGUETTE,20.0,5.792684212540165,5.314432434452172,"(2, 1, 2)(2, 0, 1, 7)",add
2022-05-01,CEREAL BAGUETTE,20.0,7.566432610516849,8.09276076569171,"(2, 1, 2)(2, 0, 1, 7)",add
2022-05-02,CEREAL BAGUETTE,19.0,5.662891804293531,5.204477136257698,"(2, 1, 2)(2, 0, 1, 7)",add
2022-05-03,CEREAL BAGUETTE,2.0,4.581168350356253,3.843876573474033,"(2, 1, 2)(2, 0, 1, 7)",add
2022-05-04,CEREAL BAGUETTE,0.0,2.0444898019426097,0.4051468934743161,"(2, 1, 2)(2, 0, 1, 7)",add
2022-05-05,CEREAL BAGUETTE,11.0,5.037376555355907,5.291842847130082,"(2, 1, 2)(2, 0, 1, 7)",add
2022-05-06,CEREAL BAGUETTE,11.0,4.96323668760505,4.739264873147252,"(2, 1, 2)(2, 0, 1, 7)",add
2022-05-07,CEREAL BAGUETTE,16.0,5.672395780620718,5.226291991578064,"(2, 1, 2)(2, 0, 1, 7)",add
2022-05-08,CEREAL BAGUETTE,20.0,7.392504084118389,8.004620322817603,"(2, 1, 2)(2, 0, 1, 7)",add
2022-05-09,CEREAL BAGUETTE,6.0,5.542155799211255,5.116336693383591,"(2, 1, 2)(2, 0, 1, 7)",add
2022-05-10,CEREAL BAGUETTE,11.0,4.490390860407725,3.7557361305999266,"(2, 1, 2)(2, 0, 1, 7)",add
2022-05-11,CEREAL BAGUETTE,7.0,2.0259222689147984,0.3170064506002097,"(2, 1, 2)(2, 0, 1, 7)",add
2022-05-12,CEREAL BAGUETTE,9.0,4.9308487704704405,5.203702404255974,"(2, 1, 2)(2, 0, 1, 7)",add
2022-05-13,CEREAL BAGUETTE,6.0,4.857656293832969,4.6511244302731445,"(2, 1, 2)(2, 0, 1, 7)",add
2022-05-14,CEREAL BAGUETTE,9.0,5.5451920241469885,5.1381515487039575,"(2, 1, 2)(2, 0, 1, 7)",add
2022-05-15,CEREAL BAGUETTE,18.0,7.214542602313836,7.916479879943497,"(2, 1, 2)(2, 0, 1, 7)",add
2022-05-16,CEREAL BAGUETTE,9.0,5.417194585233778,5.028196250509485,"(2, 1, 2)(2, 0, 1, 7)",add
2022-05-17,CEREAL BAGUETTE,2.0,4.395390585845375,3.6675956877258193,"(2, 1, 2)(2, 0, 1, 7)",add
2022-05-18,CEREAL BAGUETTE,8.0,2.0019568039543834,0.22886600772610244,"(2, 1, 2)(2, 0, 1, 7)",add
2022-05-19,CEREAL BAGUETTE,6.0,4.822095206425026,5.115561961381868,"(2, 1, 2)(2, 0, 1, 7)",add
2022-05-20,CEREAL BAGUETTE,2.0,4.750611881927309,4.562983987399038,"(2, 1, 2)(2, 0, 1, 7)",add
2022-05-21,CEREAL BAGUETTE,9.0,5.417823533373105,5.050011105829851,"(2, 1, 2)(2, 0, 1, 7)",add
2022-05-22,CEREAL BAGUETTE,21.0,7.038399264501907,7.828339437069388,"(2, 1, 2)(2, 0, 1, 7)",add
2022-05-23,CEREAL BAGUETTE,5.0,5.292983514646378,4.940055807635378,"(2, 1, 2)(2, 0, 1, 7)",add
2022-05-24,CEREAL BAGUETTE,10.0,4.300633369732354,3.579455244851713,"(2, 1, 2)(2, 0, 1, 7)",add
2022-05-25,CEREAL BAGUETTE,10.0,1.9765105645988146,0.14072556485199605,"(2, 1, 2)(2, 0, 1, 7)",add
2022-05-26,CEREAL BAGUETTE,19.0,4.714589454339568,5.027421518507761,"(2, 1, 2)(2, 0, 1, 7)",add
2022-05-27,CEREAL BAGUETTE,20.0,4.645034208074496,4.474843544524931,"(2, 1, 2)(2, 0, 1, 7)",add
2022-05-28,CEREAL BAGUETTE,20.0,5.292742589224851,4.961870662955745,"(2, 1, 2)(2, 0, 1, 7)",add
2022-05-29,CEREAL BAGUETTE,20.0,6.866148600664155,7.740198994195282,"(2, 1, 2)(2, 0, 1, 7)",add
2022-05-30,CEREAL BAGUETTE,10.0,5.171324880927768,4.851915364761271,"(2, 1, 2)(2, 0, 1, 7)",add
2022-05-31,CEREAL BAGUETTE,10.0,4.20771179103811,3.491314801977606,"(2, 1, 2)(2, 0, 1, 7)",add
2022-06-01,CEREAL BAGUETTE,10.0,1.9510107638346592,0.052585121977889226,"(2, 1, 2)(2, 0, 1, 7)",add
2022-06-02,CEREAL BAGUETTE,8.0,4.609516009715476,4.939281075633654,"(2, 1, 2)(2, 0, 1, 7)",add
2022-06-03,CEREAL BAGUETTE,9.0,4.541927549623887,4.386703101650824,"(2, 1, 2)(2, 0, 1, 7)",add
2022-06-04,CEREAL BAGUETTE,20.0,5.1707806921669865,4.873730220081637,"(2, 1, 2)(2, 0, 1, 7)",add
2022-06-05,CEREAL BAGUETTE,14.0,6.698455810629719,7.652058551321176,"(2, 1, 2)(2, 0, 1, 7)",add
2022-06-06,CEREAL BAGUETTE,17.0,5.05281533525935,4.763774921887164,"(2, 1, 2)(2, 0, 1, 7)",add
2022-06-07,CEREAL BAGUETTE,10.0,4.117156027251936,3.4031743591034993,"(2, 1, 2)(2, 0, 1, 7)",add
2022-06-08,CEREAL BAGUETTE,4.0,1.9259637486974355,-0.0355553208962176,"(2, 1, 2)(2, 0, 1, 7)",add
2022-06-09,CEREAL BAGUETTE,5.0,4.507244385029703,4.851140632759547,"(2, 1, 2)(2, 0, 1, 7)",add
2022-06-10,CEREAL BAGUETTE,7.0,4.441599517683233,4.298562658776717,"(2, 1, 2)(2, 0, 1, 7)",add
2022-06-11,CEREAL BAGUETTE,0.0,5.052174279205375,4.78558977720753,"(2, 1, 2)(2, 0, 1, 7)",add
2022-06-12,CEREAL BAGUETTE,13.0,6.535471630275438,7.563918108447069,"(2, 1, 2)(2, 0, 1, 7)",add
2022-06-13,CEREAL BAGUETTE,8.0,4.9376079458114726,4.675634479013057,"(2, 1, 2)(2, 0, 1, 7)",add
2022-06-14,CEREAL BAGUETTE,6.0,4.029109371426226,3.3150339162293925,"(2, 1, 2)(2, 0, 1, 7)",add
2022-06-15,CEREAL BAGUETTE,4.0,1.9015397582482558,-0.12369576377032443,"(2, 1, 2)(2, 0, 1, 7)",add
2022-06-16,CEREAL BAGUETTE,8.0,4.40785237042913,4.763000189885441,"(2, 1, 2)(2, 0, 1, 7)",add
2022-06-17,CEREAL BAGUETTE,10.0,4.34410688655997,4.210422215902611,"(2, 1, 2)(2, 0, 1, 7)",add
2022-06-18,CEREAL BAGUETTE,10.0,4.936944643999992,4.697449334333424,"(2, 1, 2)(2, 0, 1, 7)",add
2022-06-19,CEREAL BAGUETTE,20.0,6.377162063393614,7.475777665572962,"(2, 1, 2)(2, 0, 1, 7)",add
2022-06-20,CEREAL BAGUETTE,4.0,4.825695635378364,4.587494036138951,"(2, 1, 2)(2, 0, 1, 7)",add
2022-06-21,CEREAL BAGUETTE,6.0,3.943575859114466,3.2268934733552856,"(2, 1, 2)(2, 0, 1, 7)",add
2022-06-22,CEREAL BAGUETTE,7.0,1.8777872197735892,-0.21183620664443126,"(2, 1, 2)(2, 0, 1, 7)",add
2022-06-23,CEREAL BAGUETTE,5.0,4.311313960479032,4.674859747011334,"(2, 1, 2)(2, 0, 1, 7)",add
2022-06-24,CEREAL BAGUETTE,10.0,4.2494171256620135,4.1222817730285035,"(2, 1, 2)(2, 0, 1, 7)",add
2022-06-25,CEREAL BAGUETTE,9.0,4.825036784553335,4.609308891459317,"(2, 1, 2)(2, 0, 1, 7)",add
2022-06-26,CEREAL BAGUETTE,16.0,6.223428611081365,7.387637222698855,"(2, 1, 2)(2, 0, 1, 7)",add
2022-06-27,CEREAL BAGUETTE,8.0,4.717014929470947,4.499353593264844,"(2, 1, 2)(2, 0, 1, 7)",add
2022-06-28,CEREAL BAGUETTE,0.0,3.8605103851082974,3.138753030481179,"(2, 1, 2)(2, 0, 1, 7)",add
2022-06-29,CEREAL BAGUETTE,0.0,1.8547107474556443,-0.29997664951853764,"(2, 1, 2)(2, 0, 1, 7)",add
2022-06-30,CEREAL BAGUETTE,9.0,4.217567156390816,4.586719304137227,"(2, 1, 2)(2, 0, 1, 7)",add
2022-07-01,CEREAL BAGUETTE,7.0,7.774969573885329,6.845723256697848,"(2, 1, 2)(2, 0, 1, 7)",add
2022-07-02,CEREAL BAGUETTE,8.0,9.078364382321716,8.291690425864505,"(2, 1, 2)(2, 0, 1, 7)",add
2022-07-03,CEREAL BAGUETTE,15.0,12.881751664910654,12.481970341640196,"(2, 1, 2)(2, 0, 1, 7)",add
2022-07-04,CEREAL BAGUETTE,8.0,8.046300068838853,6.272578015479891,"(2, 1, 2)(2, 0, 1, 7)",add
2022-07-05,CEREAL BAGUETTE,8.0,5.287141787769595,4.254713152250156,"(2, 1, 2)(2, 0, 1, 7)",add
2022-07-06,CEREAL BAGUETTE,11.0,3.7771105063982686,3.301243452005214,"(2, 1, 2)(2, 0, 1, 7)",add
2022-07-07,CEREAL BAGUETTE,15.0,8.084276281135097,6.299981069601374,"(2, 1, 2)(2, 0, 1, 7)",add
2022-07-08,CEREAL BAGUETTE,12.0,7.997621349805431,6.798036165080565,"(2, 1, 2)(2, 0, 1, 7)",add
2022-07-09,CEREAL BAGUETTE,19.0,9.685737963555438,8.244003334247221,"(2, 1, 2)(2, 0, 1, 7)",add
2022-07-10,CEREAL BAGUETTE,20.0,12.835951871817665,12.434283250022911,"(2, 1, 2)(2, 0, 1, 7)",add
2022-07-11,CEREAL BAGUETTE,20.0,8.476341460328431,6.224890923862608,"(2, 1, 2)(2, 0, 1, 7)",add
2022-07-12,CEREAL BAGUETTE,19.0,6.562970090158121,4.207026060632874,"(2, 1, 2)(2, 0, 1, 7)",add
2022-07-13,CEREAL BAGUETTE,18.0,4.734613302338381,3.25355636038793,"(2, 1, 2)(2, 0, 1, 7)",add
2022-07-14,CEREAL BAGUETTE,33.0,8.17064469509502,6.25229397798409,"(2, 1, 2)(2, 0, 1, 7)",add
2022-07-15,CEREAL BAGUETTE,9.0,8.240196981967516,6.750349073463281,"(2, 1, 2)(2, 0, 1, 7)",add
2022-07-16,CEREAL BAGUETTE,20.0,9.95731871070191,8.196316242629939,"(2, 1, 2)(2, 0, 1, 7)",add
2022-07-17,CEREAL BAGUETTE,19.0,12.959438342310168,12.386596158405629,"(2, 1, 2)(2, 0, 1, 7)",add
2022-07-18,CEREAL BAGUETTE,20.0,8.663897961786885,6.177203832245325,"(2, 1, 2)(2, 0, 1, 7)",add
2022-07-19,CEREAL BAGUETTE,27.0,6.879037432079525,4.1593389690155895,"(2, 1, 2)(2, 0, 1, 7)",add
2022-07-20,CEREAL BAGUETTE,18.0,4.980110898234571,3.2058692687706465,"(2, 1, 2)(2, 0, 1, 7)",add
2022-07-21,CEREAL BAGUETTE,20.0,8.244309860515642,6.204606886366807,"(2, 1, 2)(2, 0, 1, 7)",add
2022-07-22,CEREAL BAGUETTE,19.0,8.327983598961534,6.702661981845997,"(2, 1, 2)(2, 0, 1, 7)",add
2022-07-23,CEREAL BAGUETTE,20.0,10.036613181778527,8.148629151012655,"(2, 1, 2)(2, 0, 1, 7)",add
2022-07-24,CEREAL BAGUETTE,20.0,12.999202795556315,12.338909066788345,"(2, 1, 2)(2, 0, 1, 7)",add
2022-07-25,CEREAL BAGUETTE,20.0,8.713514111152483,6.12951674062804,"(2, 1, 2)(2, 0, 1, 7)",add
2022-07-26,CEREAL BAGUETTE,16.0,6.947087001146288,4.111651877398305,"(2, 1, 2)(2, 0, 1, 7)",add
2022-07-27,CEREAL BAGUETTE,19.0,5.033199862445671,3.158182177153363,"(2, 1, 2)(2, 0, 1, 7)",add
2022-07-28,CEREAL BAGUETTE,20.0,8.257855578629787,6.156919794749523,"(2, 1, 2)(2, 0, 1, 7)",add
2022-07-29,CEREAL BAGUETTE,17.0,8.3398576303939,6.654974890228714,"(2, 1, 2)(2, 0, 1, 7)",add
2022-07-30,CEREAL BAGUETTE,20.0,10.041032121581718,8.10094205939537,"(2, 1, 2)(2, 0, 1, 7)",add
2022-07-31,CEREAL BAGUETTE,10.0,12.989388830040628,12.291221975171062,"(2, 1, 2)(2, 0, 1, 7)",add
2022-08-01,CEREAL BAGUETTE,19.0,8.709510377073183,6.081829649010757,"(2, 1, 2)(2, 0, 1, 7)",add
2022-08-02,CEREAL BAGUETTE,20.0,6.9469261606422705,4.063964785781023,"(2, 1, 2)(2, 0, 1, 7)",add
2022-08-03,CEREAL BAGUETTE,18.0,5.031620096151439,3.110495085536079,"(2, 1, 2)(2, 0, 1, 7)",add
2022-08-04,CEREAL BAGUETTE,20.0,8.243038378324002,6.109232703132239,"(2, 1, 2)(2, 0, 1, 7)",add
2022-08-05,CEREAL BAGUETTE,18.0,8.323387405284048,6.60728779861143,"(2, 1, 2)(2, 0, 1, 7)",add
2022-08-06,CEREAL BAGUETTE,19.0,10.01963260014477,8.053254967778088,"(2, 1, 2)(2, 0, 1, 7)",add
2022-08-07,CEREAL BAGUETTE,19.0,12.960147262004687,12.243534883553778,"(2, 1, 2)(2, 0, 1, 7)",add
2022-08-08,CEREAL BAGUETTE,21.0,8.687037970758976,6.034142557393474,"(2, 1, 2)(2, 0, 1, 7)",add
2022-08-09,CEREAL BAGUETTE,17.0,6.927168377778228,4.016277694163739,"(2, 1, 2)(2, 0, 1, 7)",add
2022-08-10,CEREAL BAGUETTE,19.0,5.013992743236189,3.0628079939187955,"(2, 1, 2)(2, 0, 1, 7)",add
2022-08-11,CEREAL BAGUETTE,20.0,8.217774228251196,6.061545611514956,"(2, 1, 2)(2, 0, 1, 7)",add
2022-08-12,CEREAL BAGUETTE,20.0,8.29733057096429,6.559600706994146,"(2, 1, 2)(2, 0, 1, 7)",add
2022-08-13,CEREAL BAGUETTE,20.0,9.989815579086963,8.005567876160804,"(2, 1, 2)(2, 0, 1, 7)",add
2022-08-14,CEREAL BAGUETTE,20.0,12.924221754257475,12.195847791936494,"(2, 1, 2)(2, 0, 1, 7)",add
2022-08-15,CEREAL BAGUETTE,20.0,8.658555002508592,5.9864554657761895,"(2, 1, 2)(2, 0, 1, 7)",add
2022-08-16,CEREAL BAGUETTE,20.0,6.901637232563296,3.968590602546455,"(2, 1, 2)(2, 0, 1, 7)",add
2022-08-17,CEREAL BAGUETTE,16.0,4.991575322377724,3.015120902301512,"(2, 1, 2)(2, 0, 1, 7)",add
2022-08-18,CEREAL BAGUETTE,19.0,8.189017488340808,6.013858519897672,"(2, 1, 2)(2, 0, 1, 7)",add
2022-08-19,CEREAL BAGUETTE,13.0,8.268196439120532,6.511913615376863,"(2, 1, 2)(2, 0, 1, 7)",add
2022-08-20,CEREAL BAGUETTE,8.0,9.957353903439474,7.957880784543519,"(2, 1, 2)(2, 0, 1, 7)",add
2022-08-21,CEREAL BAGUETTE,17.0,12.886151355582577,12.14816070031921,"(2, 1, 2)(2, 0, 1, 7)",add
2022-08-22,CEREAL BAGUETTE,20.0,8.628192922341007,5.938768374158906,"(2, 1, 2)(2, 0, 1, 7)",add
2022-08-23,CEREAL BAGUETTE,13.0,6.8743991169809044,3.9209035109291714,"(2, 1, 2)(2, 0, 1, 7)",add
2022-08-24,CEREAL BAGUETTE,10.0,4.967731563473091,2.967433810684228,"(2, 1, 2)(2, 0, 1, 7)",add
2022-08-25,CEREAL BAGUETTE,14.0,8.159166339720738,5.966171428280388,"(2, 1, 2)(2, 0, 1, 7)",add
2022-08-26,CEREAL BAGUETTE,11.0,8.238122560032098,6.464226523759579,"(2, 1, 2)(2, 0, 1, 7)",add
2022-08-27,CEREAL BAGUETTE,12.0,9.924102007774028,7.910193692926237,"(2, 1, 2)(2, 0, 1, 7)",add
2022-08-28,CEREAL BAGUETTE,20.0,12.847444707451215,12.100473608701927,"(2, 1, 2)(2, 0, 1, 7)",add
2022-08-29,CEREAL BAGUETTE,10.0,8.59727862193715,5.891081282541623,"(2, 1, 2)(2, 0, 1, 7)",add
2022-08-30,CEREAL BAGUETTE,10.0,6.846675869486109,3.873216419311888,"(2, 1, 2)(2, 0, 1, 7)",add
2022-08-31,CEREAL BAGUETTE,1.0,4.943481731765203,2.9197467190669446,"(2, 1, 2)(2, 0, 1, 7)",add
2022-09-01,CEREAL BAGUETTE,0.0,8.129005918185051,5.918484336663105,"(2, 1, 2)(2, 0, 1, 7)",add
2022-09-02,CEREAL BAGUETTE,10.0,8.207791988203963,6.4165394321422955,"(2, 1, 2)(2, 0, 1, 7)",add
2022-09-03,CEREAL BAGUETTE,8.0,9.890645689490125,7.862506601308953,"(2, 1, 2)(2, 0, 1, 7)",add
2022-09-04,CEREAL BAGUETTE,10.0,12.80858683206021,12.052786517084643,"(2, 1, 2)(2, 0, 1, 7)",add
2022-09-05,CEREAL BAGUETTE,8.0,8.56623119393453,5.8433941909243385,"(2, 1, 2)(2, 0, 1, 7)",add
2022-09-06,CEREAL BAGUETTE,9.0,6.818839281203086,3.825529327694604,"(2, 1, 2)(2, 0, 1, 7)",add
2022-09-07,CEREAL BAGUETTE,7.0,4.919137994133688,2.8720596274496613,"(2, 1, 2)(2, 0, 1, 7)",add
2022-09-08,CEREAL BAGUETTE,4.0,8.098786685230111,5.8707972450458215,"(2, 1, 2)(2, 0, 1, 7)",add
2022-09-09,CEREAL BAGUETTE,8.0,8.177419854873625,6.368852340525012,"(2, 1, 2)(2, 0, 1, 7)",add
2022-09-10,CEREAL BAGUETTE,9.0,9.857168289096137,7.814819509691668,"(2, 1, 2)(2, 0, 1, 7)",add
2022-09-11,CEREAL BAGUETTE,8.0,12.769730951040973,12.00509942546736,"(2, 1, 2)(2, 0, 1, 7)",add
2022-09-12,CEREAL BAGUETTE,8.0,8.535181780396819,5.795707099307055,"(2, 1, 2)(2, 0, 1, 7)",add
2022-09-13,CEREAL BAGUETTE,9.0,6.791003282562301,3.7778422360773205,"(2, 1, 2)(2, 0, 1, 7)",add
2022-09-14,CEREAL BAGUETTE,6.0,4.894796311319268,2.824372535832377,"(2, 1, 2)(2, 0, 1, 7)",add
2022-09-15,CEREAL BAGUETTE,4.0,8.068587415631374,5.823110153428537,"(2, 1, 2)(2, 0, 1, 7)",add
2022-09-16,CEREAL BAGUETTE,5.0,8.147073346967273,6.321165248907729,"(2, 1, 2)(2, 0, 1, 7)",add
2022-09-17,CEREAL BAGUETTE,5.0,9.823726852022883,7.767132418074386,"(2, 1, 2)(2, 0, 1, 7)",add
2022-09-18,CEREAL BAGUETTE,8.0,12.730924962206856,11.957412333850076,"(2, 1, 2)(2, 0, 1, 7)",add
2022-09-19,CEREAL BAGUETTE,0.0,8.504171167635864,5.748020007689772,"(2, 1, 2)(2, 0, 1, 7)",add
2022-09-20,CEREAL BAGUETTE,11.0,6.763202890151881,3.730155144460037,"(2, 1, 2)(2, 0, 1, 7)",add
2022-09-21,CEREAL BAGUETTE,4.0,4.87048622818363,2.7766854442150937,"(2, 1, 2)(2, 0, 1, 7)",add
2022-09-22,CEREAL BAGUETTE,6.0,8.038432655681252,5.775423061811254,"(2, 1, 2)(2, 0, 1, 7)",add
2022-09-23,CEREAL BAGUETTE,8.0,8.116773309579742,6.273478157290445,"(2, 1, 2)(2, 0, 1, 7)",add
2022-09-24,CEREAL BAGUETTE,7.0,9.79033902530292,7.719445326457102,"(2, 1, 2)(2, 0, 1, 7)",add
2022-09-25,CEREAL BAGUETTE,10.0,12.69218370077072,11.909725242232792,"(2, 1, 2)(2, 0, 1, 7)",add
2022-09-26,CEREAL BAGUETTE,8.0,8.47321195609124,5.700332916072488,"(2, 1, 2)(2, 0, 1, 7)",add
2022-09-27,CEREAL BAGUETTE,10.0,6.73544884742962,3.682468052842753,"(2, 1, 2)(2, 0, 1, 7)",add
2022-09-28,CEREAL BAGUETTE,3.0,4.846216816739819,2.7289983525978103,"(2, 1, 2)(2, 0, 1, 7)",add
2022-09-29,CEREAL BAGUETTE,0.0,8.008329974517938,5.7277359701939705,"(2, 1, 2)(2, 0, 1, 7)",add
2022-09-30,CEREAL BAGUETTE,14.0,8.08652614582762,6.225791065673161,"(2, 1, 2)(2, 0, 1, 7)",add
2021-01-02,COOKIE,8.0,0.0,4.670820461895399,"(2, 1, 1)(1, 0, 1, 7)",add
2021-01-03,COOKIE,2.0,7.999920033135191,5.1821965862186845,"(2, 1, 1)(1, 0, 1, 7)",add
2021-01-04,COOKIE,2.0,5.02317563547318,3.5247886455854243,"(2, 1, 1)(1, 0, 1, 7)",add
2021-01-05,COOKIE,6.0,3.317504076247689,4.099001131789747,"(2, 1, 1)(1, 0, 1, 7)",add
2021-01-06,COOKIE,0.0,4.474977634683143,1.8304909366612847,"(2, 1, 1)(1, 0, 1, 7)",add
2021-01-07,COOKIE,3.0,3.664386654634524,3.587089845011324,"(2, 1, 1)(1, 0, 1, 7)",add
2021-01-08,COOKIE,5.0,2.8871445235512168,4.713215370398264,"(2, 1, 1)(1, 0, 1, 7)",add
2021-01-09,COOKIE,2.0,4.969236608345068,4.404402723693747,"(2, 1, 1)(1, 0, 1, 7)",add
2021-01-10,COOKIE,4.0,2.8491234462611716,4.008608964071667,"(2, 1, 1)(1, 0, 1, 7)",add
2021-01-11,COOKIE,7.0,2.8476173503723974,2.8533274399469155,"(2, 1, 1)(1, 0, 1, 7)",add
2021-01-12,COOKIE,6.0,5.379149372797865,4.324880989520929,"(2, 1, 1)(1, 0, 1, 7)",add
2021-01-13,COOKIE,0.0,4.001596099314038,2.0206319848721304,"(2, 1, 1)(1, 0, 1, 7)",add
2021-01-14,COOKIE,3.0,3.501643599922067,3.747146693717796,"(2, 1, 1)(1, 0, 1, 7)",add
2021-01-15,COOKIE,2.0,3.5194175529398315,4.8479479547555275,"(2, 1, 1)(1, 0, 1, 7)",add
2021-01-16,COOKIE,7.0,3.3191930709703232,4.043156552553188,"(2, 1, 1)(1, 0, 1, 7)",add
2021-01-17,COOKIE,10.0,3.829001427078422,4.495621498362265,"(2, 1, 1)(1, 0, 1, 7)",add
2021-01-18,COOKIE,6.0,6.332316234747248,4.212607253418612,"(2, 1, 1)(1, 0, 1, 7)",add
2021-01-19,COOKIE,8.0,6.384433138157044,5.310874522818027,"(2, 1, 1)(1, 0, 1, 7)",add
2021-01-20,COOKIE,0.0,3.7359395398173794,3.167062063197572,"(2, 1, 1)(1, 0, 1, 7)",add
2021-01-21,COOKIE,3.0,3.981894560889738,4.712188105478652,"(2, 1, 1)(1, 0, 1, 7)",add
2021-01-22,COOKIE,4.0,3.19957741859342,5.660300093818135,"(2, 1, 1)(1, 0, 1, 7)",add
2021-01-23,COOKIE,3.0,4.7653808258477115,5.043418853706434,"(2, 1, 1)(1, 0, 1, 7)",add
2021-01-24,COOKIE,7.0,5.046296289995658,4.704740119297201,"(2, 1, 1)(1, 0, 1, 7)",add
2021-01-25,COOKIE,0.0,4.815002530453057,3.913977727733715,"(2, 1, 1)(1, 0, 1, 7)",add
2021-01-26,COOKIE,9.0,4.718025893061124,4.110171676240073,"(2, 1, 1)(1, 0, 1, 7)",add
2021-01-27,COOKIE,0.0,2.3319836930010345,2.3145553799902965,"(2, 1, 1)(1, 0, 1, 7)",add
2021-01-28,COOKIE,6.0,3.9153480265957326,3.994565401179394,"(2, 1, 1)(1, 0, 1, 7)",add
2021-01-29,COOKIE,3.0,3.93490475256871,5.530881273795932,"(2, 1, 1)(1, 0, 1, 7)",add
2021-01-30,COOKIE,1.0,4.481604929528819,4.776256300020982,"(2, 1, 1)(1, 0, 1, 7)",add
2021-01-31,COOKIE,4.0,4.5119847566199365,4.163407269749228,"(2, 1, 1)(1, 0, 1, 7)",add
2021-02-01,COOKIE,5.0,2.5775112005462253,2.983633490244782,"(2, 1, 1)(1, 0, 1, 7)",add
2021-02-02,COOKIE,4.0,5.789915593153129,4.11812908823188,"(2, 1, 1)(1, 0, 1, 7)",add
2021-02-03,COOKIE,0.0,2.251881364805762,1.530151587973669,"(2, 1, 1)(1, 0, 1, 7)",add
2021-02-04,COOKIE,1.0,3.402800383368285,3.3342703189498715,"(2, 1, 1)(1, 0, 1, 7)",add
2021-02-05,COOKIE,6.0,2.4840793710707567,4.183956188393459,"(2, 1, 1)(1, 0, 1, 7)",add
2021-02-06,COOKIE,1.0,3.1146209515727508,4.117103595860478,"(2, 1, 1)(1, 0, 1, 7)",add
2021-02-07,COOKIE,1.0,4.453142723583179,3.6085459936754303,"(2, 1, 1)(1, 0, 1, 7)",add
2021-02-08,COOKIE,3.0,2.576181596055581,2.041901299770129,"(2, 1, 1)(1, 0, 1, 7)",add
2021-02-09,COOKIE,2.0,3.748597680447266,3.008957303780056,"(2, 1, 1)(1, 0, 1, 7)",add
2021-02-10,COOKIE,0.0,1.2662800599288795,0.28003257506773993,"(2, 1, 1)(1, 0, 1, 7)",add
2021-02-11,COOKIE,1.0,2.1514966623797327,2.281945681021666,"(2, 1, 1)(1, 0, 1, 7)",add
2021-02-12,COOKIE,1.0,3.0131939352480765,3.2981308132425102,"(2, 1, 1)(1, 0, 1, 7)",add
2021-02-13,COOKIE,1.0,1.5045324220221548,2.580331718760388,"(2, 1, 1)(1, 0, 1, 7)",add
2021-02-14,COOKIE,10.0,2.1637360384676323,2.314922832638607,"(2, 1, 1)(1, 0, 1, 7)",add
2021-02-15,COOKIE,4.0,4.254950748699779,2.3769396808537806,"(2, 1, 1)(1, 0, 1, 7)",add
2021-02-16,COOKIE,0.0,4.928085687596863,3.4492062019743943,"(2, 1, 1)(1, 0, 1, 7)",add
2021-02-17,COOKIE,0.0,1.1844385511789461,0.33418422921932445,"(2, 1, 1)(1, 0, 1, 7)",add
2021-02-18,COOKIE,4.0,1.4777209248143657,2.3275294368560937,"(2, 1, 1)(1, 0, 1, 7)",add
2021-02-19,COOKIE,8.0,2.8522618472504133,3.8111635946544213,"(2, 1, 1)(1, 0, 1, 7)",add
2021-02-20,COOKIE,4.0,3.627747666276491,4.119735280278308,"(2, 1, 1)(1, 0, 1, 7)",add
2021-02-21,COOKIE,6.0,5.993202054992406,4.085422599127206,"(2, 1, 1)(1, 0, 1, 7)",add
2021-02-22,COOKIE,2.0,4.052966544427587,3.2344284597176367,"(2, 1, 1)(1, 0, 1, 7)",add
2021-02-23,COOKIE,8.0,2.6754613537399994,3.854581861058217,"(2, 1, 1)(1, 0, 1, 7)",add
2021-02-24,COOKIE,0.0,2.71397017110694,1.9411846609800172,"(2, 1, 1)(1, 0, 1, 7)",add
2021-02-25,COOKIE,2.0,3.8742193246218433,3.6802695600321056,"(2, 1, 1)(1, 0, 1, 7)",add
2021-02-26,COOKIE,11.0,3.7211247846404674,4.633431714541066,"(2, 1, 1)(1, 0, 1, 7)",add
2021-02-27,COOKIE,0.0,4.310098647249842,5.2865650872117005,"(2, 1, 1)(1, 0, 1, 7)",add
2021-02-28,COOKIE,9.0,5.447432079143516,4.434754342493778,"(2, 1, 1)(1, 0, 1, 7)",add
2021-03-01,COOKIE,3.0,3.580514686253207,4.0031500897121886,"(2, 1, 1)(1, 0, 1, 7)",add
2021-03-02,COOKIE,6.0,5.067712208517126,4.659896455537614,"(2, 1, 1)(1, 0, 1, 7)",add
2021-03-03,COOKIE,0.0,2.4578152283228563,2.3026411578682744,"(2, 1, 1)(1, 0, 1, 7)",add
2021-03-04,COOKIE,5.0,3.1505729026516356,3.9845362524732963,"(2, 1, 1)(1, 0, 1, 7)",add
2021-03-05,COOKIE,9.0,5.743037522405068,5.364218505605337,"(2, 1, 1)(1, 0, 1, 7)",add
2021-03-06,COOKIE,6.0,3.807586430658395,5.585285602217642,"(2, 1, 1)(1, 0, 1, 7)",add
2021-03-07,COOKIE,5.0,6.929133606996864,5.635533782022752,"(2, 1, 1)(1, 0, 1, 7)",add
2021-03-08,COOKIE,5.0,4.125108533278462,4.381059940011072,"(2, 1, 1)(1, 0, 1, 7)",add
2021-03-09,COOKIE,6.0,4.967613539289482,5.294454116169254,"(2, 1, 1)(1, 0, 1, 7)",add
2021-03-10,COOKIE,0.0,2.948988498032876,2.8367988289179573,"(2, 1, 1)(1, 0, 1, 7)",add
2021-03-11,COOKIE,4.0,3.827803005225827,4.4341792640432915,"(2, 1, 1)(1, 0, 1, 7)",add
2021-03-12,COOKIE,7.0,5.732033344188181,5.584498368183782,"(2, 1, 1)(1, 0, 1, 7)",add
2021-03-13,COOKIE,2.0,4.199231427718573,5.45427181742287,"(2, 1, 1)(1, 0, 1, 7)",add
2021-03-14,COOKIE,5.0,4.927317530881494,4.892367312296749,"(2, 1, 1)(1, 0, 1, 7)",add
2021-03-15,COOKIE,11.0,3.7113135764354777,3.7554775929696484,"(2, 1, 1)(1, 0, 1, 7)",add
2021-03-16,COOKIE,3.0,6.324333984602211,5.717174295261085,"(2, 1, 1)(1, 0, 1, 7)",add
2021-03-17,COOKIE,0.0,3.42131784886731,2.7179747297786943,"(2, 1, 1)(1, 0, 1, 7)",add
2021-03-18,COOKIE,3.0,3.3137504867778715,4.334155565649001,"(2, 1, 1)(1, 0, 1, 7)",add
2021-03-19,COOKIE,6.0,5.163970615378915,5.342080027172966,"(2, 1, 1)(1, 0, 1, 7)",add
2021-03-20,COOKIE,4.0,3.481564544674069,5.091988576200647,"(2, 1, 1)(1, 0, 1, 7)",add
2021-03-21,COOKIE,2.0,4.995292935021484,4.903845554896594,"(2, 1, 1)(1, 0, 1, 7)",add
2021-03-22,COOKIE,8.0,5.17165572529882,3.290478435734225,"(2, 1, 1)(1, 0, 1, 7)",add
2021-03-23,COOKIE,6.0,4.211022644485645,4.851086200023603,"(2, 1, 1)(1, 0, 1, 7)",add
2021-03-24,COOKIE,0.0,3.199041150690072,2.463580777668253,"(2, 1, 1)(1, 0, 1, 7)",add
2021-03-25,COOKIE,5.0,3.756504740496049,4.120011935496973,"(2, 1, 1)(1, 0, 1, 7)",add
2021-03-26,COOKIE,6.0,5.186188790916443,5.478259167025703,"(2, 1, 1)(1, 0, 1, 7)",add
2021-03-27,COOKIE,3.0,4.243213935800146,5.206621393204038,"(2, 1, 1)(1, 0, 1, 7)",add
2021-03-28,COOKIE,3.0,4.01146635894566,4.842120681877848,"(2, 1, 1)(1, 0, 1, 7)",add
2021-03-29,COOKIE,3.0,5.409480450799059,3.396740134785037,"(2, 1, 1)(1, 0, 1, 7)",add
2021-03-30,COOKIE,2.0,3.861176855842869,4.149432947930122,"(2, 1, 1)(1, 0, 1, 7)",add
2021-03-31,COOKIE,0.0,1.2293081320740535,1.2400616658231707,"(2, 1, 1)(1, 0, 1, 7)",add
2021-04-01,COOKIE,3.0,3.1049141231031703,3.0900785506925113,"(2, 1, 1)(1, 0, 1, 7)",add
2021-04-02,COOKIE,9.0,4.3224575784551655,4.29484141964576,"(2, 1, 1)(1, 0, 1, 7)",add
2021-04-03,COOKIE,8.0,4.168355994418449,4.6851058247936725,"(2, 1, 1)(1, 0, 1, 7)",add
2021-04-04,COOKIE,2.0,5.3756217639239345,5.194221712774159,"(2, 1, 1)(1, 0, 1, 7)",add
2021-04-05,COOKIE,3.0,5.119224021383946,3.5349111513771847,"(2, 1, 1)(1, 0, 1, 7)",add
2021-04-06,COOKIE,3.0,3.1841990585872066,4.265742486067229,"(2, 1, 1)(1, 0, 1, 7)",add
2021-04-07,COOKIE,0.0,1.7740157399089536,1.4961890939159268,"(2, 1, 1)(1, 0, 1, 7)",add
2021-04-08,COOKIE,3.0,3.1781463344335994,3.3056813855015474,"(2, 1, 1)(1, 0, 1, 7)",add
2021-04-09,COOKIE,3.0,4.967947054884522,4.476331479979549,"(2, 1, 1)(1, 0, 1, 7)",add
2021-04-10,COOKIE,10.0,3.9175224670629682,3.888557834116124,"(2, 1, 1)(1, 0, 1, 7)",add
2021-04-11,COOKIE,3.0,3.9110219424491888,4.840144763814058,"(2, 1, 1)(1, 0, 1, 7)",add
2021-04-12,COOKIE,8.0,4.960161262899069,3.3950768473383315,"(2, 1, 1)(1, 0, 1, 7)",add
2021-04-13,COOKIE,5.0,4.410906379218314,4.939135005363577,"(2, 1, 1)(1, 0, 1, 7)",add
2021-04-14,COOKIE,8.0,3.3265267081362797,2.379478026895807,"(2, 1, 1)(1, 0, 1, 7)",add
2021-04-15,COOKIE,9.0,5.242974222043355,5.31497944470549,"(2, 1, 1)(1, 0, 1, 7)",add
2021-04-16,COOKIE,6.0,7.000843184160432,7.117040139256927,"(2, 1, 1)(1, 0, 1, 7)",add
2021-04-17,COOKIE,8.0,7.294933127175728,6.586113725888548,"(2, 1, 1)(1, 0, 1, 7)",add
2021-04-18,COOKIE,6.0,4.586610229580511,6.79445131536869,"(2, 1, 1)(1, 0, 1, 7)",add
2021-04-19,COOKIE,5.0,6.260217697025261,5.514833471980618,"(2, 1, 1)(1, 0, 1, 7)",add
2021-04-20,COOKIE,4.0,4.968803905985744,6.248841505853899,"(2, 1, 1)(1, 0, 1, 7)",add
2021-04-21,COOKIE,6.0,4.420312307082727,3.3237417583936653,"(2, 1, 1)(1, 0, 1, 7)",add
2021-04-22,COOKIE,11.0,5.7453951719803555,5.7934004856042405,"(2, 1, 1)(1, 0, 1, 7)",add
2021-04-23,COOKIE,3.0,6.798064993933764,7.836206066112655,"(2, 1, 1)(1, 0, 1, 7)",add
2021-04-24,COOKIE,6.0,7.018614648754034,6.716831599121856,"(2, 1, 1)(1, 0, 1, 7)",add
2021-04-25,COOKIE,4.0,4.399259961788497,6.58804607821078,"(2, 1, 1)(1, 0, 1, 7)",add
2021-04-26,COOKIE,10.0,5.151086635104775,5.024644889863403,"(2, 1, 1)(1, 0, 1, 7)",add
2021-04-27,COOKIE,5.0,5.563413624905666,6.6273129536209145,"(2, 1, 1)(1, 0, 1, 7)",add
2021-04-28,COOKIE,8.0,6.2004258591262085,3.8005517245341975,"(2, 1, 1)(1, 0, 1, 7)",add
2021-04-29,COOKIE,5.0,7.495658832788703,6.511210242652042,"(2, 1, 1)(1, 0, 1, 7)",add
2021-04-30,COOKIE,7.0,5.193047405339065,7.491121036026689,"(2, 1, 1)(1, 0, 1, 7)",add
2021-05-01,COOKIE,5.0,6.258889883386425,7.059227815923851,"(2, 1, 1)(1, 0, 1, 7)",add
2021-05-02,COOKIE,7.0,5.17007153021366,6.718047780623615,"(2, 1, 1)(1, 0, 1, 7)",add
2021-05-03,COOKIE,7.0,6.791176427090477,5.608738973559858,"(2, 1, 1)(1, 0, 1, 7)",add
2021-05-04,COOKIE,6.0,5.679795713888344,6.644330109578936,"(2, 1, 1)(1, 0, 1, 7)",add
2021-05-05,COOKIE,6.0,6.352349280195081,3.9730968544242007,"(2, 1, 1)(1, 0, 1, 7)",add
2021-05-06,COOKIE,3.0,6.375979092378779,6.340014335375829,"(2, 1, 1)(1, 0, 1, 7)",add
2021-05-07,COOKIE,7.0,5.062936185563181,7.030570948274362,"(2, 1, 1)(1, 0, 1, 7)",add
2021-05-08,COOKIE,8.0,5.480621037134252,6.671546163746436,"(2, 1, 1)(1, 0, 1, 7)",add
2021-05-09,COOKIE,8.0,6.391336565742351,6.8663665956803985,"(2, 1, 1)(1, 0, 1, 7)",add
2021-05-10,COOKIE,6.0,7.409053970526514,5.891811156829599,"(2, 1, 1)(1, 0, 1, 7)",add
2021-05-11,COOKIE,5.0,5.972783167025195,6.724394052896216,"(2, 1, 1)(1, 0, 1, 7)",add
2021-05-12,COOKIE,5.0,5.851298918919607,3.8822726099777993,"(2, 1, 1)(1, 0, 1, 7)",add
2021-05-13,COOKIE,3.0,5.12302002178966,6.105339906700483,"(2, 1, 1)(1, 0, 1, 7)",add
2021-05-14,COOKIE,8.0,5.368325608861519,6.833026809966488,"(2, 1, 1)(1, 0, 1, 7)",add
2021-05-15,COOKIE,9.0,6.258136334340266,6.6634779808471905,"(2, 1, 1)(1, 0, 1, 7)",add
2021-05-16,COOKIE,8.0,7.200580005859395,7.0177953999583975,"(2, 1, 1)(1, 0, 1, 7)",add
2021-05-17,COOKIE,0.0,7.1376644503403295,6.019280829707646,"(2, 1, 1)(1, 0, 1, 7)",add
2021-05-18,COOKIE,0.0,4.639873970763551,5.882372804006264,"(2, 1, 1)(1, 0, 1, 7)",add
2021-05-19,COOKIE,0.0,3.3617740502775515,2.382374151193469,"(2, 1, 1)(1, 0, 1, 7)",add
2021-05-20,COOKIE,0.0,2.5828223517338564,4.051653856849882,"(2, 1, 1)(1, 0, 1, 7)",add
2021-05-21,COOKIE,5.0,4.006175558030028,4.62961455455454,"(2, 1, 1)(1, 0, 1, 7)",add
2021-05-22,COOKIE,5.0,5.165611148458389,4.334029265362968,"(2, 1, 1)(1, 0, 1, 7)",add
2021-05-23,COOKIE,12.0,5.4880120010554005,4.424031332273468,"(2, 1, 1)(1, 0, 1, 7)",add
2021-05-24,COOKIE,9.0,5.130698728567494,4.468784986130954,"(2, 1, 1)(1, 0, 1, 7)",add
2021-05-25,COOKIE,5.0,6.0427076769457715,6.001181010317144,"(2, 1, 1)(1, 0, 1, 7)",add
2021-05-26,COOKIE,2.0,5.249737805234511,3.273486650145152,"(2, 1, 1)(1, 0, 1, 7)",add
2021-05-27,COOKIE,4.0,3.5544665641432536,5.1182150194296945,"(2, 1, 1)(1, 0, 1, 7)",add
2021-05-28,COOKIE,12.0,5.232712371490227,6.160305688275401,"(2, 1, 1)(1, 0, 1, 7)",add
2021-05-29,COOKIE,10.0,7.171473127647604,6.73007683122955,"(2, 1, 1)(1, 0, 1, 7)",add
2021-05-30,COOKIE,6.0,9.437518586972457,7.232077386975045,"(2, 1, 1)(1, 0, 1, 7)",add
2021-05-31,COOKIE,3.0,6.412979450464832,5.883218155836118,"(2, 1, 1)(1, 0, 1, 7)",add
2021-06-01,COOKIE,2.0,3.999942426044878,6.242499332975109,"(2, 1, 1)(1, 0, 1, 7)",add
2021-06-02,COOKIE,4.0,3.0621331109289023,3.0019621753452252,"(2, 1, 1)(1, 0, 1, 7)",add
2021-06-03,COOKIE,4.0,3.824119922045801,5.206092136879178,"(2, 1, 1)(1, 0, 1, 7)",add
2021-06-04,COOKIE,3.0,6.925023659593814,6.234278849908422,"(2, 1, 1)(1, 0, 1, 7)",add
2021-06-05,COOKIE,5.0,5.738779529717821,5.36836200512624,"(2, 1, 1)(1, 0, 1, 7)",add
2021-06-06,COOKIE,15.0,5.276776743805626,5.294711495227344,"(2, 1, 1)(1, 0, 1, 7)",add
2021-06-07,COOKIE,5.0,6.409248480045671,5.6763670615813,"(2, 1, 1)(1, 0, 1, 7)",add
2021-06-08,COOKIE,9.0,5.964490899589574,6.384817180517582,"(2, 1, 1)(1, 0, 1, 7)",add
2021-06-09,COOKIE,1.0,5.489217310191826,4.22930548137442,"(2, 1, 1)(1, 0, 1, 7)",add
2021-06-10,COOKIE,7.0,4.889745073703195,5.764583342908174,"(2, 1, 1)(1, 0, 1, 7)",add
2021-06-11,COOKIE,3.0,5.613735843015182,7.179066641238972,"(2, 1, 1)(1, 0, 1, 7)",add
2021-06-12,COOKIE,2.0,5.9594565577946295,6.163665060408806,"(2, 1, 1)(1, 0, 1, 7)",add
2021-06-13,COOKIE,11.0,6.790954491091129,5.4895200472500445,"(2, 1, 1)(1, 0, 1, 7)",add
2021-06-14,COOKIE,2.0,4.997797259241773,5.207471176560154,"(2, 1, 1)(1, 0, 1, 7)",add
2021-06-15,COOKIE,11.0,5.5914643260458,5.515448899462684,"(2, 1, 1)(1, 0, 1, 7)",add
2021-06-16,COOKIE,10.0,4.4688836781521095,3.8139299001128704,"(2, 1, 1)(1, 0, 1, 7)",add
2021-06-17,COOKIE,6.0,7.723924044417789,6.838912588987159,"(2, 1, 1)(1, 0, 1, 7)",add
2021-06-18,COOKIE,11.0,6.500766056868611,7.925194610087179,"(2, 1, 1)(1, 0, 1, 7)",add
2021-06-19,COOKIE,2.0,6.531822370391676,8.057503822995676,"(2, 1, 1)(1, 0, 1, 7)",add
2021-06-20,COOKIE,9.0,8.817206517142353,7.083714815555353,"(2, 1, 1)(1, 0, 1, 7)",add
2021-06-21,COOKIE,8.0,4.463294030954839,6.2329908824067095,"(2, 1, 1)(1, 0, 1, 7)",add
2021-06-22,COOKIE,10.0,7.985500258390436,7.328033045145196,"(2, 1, 1)(1, 0, 1, 7)",add
2021-06-23,COOKIE,8.0,7.39491986196861,5.181505756645085,"(2, 1, 1)(1, 0, 1, 7)",add
2021-06-24,COOKIE,9.0,7.010222216294451,7.673669126033523,"(2, 1, 1)(1, 0, 1, 7)",add
2021-06-25,COOKIE,5.0,8.058682524036243,9.10253691137529,"(2, 1, 1)(1, 0, 1, 7)",add
2021-06-26,COOKIE,7.0,5.264252049193383,8.099243897752988,"(2, 1, 1)(1, 0, 1, 7)",add
2021-06-27,COOKIE,11.0,8.19064418891906,7.909952936311322,"(2, 1, 1)(1, 0, 1, 7)",add
2021-06-28,COOKIE,1.0,7.271098413964161,7.244942119178796,"(2, 1, 1)(1, 0, 1, 7)",add
2021-06-29,COOKIE,4.0,7.353837993810113,7.072329865922424,"(2, 1, 1)(1, 0, 1, 7)",add
2021-06-30,COOKIE,2.0,5.050485952254731,4.0169374312863,"(2, 1, 1)(1, 0, 1, 7)",add
2021-07-01,COOKIE,6.0,5.145724934478667,5.7440366940102665,"(2, 1, 1)(1, 0, 1, 7)",add
2021-07-02,COOKIE,3.0,5.246992098613736,7.003550456320054,"(2, 1, 1)(1, 0, 1, 7)",add
2021-07-03,COOKIE,9.0,4.853834741547976,6.015919122751238,"(2, 1, 1)(1, 0, 1, 7)",add
2021-07-04,COOKIE,7.0,8.081096190392303,6.472693586572647,"(2, 1, 1)(1, 0, 1, 7)",add
2021-07-05,COOKIE,10.0,5.301387514215319,5.4022048270079415,"(2, 1, 1)(1, 0, 1, 7)",add
2021-07-06,COOKIE,11.0,7.1858701841938215,6.945135192983752,"(2, 1, 1)(1, 0, 1, 7)",add
2021-07-07,COOKIE,4.0,7.446186709111702,5.017410605268492,"(2, 1, 1)(1, 0, 1, 7)",add
2021-07-08,COOKIE,10.0,7.123480871982831,6.902655437961913,"(2, 1, 1)(1, 0, 1, 7)",add
2021-07-09,COOKIE,8.0,6.136916546428641,8.6117337807728,"(2, 1, 1)(1, 0, 1, 7)",add
2021-07-10,COOKIE,7.0,7.973406599797021,8.16075715963765,"(2, 1, 1)(1, 0, 1, 7)",add
2021-07-11,COOKIE,5.0,8.11566160881409,7.961733543095382,"(2, 1, 1)(1, 0, 1, 7)",add
2021-07-12,COOKIE,15.0,6.2502238016910585,6.3392073612147515,"(2, 1, 1)(1, 0, 1, 7)",add
2021-07-13,COOKIE,11.0,8.909393578041156,8.524986956732764,"(2, 1, 1)(1, 0, 1, 7)",add
2021-07-14,COOKIE,5.0,8.09607968768325,6.347297534516021,"(2, 1, 1)(1, 0, 1, 7)",add
2021-07-15,COOKIE,13.0,8.183697924265356,8.180347513511343,"(2, 1, 1)(1, 0, 1, 7)",add
2021-07-16,COOKIE,3.0,7.845958000791004,10.161930166647055,"(2, 1, 1)(1, 0, 1, 7)",add
2021-07-17,COOKIE,7.0,7.49489489278841,8.67457861900494,"(2, 1, 1)(1, 0, 1, 7)",add
2021-07-18,COOKIE,1.0,6.392576652893654,8.394257947257143,"(2, 1, 1)(1, 0, 1, 7)",add
2021-07-19,COOKIE,1.0,7.59934088656582,6.070415822619426,"(2, 1, 1)(1, 0, 1, 7)",add
2021-07-20,COOKIE,11.0,5.549133012499254,6.083637631819907,"(2, 1, 1)(1, 0, 1, 7)",add
2021-07-21,COOKIE,8.0,4.93430352567013,4.292219563640846,"(2, 1, 1)(1, 0, 1, 7)",add
2021-07-22,COOKIE,13.0,9.477779863694872,6.925086182004531,"(2, 1, 1)(1, 0, 1, 7)",add
2021-07-23,COOKIE,10.0,7.246986346952988,9.105276830007831,"(2, 1, 1)(1, 0, 1, 7)",add
2021-07-24,COOKIE,12.0,8.741820518810286,8.892652484081076,"(2, 1, 1)(1, 0, 1, 7)",add
2021-07-25,COOKIE,7.0,7.599569743519993,9.36893024918793,"(2, 1, 1)(1, 0, 1, 7)",add
2021-07-26,COOKIE,8.0,7.99050583756412,7.840197662791144,"(2, 1, 1)(1, 0, 1, 7)",add
2021-07-27,COOKIE,10.0,9.355079550571165,8.68094686837578,"(2, 1, 1)(1, 0, 1, 7)",add
2021-07-28,COOKIE,13.0,7.59031220470107,6.320360965214193,"(2, 1, 1)(1, 0, 1, 7)",add
2021-07-29,COOKIE,9.0,11.049808865494395,9.423436346047284,"(2, 1, 1)(1, 0, 1, 7)",add
2021-07-30,COOKIE,5.0,8.751878733414529,10.57545519935447,"(2, 1, 1)(1, 0, 1, 7)",add
2021-07-31,COOKIE,10.0,8.047144939252815,9.339116412364652,"(2, 1, 1)(1, 0, 1, 7)",add
2021-08-01,COOKIE,6.0,6.677453717300894,9.428313588659753,"(2, 1, 1)(1, 0, 1, 7)",add
2021-08-02,COOKIE,3.0,7.652672402812905,7.731964908651556,"(2, 1, 1)(1, 0, 1, 7)",add
2021-08-03,COOKIE,11.0,7.873558083322857,7.798736568944457,"(2, 1, 1)(1, 0, 1, 7)",add
2021-08-04,COOKIE,16.0,8.243089414976431,5.735954799556706,"(2, 1, 1)(1, 0, 1, 7)",add
2021-08-05,COOKIE,10.0,10.94574841432214,9.406156485872097,"(2, 1, 1)(1, 0, 1, 7)",add
2021-08-06,COOKIE,21.0,8.894911172873247,10.719129801949236,"(2, 1, 1)(1, 0, 1, 7)",add
2021-08-07,COOKIE,11.0,12.018591405999096,11.99158572893852,"(2, 1, 1)(1, 0, 1, 7)",add
2021-08-08,COOKIE,7.0,10.521639473764113,11.819328489880137,"(2, 1, 1)(1, 0, 1, 7)",add
2021-08-09,COOKIE,13.0,7.558718523913673,9.902892826047875,"(2, 1, 1)(1, 0, 1, 7)",add
2021-08-10,COOKIE,15.0,10.940211954013398,11.208383682871116,"(2, 1, 1)(1, 0, 1, 7)",add
2021-08-11,COOKIE,13.0,13.146853824573293,9.239007804371898,"(2, 1, 1)(1, 0, 1, 7)",add
2021-08-12,COOKIE,18.0,11.356416362970684,11.880293610474835,"(2, 1, 1)(1, 0, 1, 7)",add
2021-08-13,COOKIE,17.0,13.649931899190605,14.067571358664514,"(2, 1, 1)(1, 0, 1, 7)",add
2021-08-14,COOKIE,24.0,13.01882478103174,14.177353660370569,"(2, 1, 1)(1, 0, 1, 7)",add
2021-08-15,COOKIE,19.0,12.679298114559785,15.716128931644391,"(2, 1, 1)(1, 0, 1, 7)",add
2021-08-16,COOKIE,17.0,15.030448647803704,15.081785032991618,"(2, 1, 1)(1, 0, 1, 7)",add
2021-08-17,COOKIE,11.0,15.627014227697993,16.200751051114487,"(2, 1, 1)(1, 0, 1, 7)",add
2021-08-18,COOKIE,14.0,13.58911865114332,12.808598889069842,"(2, 1, 1)(1, 0, 1, 7)",add
2021-08-19,COOKIE,8.0,13.25478815722271,15.043322874018873,"(2, 1, 1)(1, 0, 1, 7)",add
2021-08-20,COOKIE,10.0,12.984234216540704,15.147940396168064,"(2, 1, 1)(1, 0, 1, 7)",add
2021-08-21,COOKIE,10.0,12.789580780397289,13.979243187633577,"(2, 1, 1)(1, 0, 1, 7)",add
2021-08-22,COOKIE,10.0,10.832923287301735,13.33427748354956,"(2, 1, 1)(1, 0, 1, 7)",add
2021-08-23,COOKIE,5.0,11.12727798029225,11.652807237069366,"(2, 1, 1)(1, 0, 1, 7)",add
2021-08-24,COOKIE,13.0,9.862261185657168,11.415662387127774,"(2, 1, 1)(1, 0, 1, 7)",add
2021-08-25,COOKIE,10.0,11.222251625288537,9.097049910190439,"(2, 1, 1)(1, 0, 1, 7)",add
2021-08-26,COOKIE,14.0,11.008512573155567,11.286135048881453,"(2, 1, 1)(1, 0, 1, 7)",add
2021-08-27,COOKIE,12.0,12.03881085166795,12.934539080546385,"(2, 1, 1)(1, 0, 1, 7)",add
2021-08-28,COOKIE,18.0,12.899535923600455,12.432488064214414,"(2, 1, 1)(1, 0, 1, 7)",add
2021-08-29,COOKIE,12.0,12.594996450916057,13.298014115881468,"(2, 1, 1)(1, 0, 1, 7)",add
2021-08-30,COOKIE,9.0,11.665302904082148,11.938722346762175,"(2, 1, 1)(1, 0, 1, 7)",add
2021-08-31,COOKIE,6.0,11.834778060445366,12.289221626626166,"(2, 1, 1)(1, 0, 1, 7)",add
2021-09-01,COOKIE,3.0,10.151382688364023,8.724851175808741,"(2, 1, 1)(1, 0, 1, 7)",add
2021-09-02,COOKIE,4.0,8.959490401588525,9.865282710102347,"(2, 1, 1)(1, 0, 1, 7)",add
2021-09-03,COOKIE,5.0,8.312059097856618,10.156290260332854,"(2, 1, 1)(1, 0, 1, 7)",add
2021-09-04,COOKIE,11.0,10.034321707037677,8.98627193265165,"(2, 1, 1)(1, 0, 1, 7)",add
2021-09-05,COOKIE,9.0,9.240543091886508,9.289516752046659,"(2, 1, 1)(1, 0, 1, 7)",add
2021-09-06,COOKIE,3.0,8.83109873408037,8.089789875299255,"(2, 1, 1)(1, 0, 1, 7)",add
2021-09-07,COOKIE,6.0,7.829150133865069,8.099946313442235,"(2, 1, 1)(1, 0, 1, 7)",add
2021-09-08,COOKIE,1.0,6.57380203967911,5.198404828208407,"(2, 1, 1)(1, 0, 1, 7)",add
2021-09-09,COOKIE,2.0,6.566889397930974,6.580351368788343,"(2, 1, 1)(1, 0, 1, 7)",add
2021-09-10,COOKIE,4.0,5.923229390479069,7.0746613157672265,"(2, 1, 1)(1, 0, 1, 7)",add
2021-09-11,COOKIE,4.0,8.36908565440213,6.233999226792298,"(2, 1, 1)(1, 0, 1, 7)",add
2021-09-12,COOKIE,5.0,6.8390378337601945,5.865166782705522,"(2, 1, 1)(1, 0, 1, 7)",add
2021-09-13,COOKIE,10.0,4.8929295530597114,4.574360307260225,"(2, 1, 1)(1, 0, 1, 7)",add
2021-09-14,COOKIE,9.0,7.421751398062975,6.248272593894621,"(2, 1, 1)(1, 0, 1, 7)",add
2021-09-15,COOKIE,8.0,6.920862790533887,4.114365038748038,"(2, 1, 1)(1, 0, 1, 7)",add
2021-09-16,COOKIE,4.0,7.157828110753997,6.775371877542703,"(2, 1, 1)(1, 0, 1, 7)",add
2021-09-17,COOKIE,6.0,6.891123099674639,7.555266466169946,"(2, 1, 1)(1, 0, 1, 7)",add
2021-09-18,COOKIE,1.0,7.345726332634136,6.955003692394522,"(2, 1, 1)(1, 0, 1, 7)",add
2021-09-19,COOKIE,7.0,5.885639032892046,5.997432300283689,"(2, 1, 1)(1, 0, 1, 7)",add
2021-09-20,COOKIE,0.0,6.121244594780732,5.002139588536958,"(2, 1, 1)(1, 0, 1, 7)",add
2021-09-21,COOKIE,10.0,5.9427320930149685,5.026164093246233,"(2, 1, 1)(1, 0, 1, 7)",add
2021-09-22,COOKIE,0.0,5.549563897504263,3.2438395133851463,"(2, 1, 1)(1, 0, 1, 7)",add
2021-09-23,COOKIE,2.0,4.88028281579944,4.776817794040768,"(2, 1, 1)(1, 0, 1, 7)",add
2021-09-24,COOKIE,3.0,4.309515049327494,5.556483609129609,"(2, 1, 1)(1, 0, 1, 7)",add
2021-09-25,COOKIE,7.0,4.204227373061865,4.797807822701612,"(2, 1, 1)(1, 0, 1, 7)",add
2021-09-26,COOKIE,7.0,6.2750476892458735,5.130871515698622,"(2, 1, 1)(1, 0, 1, 7)",add
2021-09-27,COOKIE,8.0,5.472509270827689,4.272686428904161,"(2, 1, 1)(1, 0, 1, 7)",add
2021-09-28,COOKIE,1.0,8.07166161809816,5.677888816504183,"(2, 1, 1)(1, 0, 1, 7)",add
2021-09-29,COOKIE,1.0,3.945451460400621,2.368464145063654,"(2, 1, 1)(1, 0, 1, 7)",add
2021-09-30,COOKIE,1.0,2.7330802443312594,4.198165133714502,"(2, 1, 1)(1, 0, 1, 7)",add
2021-10-01,COOKIE,4.0,3.7102008224909295,4.911165189112539,"(2, 1, 1)(1, 0, 1, 7)",add
2021-10-02,COOKIE,5.0,4.717671050157874,4.412812400068713,"(2, 1, 1)(1, 0, 1, 7)",add
2021-10-03,COOKIE,11.0,5.790135219729582,4.490349365075285,"(2, 1, 1)(1, 0, 1, 7)",add
2021-10-04,COOKIE,7.0,6.503641781461862,4.366389715120808,"(2, 1, 1)(1, 0, 1, 7)",add
2021-10-05,COOKIE,5.0,6.475639788809305,5.598545892180088,"(2, 1, 1)(1, 0, 1, 7)",add
2021-10-06,COOKIE,9.0,4.1795950269440265,2.934556635853271,"(2, 1, 1)(1, 0, 1, 7)",add
2021-10-07,COOKIE,7.0,5.05526731070489,5.940453710034032,"(2, 1, 1)(1, 0, 1, 7)",add
2021-10-08,COOKIE,10.0,6.679471634815927,7.327110722240359,"(2, 1, 1)(1, 0, 1, 7)",add
2021-10-09,COOKIE,3.0,7.299970848011526,7.395828592743765,"(2, 1, 1)(1, 0, 1, 7)",add
2021-10-10,COOKIE,7.0,7.7994048101917075,6.684950564330664,"(2, 1, 1)(1, 0, 1, 7)",add
2021-10-11,COOKIE,0.0,5.691764013819552,5.580878413251324,"(2, 1, 1)(1, 0, 1, 7)",add
2021-10-12,COOKIE,4.0,4.24179225293715,5.513334608921261,"(2, 1, 1)(1, 0, 1, 7)",add
2021-10-13,COOKIE,0.0,4.210179387732836,2.7046070832004814,"(2, 1, 1)(1, 0, 1, 7)",add
2021-10-14,COOKIE,2.0,3.745483167269536,4.32290295393752,"(2, 1, 1)(1, 0, 1, 7)",add
2021-10-15,COOKIE,2.0,4.469638301356051,5.17438737282684,"(2, 1, 1)(1, 0, 1, 7)",add
2021-10-16,COOKIE,6.0,3.3256834469983865,4.317946583647002,"(2, 1, 1)(1, 0, 1, 7)",add
2021-10-17,COOKIE,5.0,5.821267054349004,4.568713695229949,"(2, 1, 1)(1, 0, 1, 7)",add
2021-10-18,COOKIE,1.0,4.174088909161807,3.4830325922314644,"(2, 1, 1)(1, 0, 1, 7)",add
2021-10-19,COOKIE,7.0,3.804664508312416,3.9056313036300887,"(2, 1, 1)(1, 0, 1, 7)",add
2021-10-20,COOKIE,4.0,3.7573326406255,1.8259366027395947,"(2, 1, 1)(1, 0, 1, 7)",add
2021-10-21,COOKIE,5.0,4.599980642769706,4.21613784283977,"(2, 1, 1)(1, 0, 1, 7)",add
2021-10-22,COOKIE,1.0,4.903160763437616,5.559175991420599,"(2, 1, 1)(1, 0, 1, 7)",add
2021-10-23,COOKIE,14.0,4.345878704251071,4.483633343567064,"(2, 1, 1)(1, 0, 1, 7)",add
2021-10-24,COOKIE,6.0,6.710705083865843,5.973948909900151,"(2, 1, 1)(1, 0, 1, 7)",add
2021-10-25,COOKIE,10.0,5.56417940938173,4.824151314649989,"(2, 1, 1)(1, 0, 1, 7)",add
2021-10-26,COOKIE,10.0,6.806515789233638,6.458541559245471,"(2, 1, 1)(1, 0, 1, 7)",add
2021-10-27,COOKIE,9.0,6.671216543172717,4.449585592536727,"(2, 1, 1)(1, 0, 1, 7)",add
2021-10-28,COOKIE,8.0,6.810035659101108,7.215774124997304,"(2, 1, 1)(1, 0, 1, 7)",add
2021-10-29,COOKIE,3.0,6.018207764885369,8.558869821173662,"(2, 1, 1)(1, 0, 1, 7)",add
2021-10-30,COOKIE,8.0,7.893609070153941,7.325155179946906,"(2, 1, 1)(1, 0, 1, 7)",add
2021-10-31,COOKIE,7.0,5.980874570598435,7.416561308518933,"(2, 1, 1)(1, 0, 1, 7)",add
2021-11-01,COOKIE,3.0,6.395357105057057,6.196733386685152,"(2, 1, 1)(1, 0, 1, 7)",add
2021-11-02,COOKIE,4.0,6.462715519367796,6.506410047380838,"(2, 1, 1)(1, 0, 1, 7)",add
2021-11-03,COOKIE,8.0,4.957059044699805,3.540557693041343,"(2, 1, 1)(1, 0, 1, 7)",add
2021-11-04,COOKIE,4.0,5.8813944624579015,6.292352580117795,"(2, 1, 1)(1, 0, 1, 7)",add
2021-11-05,COOKIE,2.0,4.5749043017519435,7.148670692465597,"(2, 1, 1)(1, 0, 1, 7)",add
2021-11-06,COOKIE,3.0,6.249799944273287,5.979857936132678,"(2, 1, 1)(1, 0, 1, 7)",add
2021-11-07,COOKIE,2.0,4.7979402928015435,5.493015402036359,"(2, 1, 1)(1, 0, 1, 7)",add
2021-11-08,COOKIE,1.0,3.4800980596732374,3.786429572921052,"(2, 1, 1)(1, 0, 1, 7)",add
2021-11-09,COOKIE,5.0,3.9808063091388926,4.161024681825759,"(2, 1, 1)(1, 0, 1, 7)",add
2021-11-10,COOKIE,5.0,5.116653501612682,1.724480657819916,"(2, 1, 1)(1, 0, 1, 7)",add
2021-11-11,COOKIE,5.0,4.724526041575379,4.28895473749915,"(2, 1, 1)(1, 0, 1, 7)",add
2021-11-12,COOKIE,6.0,3.6614649803736654,5.620471765276055,"(2, 1, 1)(1, 0, 1, 7)",add
2021-11-13,COOKIE,6.0,5.78798476677982,5.326333052188216,"(2, 1, 1)(1, 0, 1, 7)",add
2021-11-14,COOKIE,3.0,5.230724939195984,5.41755281730095,"(2, 1, 1)(1, 0, 1, 7)",add
2021-11-15,COOKIE,3.0,3.796584968756913,3.8811271469893995,"(2, 1, 1)(1, 0, 1, 7)",add
2021-11-16,COOKIE,5.0,4.655410615693906,4.557180035985521,"(2, 1, 1)(1, 0, 1, 7)",add
2021-11-17,COOKIE,0.0,5.1899820918266855,2.0579561392146317,"(2, 1, 1)(1, 0, 1, 7)",add
2021-11-18,COOKIE,1.0,3.7770064446977147,3.7785654040957373,"(2, 1, 1)(1, 0, 1, 7)",add
2021-11-19,COOKIE,7.0,2.634398329501379,4.557954711560138,"(2, 1, 1)(1, 0, 1, 7)",add
2021-11-20,COOKIE,2.0,4.910210403202552,4.590148345480075,"(2, 1, 1)(1, 0, 1, 7)",add
2021-11-21,COOKIE,3.0,3.944966858615714,4.164965832637872,"(2, 1, 1)(1, 0, 1, 7)",add
2021-11-22,COOKIE,4.0,2.8851357164343856,2.826725020870912,"(2, 1, 1)(1, 0, 1, 7)",add
2021-11-23,COOKIE,1.0,4.5540071765065,3.827826309494157,"(2, 1, 1)(1, 0, 1, 7)",add
2021-11-24,COOKIE,0.0,2.981850152472645,0.8111193341017437,"(2, 1, 1)(1, 0, 1, 7)",add
2021-11-25,COOKIE,4.0,2.1366208051097146,2.7290036616132927,"(2, 1, 1)(1, 0, 1, 7)",add
2021-11-26,COOKIE,5.0,4.0607128692253305,4.14911639262288,"(2, 1, 1)(1, 0, 1, 7)",add
2021-11-27,COOKIE,3.0,4.054427863539225,3.9295557319955097,"(2, 1, 1)(1, 0, 1, 7)",add
2021-11-28,COOKIE,2.0,3.4906885430337042,3.7671129060838346,"(2, 1, 1)(1, 0, 1, 7)",add
2021-11-29,COOKIE,6.0,3.1368553220036217,2.3336001219627738,"(2, 1, 1)(1, 0, 1, 7)",add
2021-11-30,COOKIE,1.0,3.646011075905261,3.7291647185031205,"(2, 1, 1)(1, 0, 1, 7)",add
2021-12-01,COOKIE,0.0,2.7115765352539047,0.7280680230303909,"(2, 1, 1)(1, 0, 1, 7)",add
2021-12-02,COOKIE,4.0,2.5659915868428387,2.6590927651703464,"(2, 1, 1)(1, 0, 1, 7)",add
2021-12-03,COOKIE,12.0,3.9049653943587446,4.090266828679726,"(2, 1, 1)(1, 0, 1, 7)",add
2021-12-04,COOKIE,8.0,5.218976291435198,4.987560422045671,"(2, 1, 1)(1, 0, 1, 7)",add
2021-12-05,COOKIE,4.0,5.711142603762865,5.44882181185039,"(2, 1, 1)(1, 0, 1, 7)",add
2021-12-06,COOKIE,0.0,5.3436042874521075,4.0656691833584615,"(2, 1, 1)(1, 0, 1, 7)",add
2021-12-07,COOKIE,0.0,2.444518071088584,4.237862443654332,"(2, 1, 1)(1, 0, 1, 7)",add
2021-12-08,COOKIE,0.0,1.1009476764239778,0.9980589366733663,"(2, 1, 1)(1, 0, 1, 7)",add
2021-12-09,COOKIE,2.0,2.698419574901427,2.886365598804651,"(2, 1, 1)(1, 0, 1, 7)",add
2021-12-10,COOKIE,6.0,5.058609788605386,3.9651395840130776,"(2, 1, 1)(1, 0, 1, 7)",add
2021-12-11,COOKIE,7.0,4.25309456359103,3.932908249977364,"(2, 1, 1)(1, 0, 1, 7)",add
2021-12-12,COOKIE,6.0,4.024754498713845,4.402816730262131,"(2, 1, 1)(1, 0, 1, 7)",add
2021-12-13,COOKIE,3.0,4.08831326567908,3.5016043531157406,"(2, 1, 1)(1, 0, 1, 7)",add
2021-12-14,COOKIE,4.0,3.0253732633389765,4.237705503940584,"(2, 1, 1)(1, 0, 1, 7)",add
2021-12-15,COOKIE,0.0,2.5904027550456235,1.630808571081951,"(2, 1, 1)(1, 0, 1, 7)",add
2021-12-16,COOKIE,5.0,3.229160972144615,3.4190013103281616,"(2, 1, 1)(1, 0, 1, 7)",add
2021-12-17,COOKIE,3.0,5.256974989595009,4.888162748445671,"(2, 1, 1)(1, 0, 1, 7)",add
2021-12-18,COOKIE,8.0,4.777020452212046,4.2352289798246625,"(2, 1, 1)(1, 0, 1, 7)",add
2021-12-19,COOKIE,2.0,4.378078377679822,4.815524578255878,"(2, 1, 1)(1, 0, 1, 7)",add
2021-12-20,COOKIE,3.0,3.476031969488411,3.2161316425046262,"(2, 1, 1)(1, 0, 1, 7)",add
2021-12-21,COOKIE,10.0,2.7659339033236514,3.9974004100008362,"(2, 1, 1)(1, 0, 1, 7)",add
2021-12-22,COOKIE,8.0,3.583489317105162,2.3778472684000977,"(2, 1, 1)(1, 0, 1, 7)",add
2021-12-23,COOKIE,10.0,6.50463235453452,5.313606705529597,"(2, 1, 1)(1, 0, 1, 7)",add
2021-12-24,COOKIE,9.0,7.039373147338093,7.274105031234741,"(2, 1, 1)(1, 0, 1, 7)",add
2021-12-25,COOKIE,4.0,7.8085361610279325,7.192989049503872,"(2, 1, 1)(1, 0, 1, 7)",add
2021-12-26,COOKIE,10.0,4.662311731628886,6.672424817775285,"(2, 1, 1)(1, 0, 1, 7)",add
2021-12-27,COOKIE,1.0,4.919797516119021,6.044995803063522,"(2, 1, 1)(1, 0, 1, 7)",add
2021-12-28,COOKIE,7.0,6.150871140714977,6.0622395788352454,"(2, 1, 1)(1, 0, 1, 7)",add
2021-12-29,COOKIE,1.0,4.422540541388666,3.641325376871465,"(2, 1, 1)(1, 0, 1, 7)",add
2021-12-30,COOKIE,7.0,5.48557709520443,5.2696337067597145,"(2, 1, 1)(1, 0, 1, 7)",add
2021-12-31,COOKIE,8.0,5.492191983864814,6.762428152202714,"(2, 1, 1)(1, 0, 1, 7)",add
2022-01-01,COOKIE,0.0,5.952484175924865,6.604049473479091,"(2, 1, 1)(1, 0, 1, 7)",add
2022-01-02,COOKIE,6.0,5.113777347572923,5.54378577505485,"(2, 1, 1)(1, 0, 1, 7)",add
2022-01-03,COOKIE,10.0,2.682069885297021,4.462048778449137,"(2, 1, 1)(1, 0, 1, 7)",add
2022-01-04,COOKIE,2.0,7.093960321979941,6.153731044113244,"(2, 1, 1)(1, 0, 1, 7)",add
2022-01-05,COOKIE,0.0,4.4532392152233236,2.9272388438290298,"(2, 1, 1)(1, 0, 1, 7)",add
2022-01-06,COOKIE,11.0,4.375753255268009,4.510309820384712,"(2, 1, 1)(1, 0, 1, 7)",add
2022-01-07,COOKIE,6.0,6.4053598467909065,6.756126565067737,"(2, 1, 1)(1, 0, 1, 7)",add
2022-01-08,COOKIE,4.0,5.0190016950455885,6.282304054680392,"(2, 1, 1)(1, 0, 1, 7)",add
2022-01-09,COOKIE,2.0,5.616627475236146,5.9058287996757,"(2, 1, 1)(1, 0, 1, 7)",add
2022-01-10,COOKIE,2.0,4.725863134457391,4.133927454897048,"(2, 1, 1)(1, 0, 1, 7)",add
2022-01-11,COOKIE,8.0,3.262311077375819,4.611761733251865,"(2, 1, 1)(1, 0, 1, 7)",add
2022-01-12,COOKIE,0.0,3.312418380885238,2.578563203844131,"(2, 1, 1)(1, 0, 1, 7)",add
2022-01-13,COOKIE,6.0,6.646441180265657,4.216801792098205,"(2, 1, 1)(1, 0, 1, 7)",add
2022-01-14,COOKIE,5.0,4.880103616179485,5.717955326101148,"(2, 1, 1)(1, 0, 1, 7)",add
2022-01-15,COOKIE,4.0,3.875485501757921,5.250172285776714,"(2, 1, 1)(1, 0, 1, 7)",add
2022-01-16,COOKIE,3.0,4.295280531082445,5.037001369012911,"(2, 1, 1)(1, 0, 1, 7)",add
2022-01-17,COOKIE,3.0,4.0267020801375795,3.560786714679776,"(2, 1, 1)(1, 0, 1, 7)",add
2022-01-18,COOKIE,2.0,4.720723258645226,4.287524006468468,"(2, 1, 1)(1, 0, 1, 7)",add
2022-01-19,COOKIE,0.0,1.8637509282929594,1.3563038969045902,"(2, 1, 1)(1, 0, 1, 7)",add
2022-01-20,COOKIE,5.0,4.523497523930634,3.187928885318153,"(2, 1, 1)(1, 0, 1, 7)",add
2022-01-21,COOKIE,5.0,4.258162277931115,4.693650703213584,"(2, 1, 1)(1, 0, 1, 7)",add
2022-01-22,COOKIE,6.0,3.8184475581497246,4.387933586676588,"(2, 1, 1)(1, 0, 1, 7)",add
2022-01-23,COOKIE,7.0,4.312264825887171,4.6276273241424395,"(2, 1, 1)(1, 0, 1, 7)",add
2022-01-24,COOKIE,3.0,4.912311952953357,3.849065752631252,"(2, 1, 1)(1, 0, 1, 7)",add
2022-01-25,COOKIE,2.0,4.59368329715625,4.530191409413892,"(2, 1, 1)(1, 0, 1, 7)",add
2022-01-26,COOKIE,0.0,1.9167974325199097,1.5605763576104876,"(2, 1, 1)(1, 0, 1, 7)",add
2022-01-27,COOKIE,6.0,4.1511207271072665,3.3598812682767605,"(2, 1, 1)(1, 0, 1, 7)",add
2022-01-28,COOKIE,7.0,4.399535175229561,4.996617140973084,"(2, 1, 1)(1, 0, 1, 7)",add
2022-01-29,COOKIE,4.0,5.099315021055618,4.9594054141584,"(2, 1, 1)(1, 0, 1, 7)",add
2022-01-30,COOKIE,4.0,5.016126536595284,4.792239758527523,"(2, 1, 1)(1, 0, 1, 7)",add
2022-01-31,COOKIE,5.0,3.5424087014420573,3.5129718286265748,"(2, 1, 1)(1, 0, 1, 7)",add
2022-02-01,COOKIE,0.0,3.797824765345526,4.563715284048786,"(2, 1, 1)(1, 0, 1, 7)",add
2022-02-02,COOKIE,0.0,1.891164529487459,1.2723551986659625,"(2, 1, 1)(1, 0, 1, 7)",add
2022-02-03,COOKIE,3.0,3.7623632035891443,3.117262586696586,"(2, 1, 1)(1, 0, 1, 7)",add
2022-02-04,COOKIE,14.0,4.078922934454695,4.3177243856274705,"(2, 1, 1)(1, 0, 1, 7)",add
2022-02-05,COOKIE,3.0,5.64145842320441,5.495470416741748,"(2, 1, 1)(1, 0, 1, 7)",add
2022-02-06,COOKIE,8.0,5.840330763357276,5.085267887041672,"(2, 1, 1)(1, 0, 1, 7)",add
2022-02-07,COOKIE,3.0,4.697722181523307,4.3925186620088015,"(2, 1, 1)(1, 0, 1, 7)",add
2022-02-08,COOKIE,7.0,3.536167426154073,4.987658962652997,"(2, 1, 1)(1, 0, 1, 7)",add
2022-02-09,COOKIE,0.0,3.0771235751825166,2.736765374044162,"(2, 1, 1)(1, 0, 1, 7)",add
2022-02-10,COOKIE,5.0,4.738083160461357,4.349973145990517,"(2, 1, 1)(1, 0, 1, 7)",add
2022-02-11,COOKIE,9.0,6.580476833135158,5.671835814586347,"(2, 1, 1)(1, 0, 1, 7)",add
2022-02-12,COOKIE,5.0,4.66809811670813,5.844231566523401,"(2, 1, 1)(1, 0, 1, 7)",add
2022-02-13,COOKIE,4.0,5.9076636983346,5.695288767253847,"(2, 1, 1)(1, 0, 1, 7)",add
2022-02-14,COOKIE,8.0,4.029397979707905,4.273140029676776,"(2, 1, 1)(1, 0, 1, 7)",add
2022-02-15,COOKIE,8.0,5.011257992746049,5.678270648364892,"(2, 1, 1)(1, 0, 1, 7)",add
2022-02-16,COOKIE,0.0,4.156093756296449,3.4763286136627345,"(2, 1, 1)(1, 0, 1, 7)",add
2022-02-17,COOKIE,5.0,4.944241424314632,4.972522367562263,"(2, 1, 1)(1, 0, 1, 7)",add
2022-02-18,COOKIE,8.0,6.443857666781204,6.1958850270370265,"(2, 1, 1)(1, 0, 1, 7)",add
2022-02-19,COOKIE,12.0,4.908275402112977,6.127145048455712,"(2, 1, 1)(1, 0, 1, 7)",add
2022-02-20,COOKIE,8.0,6.778691055867151,7.04098260513333,"(2, 1, 1)(1, 0, 1, 7)",add
2022-02-21,COOKIE,5.0,7.48413116309806,6.038799345175672,"(2, 1, 1)(1, 0, 1, 7)",add
2022-02-22,COOKIE,1.0,6.184132171627494,6.689905270267034,"(2, 1, 1)(1, 0, 1, 7)",add
2022-02-23,COOKIE,0.0,1.9836775257797834,3.220358914512711,"(2, 1, 1)(1, 0, 1, 7)",add
2022-02-24,COOKIE,7.0,3.584538233674957,4.757052305753907,"(2, 1, 1)(1, 0, 1, 7)",add
2022-02-25,COOKIE,8.0,6.5708568583125,6.33094760382811,"(2, 1, 1)(1, 0, 1, 7)",add
2022-02-26,COOKIE,12.0,7.140836613804901,6.240837965491623,"(2, 1, 1)(1, 0, 1, 7)",add
2022-02-27,COOKIE,6.0,7.220410221394403,7.13668697929264,"(2, 1, 1)(1, 0, 1, 7)",add
2022-02-28,COOKIE,8.0,6.495884628378721,5.802920460024843,"(2, 1, 1)(1, 0, 1, 7)",add
2022-03-01,COOKIE,5.0,5.2240878881034964,6.966008552401412,"(2, 1, 1)(1, 0, 1, 7)",add
2022-03-02,COOKIE,6.0,3.7397056561324646,4.085658758084598,"(2, 1, 1)(1, 0, 1, 7)",add
2022-03-03,COOKIE,2.0,6.473439289894787,6.434766645588754,"(2, 1, 1)(1, 0, 1, 7)",add
2022-03-04,COOKIE,7.0,6.680303622710834,6.9521110709127285,"(2, 1, 1)(1, 0, 1, 7)",add
2022-03-05,COOKIE,5.0,6.947761456057778,6.60550024237088,"(2, 1, 1)(1, 0, 1, 7)",add
2022-03-06,COOKIE,2.0,5.427647619964855,6.336109181475933,"(2, 1, 1)(1, 0, 1, 7)",add
2022-03-07,COOKIE,4.0,4.753477293800058,4.496128687188531,"(2, 1, 1)(1, 0, 1, 7)",add
2022-03-08,COOKIE,10.0,3.741493687937816,5.233096200262471,"(2, 1, 1)(1, 0, 1, 7)",add
2022-03-09,COOKIE,1.0,4.990967525759903,3.4180307322558976,"(2, 1, 1)(1, 0, 1, 7)",add
2022-03-10,COOKIE,3.0,5.049240994764536,5.081668838118791,"(2, 1, 1)(1, 0, 1, 7)",add
2022-03-11,COOKIE,3.0,5.3516564511964955,5.971321423933878,"(2, 1, 1)(1, 0, 1, 7)",add
2022-03-12,COOKIE,4.0,5.2064728718592255,5.147009817676534,"(2, 1, 1)(1, 0, 1, 7)",add
2022-03-13,COOKIE,7.0,3.558420102586189,4.950161311569939,"(2, 1, 1)(1, 0, 1, 7)",add
2022-03-14,COOKIE,5.0,5.197617042385454,4.120568272019559,"(2, 1, 1)(1, 0, 1, 7)",add
2022-03-15,COOKIE,5.0,6.3645599633523915,5.075177553400017,"(2, 1, 1)(1, 0, 1, 7)",add
2022-03-16,COOKIE,0.0,3.453183392792856,2.493995863699598,"(2, 1, 1)(1, 0, 1, 7)",add
2022-03-17,COOKIE,6.0,3.3437790350647894,4.145614733362667,"(2, 1, 1)(1, 0, 1, 7)",add
2022-03-18,COOKIE,9.0,4.689001980075809,5.658031514819441,"(2, 1, 1)(1, 0, 1, 7)",add
2022-03-19,COOKIE,1.0,6.392327994518018,5.83261138908102,"(2, 1, 1)(1, 0, 1, 7)",add
2022-03-20,COOKIE,3.0,5.084514638509381,5.052625396297609,"(2, 1, 1)(1, 0, 1, 7)",add
2022-03-21,COOKIE,0.0,3.7065021817663144,3.573938701559114,"(2, 1, 1)(1, 0, 1, 7)",add
2022-03-22,COOKIE,3.0,3.8512950837143807,3.8239337729632807,"(2, 1, 1)(1, 0, 1, 7)",add
2022-03-23,COOKIE,2.0,1.5400248991704455,1.1242835479232238,"(2, 1, 1)(1, 0, 1, 7)",add
2022-03-24,COOKIE,2.0,3.8891851880753743,3.3090597685847443,"(2, 1, 1)(1, 0, 1, 7)",add
2022-03-25,COOKIE,5.0,4.8178465555934205,4.320954898056039,"(2, 1, 1)(1, 0, 1, 7)",add
2022-03-26,COOKIE,8.0,3.1887296129434164,4.074205874218152,"(2, 1, 1)(1, 0, 1, 7)",add
2022-03-27,COOKIE,2.0,4.939992981205322,4.679978618586359,"(2, 1, 1)(1, 0, 1, 7)",add
2022-03-28,COOKIE,1.0,3.807731574000252,3.1020318236399476,"(2, 1, 1)(1, 0, 1, 7)",add
2022-03-29,COOKIE,4.0,3.359121228506092,3.5849126426712017,"(2, 1, 1)(1, 0, 1, 7)",add
2022-03-30,COOKIE,4.0,2.3912897220518503,1.0813008807856574,"(2, 1, 1)(1, 0, 1, 7)",add
2022-03-31,COOKIE,0.0,3.883239292974973,3.5893187092981615,"(2, 1, 1)(1, 0, 1, 7)",add
2022-04-01,COOKIE,5.0,4.328297949956692,4.240430275517054,"(2, 1, 1)(1, 0, 1, 7)",add
2022-04-02,COOKIE,10.0,3.8391571995002645,3.8862424397467903,"(2, 1, 1)(1, 0, 1, 7)",add
2022-04-03,COOKIE,0.0,3.2252958648732624,3.8708743268175403,"(2, 1, 1)(1, 0, 1, 7)",add
2022-04-04,COOKIE,1.0,2.6631900675587064,2.7169549167396774,"(2, 1, 1)(1, 0, 1, 7)",add
2022-04-05,COOKIE,5.0,3.8509864778597,3.5324201268951656,"(2, 1, 1)(1, 0, 1, 7)",add
2022-04-06,COOKIE,2.0,3.2206183205578953,0.9631330624533021,"(2, 1, 1)(1, 0, 1, 7)",add
2022-04-07,COOKIE,1.0,2.759616295018339,3.0093530444623116,"(2, 1, 1)(1, 0, 1, 7)",add
2022-04-08,COOKIE,0.0,4.313589960563236,4.2283681809590385,"(2, 1, 1)(1, 0, 1, 7)",add
2022-04-09,COOKIE,2.0,4.129072011745883,3.874180345188774,"(2, 1, 1)(1, 0, 1, 7)",add
2022-04-10,COOKIE,5.0,3.4382345762401814,3.8588122322595244,"(2, 1, 1)(1, 0, 1, 7)",add
2022-04-11,COOKIE,8.0,3.0218854293529804,2.7048928221816615,"(2, 1, 1)(1, 0, 1, 7)",add
2022-04-12,COOKIE,4.0,3.8239292131006524,3.5203580323371497,"(2, 1, 1)(1, 0, 1, 7)",add
2022-04-13,COOKIE,5.0,3.361747386133128,0.9510709678952858,"(2, 1, 1)(1, 0, 1, 7)",add
2022-04-14,COOKIE,3.0,3.021107490561659,2.9972909499042957,"(2, 1, 1)(1, 0, 1, 7)",add
2022-04-15,COOKIE,8.0,4.129517898126628,4.216306086401023,"(2, 1, 1)(1, 0, 1, 7)",add
2022-04-16,COOKIE,6.0,3.9948299193793435,3.862118250630758,"(2, 1, 1)(1, 0, 1, 7)",add
2022-04-17,COOKIE,2.0,3.4991922482810085,3.846750137701508,"(2, 1, 1)(1, 0, 1, 7)",add
2022-04-18,COOKIE,2.0,3.2005056754398056,2.6928307276236456,"(2, 1, 1)(1, 0, 1, 7)",add
2022-04-19,COOKIE,10.0,3.774249326608348,3.508295937779134,"(2, 1, 1)(1, 0, 1, 7)",add
2022-04-20,COOKIE,7.0,3.4432551878226,0.9390088733372699,"(2, 1, 1)(1, 0, 1, 7)",add
2022-04-21,COOKIE,9.0,3.1993458261512973,2.98522885534628,"(2, 1, 1)(1, 0, 1, 7)",add
2022-04-22,COOKIE,16.0,3.992656588391661,4.204243991843007,"(2, 1, 1)(1, 0, 1, 7)",add
2022-04-23,COOKIE,11.0,3.8962265821625124,3.850056156072742,"(2, 1, 1)(1, 0, 1, 7)",add
2022-04-24,COOKIE,5.0,3.5414538684727406,3.834688043143492,"(2, 1, 1)(1, 0, 1, 7)",add
2022-04-25,COOKIE,6.0,3.3276579788341256,2.6807686330656297,"(2, 1, 1)(1, 0, 1, 7)",add
2022-04-26,COOKIE,4.0,3.738319136847416,3.496233843221118,"(2, 1, 1)(1, 0, 1, 7)",add
2022-04-27,COOKIE,4.0,3.5014036997108504,0.926946778779254,"(2, 1, 1)(1, 0, 1, 7)",add
2022-04-28,COOKIE,4.0,3.326821275043229,2.9731667607882635,"(2, 1, 1)(1, 0, 1, 7)",add
2022-04-29,COOKIE,5.0,3.8946436869145167,4.192181897284991,"(2, 1, 1)(1, 0, 1, 7)",add
2022-04-30,COOKIE,4.0,3.8256223316029865,3.8379940615147263,"(2, 1, 1)(1, 0, 1, 7)",add
2022-05-01,COOKIE,9.0,3.5716888114572085,3.8226259485854763,"(2, 1, 1)(1, 0, 1, 7)",add
2022-05-02,COOKIE,5.0,3.418661431535792,2.668706538507613,"(2, 1, 1)(1, 0, 1, 7)",add
2022-05-03,COOKIE,9.0,3.712597682650757,3.484171748663102,"(2, 1, 1)(1, 0, 1, 7)",add
2022-05-04,COOKIE,0.0,3.5430222271399465,0.9148846842212381,"(2, 1, 1)(1, 0, 1, 7)",add
2022-05-05,COOKIE,5.0,3.4180624798279267,2.9611046662302476,"(2, 1, 1)(1, 0, 1, 7)",add
2022-05-06,COOKIE,0.0,3.82448906175106,4.180119802726975,"(2, 1, 1)(1, 0, 1, 7)",add
2022-05-07,COOKIE,2.0,3.775086088286865,3.8259319669567105,"(2, 1, 1)(1, 0, 1, 7)",add
2022-05-08,COOKIE,9.0,3.5933297279571965,3.8105638540274605,"(2, 1, 1)(1, 0, 1, 7)",add
2022-05-09,COOKIE,3.0,3.483798305880107,2.656644443949597,"(2, 1, 1)(1, 0, 1, 7)",add
2022-05-10,COOKIE,6.0,3.6941871611627217,3.472109654105086,"(2, 1, 1)(1, 0, 1, 7)",add
2022-05-11,COOKIE,7.0,3.5728112302680963,0.9028225896632223,"(2, 1, 1)(1, 0, 1, 7)",add
2022-05-12,COOKIE,9.0,3.4833695973336036,2.9490425716722317,"(2, 1, 1)(1, 0, 1, 7)",add
2022-05-13,COOKIE,2.0,3.7742749319214086,4.168057708168959,"(2, 1, 1)(1, 0, 1, 7)",add
2022-05-14,COOKIE,3.0,3.738914084034139,3.8138698723986946,"(2, 1, 1)(1, 0, 1, 7)",add
2022-05-15,COOKIE,0.0,3.6088195056177903,3.7985017594694446,"(2, 1, 1)(1, 0, 1, 7)",add
2022-05-16,COOKIE,5.0,3.5304209056877407,2.644582349391581,"(2, 1, 1)(1, 0, 1, 7)",add
2022-05-17,COOKIE,2.0,3.6810095804259473,3.46004755954707,"(2, 1, 1)(1, 0, 1, 7)",add
2022-05-18,COOKIE,7.0,3.594133112777469,0.8907604951052064,"(2, 1, 1)(1, 0, 1, 7)",add
2022-05-19,COOKIE,5.0,3.530114051727,2.936980477114216,"(2, 1, 1)(1, 0, 1, 7)",add
2022-05-20,COOKIE,4.0,3.738333487838096,4.155995613610943,"(2, 1, 1)(1, 0, 1, 7)",add
2022-05-21,COOKIE,10.0,3.713023481687647,3.8018077778406782,"(2, 1, 1)(1, 0, 1, 7)",add
2022-05-22,COOKIE,6.0,3.6199065239065953,3.7864396649114287,"(2, 1, 1)(1, 0, 1, 7)",add
2022-05-23,COOKIE,3.0,3.563791663405531,2.6325202548335653,"(2, 1, 1)(1, 0, 1, 7)",add
2022-05-24,COOKIE,2.0,3.6715775484021633,3.447985464989054,"(2, 1, 1)(1, 0, 1, 7)",add
2022-05-25,COOKIE,4.0,3.609394539174149,0.8786984005471901,"(2, 1, 1)(1, 0, 1, 7)",add
2022-05-26,COOKIE,3.0,3.5635720285240007,2.9249183825562,"(2, 1, 1)(1, 0, 1, 7)",add
2022-05-27,COOKIE,10.0,3.7126079120906743,4.143933519052927,"(2, 1, 1)(1, 0, 1, 7)",add
2022-05-28,COOKIE,15.0,3.694491932141048,3.7897456832826624,"(2, 1, 1)(1, 0, 1, 7)",add
2022-05-29,COOKIE,10.0,3.627842207518145,3.774377570353413,"(2, 1, 1)(1, 0, 1, 7)",add
2022-05-30,COOKIE,6.0,3.58767723554341,2.6204581602755495,"(2, 1, 1)(1, 0, 1, 7)",add
2022-05-31,COOKIE,2.0,3.6648264436409606,3.435923370431038,"(2, 1, 1)(1, 0, 1, 7)",add
2022-06-01,COOKIE,6.0,3.6203181119682752,0.8666363059891742,"(2, 1, 1)(1, 0, 1, 7)",add
2022-06-02,COOKIE,1.0,3.587520028900061,2.912856287998184,"(2, 1, 1)(1, 0, 1, 7)",add
2022-06-03,COOKIE,1.0,3.6941944825694533,4.1318714244949115,"(2, 1, 1)(1, 0, 1, 7)",add
2022-06-04,COOKIE,1.0,3.6812277243796547,3.7776835887246465,"(2, 1, 1)(1, 0, 1, 7)",add
2022-06-05,COOKIE,12.0,3.6335222806219916,3.7623154757953965,"(2, 1, 1)(1, 0, 1, 7)",add
2022-06-06,COOKIE,8.0,3.6047736575420033,2.6083960657175336,"(2, 1, 1)(1, 0, 1, 7)",add
2022-06-07,COOKIE,9.0,3.659994248904826,3.4238612758730222,"(2, 1, 1)(1, 0, 1, 7)",add
2022-06-08,COOKIE,1.0,3.628136807251885,0.8545742114311583,"(2, 1, 1)(1, 0, 1, 7)",add
2022-06-09,COOKIE,0.0,3.6046611347562747,2.9007941934401678,"(2, 1, 1)(1, 0, 1, 7)",add
2022-06-10,COOKIE,1.0,3.681014820817206,4.119809329936896,"(2, 1, 1)(1, 0, 1, 7)",add
2022-06-11,COOKIE,11.0,3.6717336878936635,3.7656214941666306,"(2, 1, 1)(1, 0, 1, 7)",add
2022-06-12,COOKIE,9.0,3.6375878699327964,3.7502533812373806,"(2, 1, 1)(1, 0, 1, 7)",add
2022-06-13,COOKIE,9.0,3.617010653309438,2.5963339711595177,"(2, 1, 1)(1, 0, 1, 7)",add
2022-06-14,COOKIE,0.0,3.656535540027707,3.4117991813150064,"(2, 1, 1)(1, 0, 1, 7)",add
2022-06-15,COOKIE,3.0,3.6337331443743692,0.8425121168731424,"(2, 1, 1)(1, 0, 1, 7)",add
2022-06-16,COOKIE,1.0,3.6169301136004384,2.888732098882152,"(2, 1, 1)(1, 0, 1, 7)",add
2022-06-17,COOKIE,6.0,3.6715812992831824,4.107747235378879,"(2, 1, 1)(1, 0, 1, 7)",add
2022-06-18,COOKIE,6.0,3.664938202598289,3.7535593996086147,"(2, 1, 1)(1, 0, 1, 7)",add
2022-06-19,COOKIE,8.0,3.640497870586297,3.7381912866793647,"(2, 1, 1)(1, 0, 1, 7)",add
2022-06-20,COOKIE,3.0,3.6257694488880996,2.584271876601502,"(2, 1, 1)(1, 0, 1, 7)",add
2022-06-21,COOKIE,5.0,3.654059922270167,3.3997370867569905,"(2, 1, 1)(1, 0, 1, 7)",add
2022-06-22,COOKIE,3.0,3.637738798521571,0.8304500223151265,"(2, 1, 1)(1, 0, 1, 7)",add
2022-06-23,COOKIE,2.0,3.625711801499762,2.876670004324136,"(2, 1, 1)(1, 0, 1, 7)",add
2022-06-24,COOKIE,7.0,3.6648291283848886,4.095685140820863,"(2, 1, 1)(1, 0, 1, 7)",add
2022-06-25,COOKIE,11.0,3.6600742418932946,3.741497305050599,"(2, 1, 1)(1, 0, 1, 7)",add
2022-06-26,COOKIE,3.0,3.6425807429956856,3.726129192121349,"(2, 1, 1)(1, 0, 1, 7)",add
2022-06-27,COOKIE,2.0,3.6320386755387246,2.572209782043486,"(2, 1, 1)(1, 0, 1, 7)",add
2022-06-28,COOKIE,4.0,3.6522879653061144,3.387674992198974,"(2, 1, 1)(1, 0, 1, 7)",add
2022-06-29,COOKIE,5.0,3.6406058997693727,0.8183879277571107,"(2, 1, 1)(1, 0, 1, 7)",add
2022-06-30,COOKIE,4.0,3.631997413639179,2.86460790976612,"(2, 1, 1)(1, 0, 1, 7)",add
2022-07-01,COOKIE,8.0,5.414887932991853,5.708422789671154,"(2, 1, 1)(1, 0, 1, 7)",add
2022-07-02,COOKIE,10.0,6.752551153745457,5.762406772790285,"(2, 1, 1)(1, 0, 1, 7)",add
2022-07-03,COOKIE,7.0,5.380000502771761,5.570349254045125,"(2, 1, 1)(1, 0, 1, 7)",add
2022-07-04,COOKIE,2.0,4.4645777166244285,4.390625492582476,"(2, 1, 1)(1, 0, 1, 7)",add
2022-07-05,COOKIE,14.0,4.55958541223236,5.082813789560077,"(2, 1, 1)(1, 0, 1, 7)",add
2022-07-06,COOKIE,5.0,4.572861682906014,2.839370888159091,"(2, 1, 1)(1, 0, 1, 7)",add
2022-07-07,COOKIE,13.0,4.062324036920787,4.454645895083606,"(2, 1, 1)(1, 0, 1, 7)",add
2022-07-08,COOKIE,2.0,5.17588468897561,5.720232383753754,"(2, 1, 1)(1, 0, 1, 7)",add
2022-07-09,COOKIE,0.0,6.175338953665705,5.774216366872884,"(2, 1, 1)(1, 0, 1, 7)",add
2022-07-10,COOKIE,11.0,5.228576502948268,5.582158848127724,"(2, 1, 1)(1, 0, 1, 7)",add
2022-07-11,COOKIE,3.0,4.592279627322831,4.4024350866650765,"(2, 1, 1)(1, 0, 1, 7)",add
2022-07-12,COOKIE,7.0,4.666045963098485,5.094623383642676,"(2, 1, 1)(1, 0, 1, 7)",add
2022-07-13,COOKIE,10.0,4.678602339242035,2.8511804822416913,"(2, 1, 1)(1, 0, 1, 7)",add
2022-07-14,COOKIE,6.0,4.318197606580231,4.466455489166205,"(2, 1, 1)(1, 0, 1, 7)",add
2022-07-15,COOKIE,12.0,5.108483367491006,5.732041977836354,"(2, 1, 1)(1, 0, 1, 7)",add
2022-07-16,COOKIE,18.0,5.817478583499974,5.7860259609554845,"(2, 1, 1)(1, 0, 1, 7)",add
2022-07-17,COOKIE,29.0,5.146415103909121,5.593968442210324,"(2, 1, 1)(1, 0, 1, 7)",add
2022-07-18,COOKIE,21.0,4.6953755780129836,4.414244680747677,"(2, 1, 1)(1, 0, 1, 7)",add
2022-07-19,COOKIE,15.0,4.7477223639921835,5.106432977725277,"(2, 1, 1)(1, 0, 1, 7)",add
2022-07-20,COOKIE,14.0,4.7566478834141,2.862990076324291,"(2, 1, 1)(1, 0, 1, 7)",add
2022-07-21,COOKIE,13.0,4.5011328666809725,4.478265083248806,"(2, 1, 1)(1, 0, 1, 7)",add
2022-07-22,COOKIE,16.0,5.061449997851787,5.743851571918954,"(2, 1, 1)(1, 0, 1, 7)",add
2022-07-23,COOKIE,15.0,5.564129393176005,5.797835555038084,"(2, 1, 1)(1, 0, 1, 7)",add
2022-07-24,COOKIE,4.0,5.088347734843134,5.605778036292925,"(2, 1, 1)(1, 0, 1, 7)",add
2022-07-25,COOKIE,11.0,4.768562044143977,4.4260542748302765,"(2, 1, 1)(1, 0, 1, 7)",add
2022-07-26,COOKIE,6.0,4.805676180935859,5.118242571807876,"(2, 1, 1)(1, 0, 1, 7)",add
2022-07-27,COOKIE,9.0,4.812004530059656,2.874799670406891,"(2, 1, 1)(1, 0, 1, 7)",add
2022-07-28,COOKIE,7.0,4.630844832530654,4.490074677331405,"(2, 1, 1)(1, 0, 1, 7)",add
2022-07-29,COOKIE,9.0,5.028108917708992,5.755661166001555,"(2, 1, 1)(1, 0, 1, 7)",add
2022-07-30,COOKIE,7.0,5.384507909811797,5.809645149120684,"(2, 1, 1)(1, 0, 1, 7)",add
2022-07-31,COOKIE,9.0,5.047179405363615,5.6175876303755246,"(2, 1, 1)(1, 0, 1, 7)",add
2022-08-01,COOKIE,12.0,4.820451813511377,4.437863868912877,"(2, 1, 1)(1, 0, 1, 7)",add
2022-08-02,COOKIE,2.0,4.846765685850991,5.1300521658904765,"(2, 1, 1)(1, 0, 1, 7)",add
2022-08-03,COOKIE,5.0,4.8512524775526,2.8866092644894907,"(2, 1, 1)(1, 0, 1, 7)",add
2022-08-04,COOKIE,7.0,4.722810511976,4.5018842714140055,"(2, 1, 1)(1, 0, 1, 7)",add
2022-08-05,COOKIE,9.0,5.0044701799190445,5.767470760084154,"(2, 1, 1)(1, 0, 1, 7)",add
2022-08-06,COOKIE,12.0,5.2571565552241895,5.821454743203284,"(2, 1, 1)(1, 0, 1, 7)",add
2022-08-07,COOKIE,19.0,5.017991128587535,5.629397224458124,"(2, 1, 1)(1, 0, 1, 7)",add
2022-08-08,COOKIE,17.0,4.85724159060001,4.449673462995476,"(2, 1, 1)(1, 0, 1, 7)",add
2022-08-09,COOKIE,11.0,4.87589808843423,5.141861759973077,"(2, 1, 1)(1, 0, 1, 7)",add
2022-08-10,COOKIE,9.0,4.879079217336083,2.898418858572091,"(2, 1, 1)(1, 0, 1, 7)",add
2022-08-11,COOKIE,16.0,4.788014047633176,4.513693865496605,"(2, 1, 1)(1, 0, 1, 7)",add
2022-08-12,COOKIE,25.0,4.987710348963467,5.779280354166755,"(2, 1, 1)(1, 0, 1, 7)",add
2022-08-13,COOKIE,8.0,5.166864627292549,5.833264337285884,"(2, 1, 1)(1, 0, 1, 7)",add
2022-08-14,COOKIE,24.0,4.997296682213535,5.641206818540724,"(2, 1, 1)(1, 0, 1, 7)",add
2022-08-15,COOKIE,11.0,4.883325489920849,4.461483057078077,"(2, 1, 1)(1, 0, 1, 7)",add
2022-08-16,COOKIE,16.0,4.896552920175506,5.1536713540556764,"(2, 1, 1)(1, 0, 1, 7)",add
2022-08-17,COOKIE,15.0,4.898808336012661,2.9102284526546907,"(2, 1, 1)(1, 0, 1, 7)",add
2022-08-18,COOKIE,18.0,4.834243261068552,4.525503459579205,"(2, 1, 1)(1, 0, 1, 7)",add
2022-08-19,COOKIE,18.0,4.975827652812653,5.791089948249354,"(2, 1, 1)(1, 0, 1, 7)",add
2022-08-20,COOKIE,21.0,5.1028477796582745,5.845073931368485,"(2, 1, 1)(1, 0, 1, 7)",add
2022-08-21,COOKIE,15.0,4.982624349362503,5.653016412623325,"(2, 1, 1)(1, 0, 1, 7)",add
2022-08-22,COOKIE,14.0,4.901818937196063,4.473292651160676,"(2, 1, 1)(1, 0, 1, 7)",add
2022-08-23,COOKIE,10.0,4.911197166309309,5.165480948138277,"(2, 1, 1)(1, 0, 1, 7)",add
2022-08-24,COOKIE,9.0,4.9127962529088425,2.922038046737291,"(2, 1, 1)(1, 0, 1, 7)",add
2022-08-25,COOKIE,16.0,4.867019707209314,4.537313053661805,"(2, 1, 1)(1, 0, 1, 7)",add
2022-08-26,COOKIE,11.0,4.967402838253835,5.8028995423319545,"(2, 1, 1)(1, 0, 1, 7)",add
2022-08-27,COOKIE,7.0,5.057459926336548,5.856883525451084,"(2, 1, 1)(1, 0, 1, 7)",add
2022-08-28,COOKIE,12.0,4.972221686377056,5.664826006705924,"(2, 1, 1)(1, 0, 1, 7)",add
2022-08-29,COOKIE,5.0,4.914930764837689,4.485102245243277,"(2, 1, 1)(1, 0, 1, 7)",add
2022-08-30,COOKIE,8.0,4.9215799158524565,5.177290542220876,"(2, 1, 1)(1, 0, 1, 7)",add
2022-08-31,COOKIE,10.0,4.922713665962162,2.9338476408198915,"(2, 1, 1)(1, 0, 1, 7)",add
2022-09-01,COOKIE,0.0,4.890258160598078,4.549122647744405,"(2, 1, 1)(1, 0, 1, 7)",add
2022-09-02,COOKIE,13.0,4.961429656793182,5.814709136414554,"(2, 1, 1)(1, 0, 1, 7)",add
2022-09-03,COOKIE,4.0,5.0252800033118445,5.868693119533685,"(2, 1, 1)(1, 0, 1, 7)",add
2022-09-04,COOKIE,10.0,4.964846213213549,5.676635600788524,"(2, 1, 1)(1, 0, 1, 7)",add
2022-09-05,COOKIE,4.0,4.9242270318638,4.496911839325876,"(2, 1, 1)(1, 0, 1, 7)",add
2022-09-06,COOKIE,6.0,4.928941270413883,5.189100136303477,"(2, 1, 1)(1, 0, 1, 7)",add
2022-09-07,COOKIE,4.0,4.929745097618509,2.945657234902491,"(2, 1, 1)(1, 0, 1, 7)",add
2022-09-08,COOKIE,9.0,4.906734190780929,4.560932241827006,"(2, 1, 1)(1, 0, 1, 7)",add
2022-09-09,COOKIE,1.0,4.957194679689202,5.826518730497154,"(2, 1, 1)(1, 0, 1, 7)",add
2022-09-10,COOKIE,7.0,5.002464483958343,5.880502713616284,"(2, 1, 1)(1, 0, 1, 7)",add
2022-09-11,COOKIE,2.0,4.959617013299861,5.688445194871125,"(2, 1, 1)(1, 0, 1, 7)",add
2022-09-12,COOKIE,2.0,4.930818071876129,4.508721433408477,"(2, 1, 1)(1, 0, 1, 7)",add
2022-09-13,COOKIE,2.0,4.934160460258908,5.200909730386076,"(2, 1, 1)(1, 0, 1, 7)",add
2022-09-14,COOKIE,1.0,4.934730372596173,2.9574668289850914,"(2, 1, 1)(1, 0, 1, 7)",add
2022-09-15,COOKIE,6.0,4.9184156725923405,4.572741835909605,"(2, 1, 1)(1, 0, 1, 7)",add
2022-09-16,COOKIE,2.0,4.954192086985566,5.838328324579754,"(2, 1, 1)(1, 0, 1, 7)",add
2022-09-17,COOKIE,2.0,4.986288313400992,5.892312307698885,"(2, 1, 1)(1, 0, 1, 7)",add
2022-09-18,COOKIE,3.0,4.955909518047543,5.700254788953725,"(2, 1, 1)(1, 0, 1, 7)",add
2022-09-19,COOKIE,0.0,4.935491109808681,4.520531027491077,"(2, 1, 1)(1, 0, 1, 7)",add
2022-09-20,COOKIE,7.0,4.937860858386875,5.212719324468677,"(2, 1, 1)(1, 0, 1, 7)",add
2022-09-21,COOKIE,3.0,4.9382649254180695,2.969276423067691,"(2, 1, 1)(1, 0, 1, 7)",add
2022-09-22,COOKIE,1.0,4.926697826472609,4.584551429992206,"(2, 1, 1)(1, 0, 1, 7)",add
2022-09-23,COOKIE,1.0,4.952063253057407,5.850137918662354,"(2, 1, 1)(1, 0, 1, 7)",add
2022-09-24,COOKIE,4.0,4.974819431634757,5.904121901781484,"(2, 1, 1)(1, 0, 1, 7)",add
2022-09-25,COOKIE,8.0,4.953280909221554,5.712064383036324,"(2, 1, 1)(1, 0, 1, 7)",add
2022-09-26,COOKIE,0.0,4.938804287012613,4.532340621573677,"(2, 1, 1)(1, 0, 1, 7)",add
2022-09-27,COOKIE,4.0,4.940484435361856,5.224528918551276,"(2, 1, 1)(1, 0, 1, 7)",add
2022-09-28,COOKIE,4.0,4.940770918308483,2.9810860171502913,"(2, 1, 1)(1, 0, 1, 7)",add
2022-09-29,COOKIE,7.0,4.932569861716415,4.596361024074805,"(2, 1, 1)(1, 0, 1, 7)",add
2022-09-30,COOKIE,6.0,4.95055391285013,5.861947512744955,"(2, 1, 1)(1, 0, 1, 7)",add
2021-01-02,CROISSANT,66.0,0.0,44.70881223656553,"(1, 1, 1)(1, 0, 1, 7)",add
2021-01-03,CROISSANT,59.0,65.97521135390629,78.19323153941858,"(1, 1, 1)(1, 0, 1, 7)",add
2021-01-04,CROISSANT,17.0,61.51177895862578,21.415983494189433,"(1, 1, 1)(1, 0, 1, 7)",add
2021-01-05,CROISSANT,12.0,37.853863431049994,19.059485418061122,"(1, 1, 1)(1, 0, 1, 7)",add
2021-01-06,CROISSANT,0.0,30.56999468392613,-0.12039986950788162,"(1, 1, 1)(1, 0, 1, 7)",add
2021-01-07,CROISSANT,15.0,22.133579059572188,17.24428311208225,"(1, 1, 1)(1, 0, 1, 7)",add
2021-01-08,CROISSANT,36.0,28.760245033578485,27.97011908039663,"(1, 1, 1)(1, 0, 1, 7)",add
2021-01-09,CROISSANT,33.0,50.1834153287054,46.352878260949254,"(1, 1, 1)(1, 0, 1, 7)",add
2021-01-10,CROISSANT,48.0,36.87045700494617,67.10376801778636,"(1, 1, 1)(1, 0, 1, 7)",add
2021-01-11,CROISSANT,14.0,15.172694153558254,12.040631819362767,"(1, 1, 1)(1, 0, 1, 7)",add
2021-01-12,CROISSANT,24.0,10.242250510804315,10.87086482480301,"(1, 1, 1)(1, 0, 1, 7)",add
2021-01-13,CROISSANT,0.0,7.885868119435543,-2.7691735436307496,"(1, 1, 1)(1, 0, 1, 7)",add
2021-01-14,CROISSANT,24.0,13.338870957157596,14.943456750657845,"(1, 1, 1)(1, 0, 1, 7)",add
2021-01-15,CROISSANT,37.0,34.93840464687099,29.48701620107399,"(1, 1, 1)(1, 0, 1, 7)",add
2021-01-16,CROISSANT,27.0,40.43208257713107,45.29891836326965,"(1, 1, 1)(1, 0, 1, 7)",add
2021-01-17,CROISSANT,42.0,36.767261600922204,64.23519487653711,"(1, 1, 1)(1, 0, 1, 7)",add
2021-01-18,CROISSANT,16.0,9.959459073145247,10.853845585823331,"(1, 1, 1)(1, 0, 1, 7)",add
2021-01-19,CROISSANT,23.0,14.425184700819043,11.708540789075283,"(1, 1, 1)(1, 0, 1, 7)",add
2021-01-20,CROISSANT,0.0,2.544716199641016,-3.547944986439763,"(1, 1, 1)(1, 0, 1, 7)",add
2021-01-21,CROISSANT,8.0,16.226878846313774,15.067068803435697,"(1, 1, 1)(1, 0, 1, 7)",add
2021-01-22,CROISSANT,30.0,27.934685388877284,25.666410681165893,"(1, 1, 1)(1, 0, 1, 7)",add
2021-01-23,CROISSANT,23.0,30.259731288198854,37.77785098110474,"(1, 1, 1)(1, 0, 1, 7)",add
2021-01-24,CROISSANT,39.0,33.85120690521177,57.085813583068216,"(1, 1, 1)(1, 0, 1, 7)",add
2021-01-25,CROISSANT,26.0,7.942240799011778,7.811398431336642,"(1, 1, 1)(1, 0, 1, 7)",add
2021-01-26,CROISSANT,18.0,18.754674446067803,12.417661104354384,"(1, 1, 1)(1, 0, 1, 7)",add
2021-01-27,CROISSANT,0.0,-1.3852676969881266,-5.060054102649428,"(1, 1, 1)(1, 0, 1, 7)",add
2021-01-28,CROISSANT,11.0,12.289984297667191,12.691979964988379,"(1, 1, 1)(1, 0, 1, 7)",add
2021-01-29,CROISSANT,22.0,28.665722499764247,25.853546616096047,"(1, 1, 1)(1, 0, 1, 7)",add
2021-01-30,CROISSANT,39.0,24.531692070106075,33.86219718940383,"(1, 1, 1)(1, 0, 1, 7)",add
2021-01-31,CROISSANT,77.0,40.86902183204197,57.4445070423002,"(1, 1, 1)(1, 0, 1, 7)",add
2021-02-01,CROISSANT,6.0,29.284804709051798,21.121548770215057,"(1, 1, 1)(1, 0, 1, 7)",add
2021-02-02,CROISSANT,9.0,14.459210389700605,16.500295278720905,"(1, 1, 1)(1, 0, 1, 7)",add
2021-02-03,CROISSANT,0.0,-3.004818267614665,-4.094079761824574,"(1, 1, 1)(1, 0, 1, 7)",add
2021-02-04,CROISSANT,29.0,12.521932790686641,12.658587800882549,"(1, 1, 1)(1, 0, 1, 7)",add
2021-02-05,CROISSANT,19.0,34.869856901422814,29.786059418412854,"(1, 1, 1)(1, 0, 1, 7)",add
2021-02-06,CROISSANT,38.0,28.972977742685945,37.2051455256924,"(1, 1, 1)(1, 0, 1, 7)",add
2021-02-07,CROISSANT,78.0,49.62626096790188,61.424715686920365,"(1, 1, 1)(1, 0, 1, 7)",add
2021-02-08,CROISSANT,28.0,25.981059809312328,20.43204978418149,"(1, 1, 1)(1, 0, 1, 7)",add
2021-02-09,CROISSANT,11.0,23.56445034944403,21.985557410772948,"(1, 1, 1)(1, 0, 1, 7)",add
2021-02-10,CROISSANT,0.0,1.5867918159183532,1.9053434442603638,"(1, 1, 1)(1, 0, 1, 7)",add
2021-02-11,CROISSANT,16.0,18.73277548374211,18.659544464011717,"(1, 1, 1)(1, 0, 1, 7)",add
2021-02-12,CROISSANT,20.0,28.41045954041246,28.239035509899278,"(1, 1, 1)(1, 0, 1, 7)",add
2021-02-13,CROISSANT,33.0,32.09537643108401,37.580210598291856,"(1, 1, 1)(1, 0, 1, 7)",add
2021-02-14,CROISSANT,77.0,53.627812904903685,62.35202802020002,"(1, 1, 1)(1, 0, 1, 7)",add
2021-02-15,CROISSANT,20.0,26.210825901381305,19.876957696732376,"(1, 1, 1)(1, 0, 1, 7)",add
2021-02-16,CROISSANT,16.0,17.943699660504578,17.565029561348915,"(1, 1, 1)(1, 0, 1, 7)",add
2021-02-17,CROISSANT,0.0,2.768549534331431,0.7263936923618459,"(1, 1, 1)(1, 0, 1, 7)",add
2021-02-18,CROISSANT,11.0,18.072055313892164,17.6696435899115,"(1, 1, 1)(1, 0, 1, 7)",add
2021-02-19,CROISSANT,28.0,24.622796818698912,25.67284736737948,"(1, 1, 1)(1, 0, 1, 7)",add
2021-02-20,CROISSANT,22.0,35.0091429158304,37.902094936888005,"(1, 1, 1)(1, 0, 1, 7)",add
2021-02-21,CROISSANT,99.0,53.32452655202276,62.231709788091386,"(1, 1, 1)(1, 0, 1, 7)",add
2021-02-22,CROISSANT,51.0,33.47547454106994,23.260852528910156,"(1, 1, 1)(1, 0, 1, 7)",add
2021-02-23,CROISSANT,64.0,31.72267786892263,27.208126669997945,"(1, 1, 1)(1, 0, 1, 7)",add
2021-02-24,CROISSANT,0.0,26.044529709095052,19.427843481534307,"(1, 1, 1)(1, 0, 1, 7)",add
2021-02-25,CROISSANT,53.0,24.549374955194253,31.320426791486696,"(1, 1, 1)(1, 0, 1, 7)",add
2021-02-26,CROISSANT,47.0,48.98535362472691,46.978422378594786,"(1, 1, 1)(1, 0, 1, 7)",add
2021-02-27,CROISSANT,57.0,50.10464686107226,56.58021645187124,"(1, 1, 1)(1, 0, 1, 7)",add
2021-02-28,CROISSANT,133.0,84.92164757050111,90.7585944030993,"(1, 1, 1)(1, 0, 1, 7)",add
2021-03-01,CROISSANT,41.0,61.89312759184605,52.03197651078233,"(1, 1, 1)(1, 0, 1, 7)",add
2021-03-02,CROISSANT,19.0,45.81685978096219,47.95748650464156,"(1, 1, 1)(1, 0, 1, 7)",add
2021-03-03,CROISSANT,0.0,13.30977739102251,18.372800663679396,"(1, 1, 1)(1, 0, 1, 7)",add
2021-03-04,CROISSANT,25.0,33.615616626665556,35.22207404186797,"(1, 1, 1)(1, 0, 1, 7)",add
2021-03-05,CROISSANT,35.0,40.83143442065948,40.94448976092644,"(1, 1, 1)(1, 0, 1, 7)",add
2021-03-06,CROISSANT,44.0,46.86715941885102,49.197913079074524,"(1, 1, 1)(1, 0, 1, 7)",add
2021-03-07,CROISSANT,83.0,86.47767077944955,86.85570117287983,"(1, 1, 1)(1, 0, 1, 7)",add
2021-03-08,CROISSANT,13.0,36.46143885844707,31.25411373222962,"(1, 1, 1)(1, 0, 1, 7)",add
2021-03-09,CROISSANT,21.0,24.12366827767618,23.43819661685214,"(1, 1, 1)(1, 0, 1, 7)",add
2021-03-10,CROISSANT,0.0,4.569652333793574,1.2626758162365626,"(1, 1, 1)(1, 0, 1, 7)",add
2021-03-11,CROISSANT,38.0,25.957860668897695,23.043733017606144,"(1, 1, 1)(1, 0, 1, 7)",add
2021-03-12,CROISSANT,30.0,39.8611576697366,35.13931412304266,"(1, 1, 1)(1, 0, 1, 7)",add
2021-03-13,CROISSANT,66.0,40.94531191523019,43.66641462364508,"(1, 1, 1)(1, 0, 1, 7)",add
2021-03-14,CROISSANT,96.0,91.38778585242144,87.91085257756617,"(1, 1, 1)(1, 0, 1, 7)",add
2021-03-15,CROISSANT,21.0,37.459162518908414,33.45043131360801,"(1, 1, 1)(1, 0, 1, 7)",add
2021-03-16,CROISSANT,26.0,27.467092202084036,28.8027914603216,"(1, 1, 1)(1, 0, 1, 7)",add
2021-03-17,CROISSANT,0.0,7.221854353484325,6.676775118674808,"(1, 1, 1)(1, 0, 1, 7)",add
2021-03-18,CROISSANT,9.0,29.238324314849375,29.051204801615096,"(1, 1, 1)(1, 0, 1, 7)",add
2021-03-19,CROISSANT,27.0,27.658277188872024,30.664541151885473,"(1, 1, 1)(1, 0, 1, 7)",add
2021-03-20,CROISSANT,40.0,41.93354898047642,42.68413174364067,"(1, 1, 1)(1, 0, 1, 7)",add
2021-03-21,CROISSANT,71.0,79.5766204645531,79.45091164712366,"(1, 1, 1)(1, 0, 1, 7)",add
2021-03-22,CROISSANT,28.0,21.161616161175843,18.77236410254617,"(1, 1, 1)(1, 0, 1, 7)",add
2021-03-23,CROISSANT,22.0,24.752425126942672,20.295347489875166,"(1, 1, 1)(1, 0, 1, 7)",add
2021-03-24,CROISSANT,0.0,0.7064182007369695,-1.2213738636208404,"(1, 1, 1)(1, 0, 1, 7)",add
2021-03-25,CROISSANT,25.0,22.40968620049508,21.466022854342537,"(1, 1, 1)(1, 0, 1, 7)",add
2021-03-26,CROISSANT,32.0,30.9142667670901,30.467759821792438,"(1, 1, 1)(1, 0, 1, 7)",add
2021-03-27,CROISSANT,21.0,42.363743461019475,43.81393873759126,"(1, 1, 1)(1, 0, 1, 7)",add
2021-03-28,CROISSANT,75.0,69.6488287544305,75.21653037976685,"(1, 1, 1)(1, 0, 1, 7)",add
2021-03-29,CROISSANT,10.0,21.75318509152244,18.487627763681562,"(1, 1, 1)(1, 0, 1, 7)",add
2021-03-30,CROISSANT,31.0,15.51663713817478,15.009362113486642,"(1, 1, 1)(1, 0, 1, 7)",add
2021-03-31,CROISSANT,0.0,1.5343034924472292,-3.224750659002293,"(1, 1, 1)(1, 0, 1, 7)",add
2021-04-01,CROISSANT,20.0,21.12117071958973,20.195726877661045,"(1, 1, 1)(1, 0, 1, 7)",add
2021-04-02,CROISSANT,20.0,27.60745367936102,28.09663875321479,"(1, 1, 1)(1, 0, 1, 7)",add
2021-04-03,CROISSANT,60.0,32.555789017060164,36.40335090504494,"(1, 1, 1)(1, 0, 1, 7)",add
2021-04-04,CROISSANT,120.0,83.63551211990941,81.2392404543734,"(1, 1, 1)(1, 0, 1, 7)",add
2021-04-05,CROISSANT,45.0,39.932198711956005,32.66983421200612,"(1, 1, 1)(1, 0, 1, 7)",add
2021-04-06,CROISSANT,21.0,37.38848885925425,36.860509491806404,"(1, 1, 1)(1, 0, 1, 7)",add
2021-04-07,CROISSANT,0.0,4.98753191951149,9.721492930952092,"(1, 1, 1)(1, 0, 1, 7)",add
2021-04-08,CROISSANT,27.0,26.47891997610706,29.725097850107975,"(1, 1, 1)(1, 0, 1, 7)",add
2021-04-09,CROISSANT,16.0,34.011782602601286,36.129707836599856,"(1, 1, 1)(1, 0, 1, 7)",add
2021-04-10,CROISSANT,44.0,39.562238931613535,45.256324052074,"(1, 1, 1)(1, 0, 1, 7)",add
2021-04-11,CROISSANT,64.0,85.76755367314786,86.0227423132954,"(1, 1, 1)(1, 0, 1, 7)",add
2021-04-12,CROISSANT,22.0,19.577113221911212,20.22252874987432,"(1, 1, 1)(1, 0, 1, 7)",add
2021-04-13,CROISSANT,30.0,21.953702414653105,18.71737314804539,"(1, 1, 1)(1, 0, 1, 7)",add
2021-04-14,CROISSANT,27.0,2.913738374230867,-1.3761080667770464,"(1, 1, 1)(1, 0, 1, 7)",add
2021-04-15,CROISSANT,12.0,33.95738937963169,28.33083155789318,"(1, 1, 1)(1, 0, 1, 7)",add
2021-04-16,CROISSANT,33.0,24.595082833928092,29.56214470512389,"(1, 1, 1)(1, 0, 1, 7)",add
2021-04-17,CROISSANT,71.0,45.186467696145044,46.35797847000393,"(1, 1, 1)(1, 0, 1, 7)",add
2021-04-18,CROISSANT,95.0,93.22924923113852,90.796199648092,"(1, 1, 1)(1, 0, 1, 7)",add
2021-04-19,CROISSANT,28.0,35.094111394323505,33.85101252708286,"(1, 1, 1)(1, 0, 1, 7)",add
2021-04-20,CROISSANT,37.0,30.42022525048687,31.65254875971104,"(1, 1, 1)(1, 0, 1, 7)",add
2021-04-21,CROISSANT,31.0,14.074501027426486,12.130894701385607,"(1, 1, 1)(1, 0, 1, 7)",add
2021-04-22,CROISSANT,26.0,36.886713270099115,34.49386549072861,"(1, 1, 1)(1, 0, 1, 7)",add
2021-04-23,CROISSANT,28.0,35.737473425447284,39.82145832472117,"(1, 1, 1)(1, 0, 1, 7)",add
2021-04-24,CROISSANT,66.0,51.664520041568636,55.48150413422998,"(1, 1, 1)(1, 0, 1, 7)",add
2021-04-25,CROISSANT,114.0,94.82175143485802,94.27784651316134,"(1, 1, 1)(1, 0, 1, 7)",add
2021-04-26,CROISSANT,36.0,44.604493222070616,39.80648953755224,"(1, 1, 1)(1, 0, 1, 7)",add
2021-04-27,CROISSANT,29.0,38.63902890588852,39.368881245717496,"(1, 1, 1)(1, 0, 1, 7)",add
2021-04-28,CROISSANT,28.0,17.50712424637503,17.72437627730283,"(1, 1, 1)(1, 0, 1, 7)",add
2021-04-29,CROISSANT,23.0,36.8153770977702,34.94413508818039,"(1, 1, 1)(1, 0, 1, 7)",add
2021-04-30,CROISSANT,30.0,35.431840757221536,39.08427455362523,"(1, 1, 1)(1, 0, 1, 7)",add
2021-05-01,CROISSANT,55.0,55.94007477242518,57.943634603961804,"(1, 1, 1)(1, 0, 1, 7)",add
2021-05-02,CROISSANT,79.0,94.2830108849929,94.64906519017805,"(1, 1, 1)(1, 0, 1, 7)",add
2021-05-03,CROISSANT,40.0,29.46424552065804,29.217104901694757,"(1, 1, 1)(1, 0, 1, 7)",add
2021-05-04,CROISSANT,16.0,35.96587276877651,31.436438152482967,"(1, 1, 1)(1, 0, 1, 7)",add
2021-05-05,CROISSANT,47.0,11.734440728474867,10.973367091936097,"(1, 1, 1)(1, 0, 1, 7)",add
2021-05-06,CROISSANT,19.0,39.58424699553831,31.663976188438237,"(1, 1, 1)(1, 0, 1, 7)",add
2021-05-07,CROISSANT,32.0,32.1821392658299,35.96361045875283,"(1, 1, 1)(1, 0, 1, 7)",add
2021-05-08,CROISSANT,64.0,55.44046329779974,56.72304382134709,"(1, 1, 1)(1, 0, 1, 7)",add
2021-05-09,CROISSANT,86.0,94.7240885042719,94.36074557108205,"(1, 1, 1)(1, 0, 1, 7)",add
2021-05-10,CROISSANT,26.0,34.203389175194644,33.66036324716421,"(1, 1, 1)(1, 0, 1, 7)",add
2021-05-11,CROISSANT,19.0,28.200848784770756,28.566081017483825,"(1, 1, 1)(1, 0, 1, 7)",add
2021-05-12,CROISSANT,28.0,17.624809830213177,15.371392268255295,"(1, 1, 1)(1, 0, 1, 7)",add
2021-05-13,CROISSANT,66.0,28.649775031103353,25.015876440621824,"(1, 1, 1)(1, 0, 1, 7)",add
2021-05-14,CROISSANT,109.0,49.4266671066724,42.847532785114154,"(1, 1, 1)(1, 0, 1, 7)",add
2021-05-15,CROISSANT,112.0,90.56083039252991,81.27786568759194,"(1, 1, 1)(1, 0, 1, 7)",add
2021-05-16,CROISSANT,189.0,121.86311775857972,122.60183610243456,"(1, 1, 1)(1, 0, 1, 7)",add
2021-05-17,CROISSANT,0.0,87.18958071612465,79.4494549165606,"(1, 1, 1)(1, 0, 1, 7)",add
2021-05-18,CROISSANT,0.0,35.77135687550615,57.3629727311384,"(1, 1, 1)(1, 0, 1, 7)",add
2021-05-19,CROISSANT,0.0,25.652118982055836,35.54344315524131,"(1, 1, 1)(1, 0, 1, 7)",add
2021-05-20,CROISSANT,0.0,33.015566976821475,37.18134948272609,"(1, 1, 1)(1, 0, 1, 7)",add
2021-05-21,CROISSANT,22.0,37.41368174277012,39.63313931592586,"(1, 1, 1)(1, 0, 1, 7)",add
2021-05-22,CROISSANT,87.0,57.47396993642027,54.426912279791296,"(1, 1, 1)(1, 0, 1, 7)",add
2021-05-23,CROISSANT,137.0,112.82230567279733,100.27120098370744,"(1, 1, 1)(1, 0, 1, 7)",add
2021-05-24,CROISSANT,112.0,44.2394920441637,33.4749131875153,"(1, 1, 1)(1, 0, 1, 7)",add
2021-05-25,CROISSANT,32.0,63.78627570114445,50.83059717796683,"(1, 1, 1)(1, 0, 1, 7)",add
2021-05-26,CROISSANT,8.0,34.46218370658109,40.5144553710905,"(1, 1, 1)(1, 0, 1, 7)",add
2021-05-27,CROISSANT,21.0,33.854206702474045,42.67242332415538,"(1, 1, 1)(1, 0, 1, 7)",add
2021-05-28,CROISSANT,12.0,46.40457065511475,50.98781756766155,"(1, 1, 1)(1, 0, 1, 7)",add
2021-05-29,CROISSANT,68.0,61.71217608965365,66.54471106644067,"(1, 1, 1)(1, 0, 1, 7)",add
2021-05-30,CROISSANT,106.0,110.90557602667967,105.59435863122226,"(1, 1, 1)(1, 0, 1, 7)",add
2021-05-31,CROISSANT,22.0,42.183509398618156,35.10011134952453,"(1, 1, 1)(1, 0, 1, 7)",add
2021-06-01,CROISSANT,30.0,20.291990178003708,19.891942592149146,"(1, 1, 1)(1, 0, 1, 7)",add
2021-06-02,CROISSANT,23.0,19.90940706147954,14.769520043124679,"(1, 1, 1)(1, 0, 1, 7)",add
2021-06-03,CROISSANT,14.0,29.462390970011427,27.69002528480039,"(1, 1, 1)(1, 0, 1, 7)",add
2021-06-04,CROISSANT,45.0,32.51183012740577,35.88650768314963,"(1, 1, 1)(1, 0, 1, 7)",add
2021-06-05,CROISSANT,72.0,70.16517816849176,67.3165415683989,"(1, 1, 1)(1, 0, 1, 7)",add
2021-06-06,CROISSANT,112.0,109.56646400173089,107.00019437896053,"(1, 1, 1)(1, 0, 1, 7)",add
2021-06-07,CROISSANT,23.0,40.61161468692559,36.03187621595368,"(1, 1, 1)(1, 0, 1, 7)",add
2021-06-08,CROISSANT,38.0,21.690498419047348,23.498891904895196,"(1, 1, 1)(1, 0, 1, 7)",add
2021-06-09,CROISSANT,30.0,23.379887411860135,19.187788288277112,"(1, 1, 1)(1, 0, 1, 7)",add
2021-06-10,CROISSANT,23.0,30.531201758150075,30.199828773701057,"(1, 1, 1)(1, 0, 1, 7)",add
2021-06-11,CROISSANT,40.0,38.949500096405544,42.525649513911425,"(1, 1, 1)(1, 0, 1, 7)",add
2021-06-12,CROISSANT,62.0,69.85131752276934,70.72854378972593,"(1, 1, 1)(1, 0, 1, 7)",add
2021-06-13,CROISSANT,110.0,106.44158790890353,107.31467069003008,"(1, 1, 1)(1, 0, 1, 7)",add
2021-06-14,CROISSANT,27.0,37.336610396166876,33.7394567017172,"(1, 1, 1)(1, 0, 1, 7)",add
2021-06-15,CROISSANT,32.0,25.531953039806258,25.83151154943296,"(1, 1, 1)(1, 0, 1, 7)",add
2021-06-16,CROISSANT,38.0,22.152389906797872,19.1507729574341,"(1, 1, 1)(1, 0, 1, 7)",add
2021-06-17,CROISSANT,17.0,32.34053414626111,29.976839971299867,"(1, 1, 1)(1, 0, 1, 7)",add
2021-06-18,CROISSANT,27.0,36.99598728662157,41.4884138280093,"(1, 1, 1)(1, 0, 1, 7)",add
2021-06-19,CROISSANT,46.0,63.013131534318255,66.18541458091622,"(1, 1, 1)(1, 0, 1, 7)",add
2021-06-20,CROISSANT,120.0,98.73518995263106,101.40241864036537,"(1, 1, 1)(1, 0, 1, 7)",add
2021-06-21,CROISSANT,34.0,37.53120677952107,30.465260830516527,"(1, 1, 1)(1, 0, 1, 7)",add
2021-06-22,CROISSANT,13.0,28.122281916454586,26.436946610462098,"(1, 1, 1)(1, 0, 1, 7)",add
2021-06-23,CROISSANT,18.0,16.340064639834907,16.628297219799695,"(1, 1, 1)(1, 0, 1, 7)",add
2021-06-24,CROISSANT,32.0,19.930863086976203,19.723965393799602,"(1, 1, 1)(1, 0, 1, 7)",add
2021-06-25,CROISSANT,33.0,38.070269939302044,36.9627857617311,"(1, 1, 1)(1, 0, 1, 7)",add
2021-06-26,CROISSANT,67.0,61.14441400429219,63.466371684884386,"(1, 1, 1)(1, 0, 1, 7)",add
2021-06-27,CROISSANT,123.0,109.12965089732617,108.66927263239286,"(1, 1, 1)(1, 0, 1, 7)",add
2021-06-28,CROISSANT,29.0,39.56846994091475,35.00921323550202,"(1, 1, 1)(1, 0, 1, 7)",add
2021-06-29,CROISSANT,22.0,25.214840899020817,26.806260712790262,"(1, 1, 1)(1, 0, 1, 7)",add
2021-06-30,CROISSANT,19.0,20.941129503132718,20.71101558693316,"(1, 1, 1)(1, 0, 1, 7)",add
2021-07-01,CROISSANT,29.0,23.463104857954455,24.335834356766554,"(1, 1, 1)(1, 0, 1, 7)",add
2021-07-02,CROISSANT,28.0,37.3020531489986,37.93542953091588,"(1, 1, 1)(1, 0, 1, 7)",add
2021-07-03,CROISSANT,62.0,60.55102787496929,63.90243578250801,"(1, 1, 1)(1, 0, 1, 7)",add
2021-07-04,CROISSANT,102.0,108.92781291029597,109.07233072947933,"(1, 1, 1)(1, 0, 1, 7)",add
2021-07-05,CROISSANT,35.0,29.402271826829008,28.08075877944414,"(1, 1, 1)(1, 0, 1, 7)",add
2021-07-06,CROISSANT,47.0,25.18112926795383,23.036433663605557,"(1, 1, 1)(1, 0, 1, 7)",add
2021-07-07,CROISSANT,29.0,29.69030702177535,24.01804560060083,"(1, 1, 1)(1, 0, 1, 7)",add
2021-07-08,CROISSANT,42.0,29.570529981855085,29.93718814386049,"(1, 1, 1)(1, 0, 1, 7)",add
2021-07-09,CROISSANT,50.0,43.13727744734547,43.59265727143802,"(1, 1, 1)(1, 0, 1, 7)",add
2021-07-10,CROISSANT,77.0,72.3400461985777,74.2986619387205,"(1, 1, 1)(1, 0, 1, 7)",add
2021-07-11,CROISSANT,133.0,117.99563863650036,119.95187152163163,"(1, 1, 1)(1, 0, 1, 7)",add
2021-07-12,CROISSANT,63.0,48.071882914260414,45.26471772964095,"(1, 1, 1)(1, 0, 1, 7)",add
2021-07-13,CROISSANT,55.0,46.884225079478156,44.700583223260715,"(1, 1, 1)(1, 0, 1, 7)",add
2021-07-14,CROISSANT,91.0,41.42994963497635,40.31455298378869,"(1, 1, 1)(1, 0, 1, 7)",add
2021-07-15,CROISSANT,82.0,64.6093368761877,57.72385832725148,"(1, 1, 1)(1, 0, 1, 7)",add
2021-07-16,CROISSANT,64.0,72.70193689138272,73.58501038501844,"(1, 1, 1)(1, 0, 1, 7)",add
2021-07-17,CROISSANT,142.0,92.56094324675685,100.12968917000127,"(1, 1, 1)(1, 0, 1, 7)",add
2021-07-18,CROISSANT,186.0,159.43575653807366,156.12045958697246,"(1, 1, 1)(1, 0, 1, 7)",add
2021-07-19,CROISSANT,116.0,89.01092929105788,85.90310362141045,"(1, 1, 1)(1, 0, 1, 7)",add
2021-07-20,CROISSANT,85.0,88.90296312906104,87.37529774894186,"(1, 1, 1)(1, 0, 1, 7)",add
2021-07-21,CROISSANT,66.0,81.92208582202831,84.6552810649534,"(1, 1, 1)(1, 0, 1, 7)",add
2021-07-22,CROISSANT,58.0,77.49315001709006,82.83678460388037,"(1, 1, 1)(1, 0, 1, 7)",add
2021-07-23,CROISSANT,73.0,76.83306856634152,83.34260187593735,"(1, 1, 1)(1, 0, 1, 7)",add
2021-07-24,CROISSANT,118.0,113.94240196317227,115.60612546708039,"(1, 1, 1)(1, 0, 1, 7)",add
2021-07-25,CROISSANT,149.0,163.03653998012268,160.99912413525485,"(1, 1, 1)(1, 0, 1, 7)",add
2021-07-26,CROISSANT,73.0,84.2885432403355,81.0215380767562,"(1, 1, 1)(1, 0, 1, 7)",add
2021-07-27,CROISSANT,59.0,72.90323773169638,69.86645879457626,"(1, 1, 1)(1, 0, 1, 7)",add
2021-07-28,CROISSANT,93.0,66.94111869828066,63.29704989508014,"(1, 1, 1)(1, 0, 1, 7)",add
2021-07-29,CROISSANT,53.0,81.5714826289636,72.06937829807985,"(1, 1, 1)(1, 0, 1, 7)",add
2021-07-30,CROISSANT,53.0,73.14156694029857,75.58354963962539,"(1, 1, 1)(1, 0, 1, 7)",add
2021-07-31,CROISSANT,83.0,104.79343969623034,106.44629401864333,"(1, 1, 1)(1, 0, 1, 7)",add
2021-08-01,CROISSANT,135.0,143.39045201221512,144.15244282125113,"(1, 1, 1)(1, 0, 1, 7)",add
2021-08-02,CROISSANT,113.0,71.47305315602382,65.29575665606885,"(1, 1, 1)(1, 0, 1, 7)",add
2021-08-03,CROISSANT,103.0,81.2393807610357,66.83527564879246,"(1, 1, 1)(1, 0, 1, 7)",add
2021-08-04,CROISSANT,58.0,87.1612367014848,75.90343928577258,"(1, 1, 1)(1, 0, 1, 7)",add
2021-08-05,CROISSANT,62.0,65.85398422284592,67.96388782295412,"(1, 1, 1)(1, 0, 1, 7)",add
2021-08-06,CROISSANT,71.0,73.0022438555645,74.13755380253444,"(1, 1, 1)(1, 0, 1, 7)",add
2021-08-07,CROISSANT,76.0,108.82109991634545,109.44508604384816,"(1, 1, 1)(1, 0, 1, 7)",add
2021-08-08,CROISSANT,162.0,140.59593580083236,146.4527925329189,"(1, 1, 1)(1, 0, 1, 7)",add
2021-08-09,CROISSANT,113.0,89.42216978226682,79.88204811840737,"(1, 1, 1)(1, 0, 1, 7)",add
2021-08-10,CROISSANT,71.0,87.5493483333119,76.69119313216399,"(1, 1, 1)(1, 0, 1, 7)",add
2021-08-11,CROISSANT,109.0,72.56656792172454,69.7842921094449,"(1, 1, 1)(1, 0, 1, 7)",add
2021-08-12,CROISSANT,112.0,85.51060454946702,76.5589410490937,"(1, 1, 1)(1, 0, 1, 7)",add
2021-08-13,CROISSANT,93.0,97.13294341317211,92.73090329705208,"(1, 1, 1)(1, 0, 1, 7)",add
2021-08-14,CROISSANT,106.0,120.75618704931577,125.36171342480328,"(1, 1, 1)(1, 0, 1, 7)",add
2021-08-15,CROISSANT,186.0,164.21455785498074,171.2737027073651,"(1, 1, 1)(1, 0, 1, 7)",add
2021-08-16,CROISSANT,75.0,112.79325922788168,106.52444201454337,"(1, 1, 1)(1, 0, 1, 7)",add
2021-08-17,CROISSANT,76.0,80.42206221201118,83.78277196136506,"(1, 1, 1)(1, 0, 1, 7)",add
2021-08-18,CROISSANT,77.0,85.59738375809559,81.53269188330806,"(1, 1, 1)(1, 0, 1, 7)",add
2021-08-19,CROISSANT,68.0,81.61806176509461,77.65282646932341,"(1, 1, 1)(1, 0, 1, 7)",add
2021-08-20,CROISSANT,84.0,80.21705311618858,79.25832520286211,"(1, 1, 1)(1, 0, 1, 7)",add
2021-08-21,CROISSANT,137.0,112.21731796136493,110.68483328799431,"(1, 1, 1)(1, 0, 1, 7)",add
2021-08-22,CROISSANT,144.0,176.6132103873071,171.17530392274517,"(1, 1, 1)(1, 0, 1, 7)",add
2021-08-23,CROISSANT,74.0,90.56749459098653,91.3360413589026,"(1, 1, 1)(1, 0, 1, 7)",add
2021-08-24,CROISSANT,76.0,75.90165468506274,74.62992458450329,"(1, 1, 1)(1, 0, 1, 7)",add
2021-08-25,CROISSANT,37.0,81.28455569343132,74.89084882000219,"(1, 1, 1)(1, 0, 1, 7)",add
2021-08-26,CROISSANT,80.0,60.75674842009652,62.630026658921274,"(1, 1, 1)(1, 0, 1, 7)",add
2021-08-27,CROISSANT,43.0,79.85670305062668,72.1988744532512,"(1, 1, 1)(1, 0, 1, 7)",add
2021-08-28,CROISSANT,78.0,95.07240194027844,98.16695936845541,"(1, 1, 1)(1, 0, 1, 7)",add
2021-08-29,CROISSANT,100.0,140.50223233444734,141.66762452796362,"(1, 1, 1)(1, 0, 1, 7)",add
2021-08-30,CROISSANT,60.0,59.20634020577653,59.56957064689264,"(1, 1, 1)(1, 0, 1, 7)",add
2021-08-31,CROISSANT,48.0,56.868776950708074,49.15805471280271,"(1, 1, 1)(1, 0, 1, 7)",add
2021-09-01,CROISSANT,37.0,50.87279818762664,44.329670520921894,"(1, 1, 1)(1, 0, 1, 7)",add
2021-09-02,CROISSANT,47.0,50.34937605774205,45.54150458643186,"(1, 1, 1)(1, 0, 1, 7)",add
2021-09-03,CROISSANT,38.0,49.862466313995625,46.05660822629638,"(1, 1, 1)(1, 0, 1, 7)",add
2021-09-04,CROISSANT,70.0,77.9097946207964,77.9995730676147,"(1, 1, 1)(1, 0, 1, 7)",add
2021-09-05,CROISSANT,112.0,119.9698918866903,121.87961021591121,"(1, 1, 1)(1, 0, 1, 7)",add
2021-09-06,CROISSANT,40.0,54.276675690685536,52.03265042503586,"(1, 1, 1)(1, 0, 1, 7)",add
2021-09-07,CROISSANT,26.0,40.03040337334258,38.527068917203586,"(1, 1, 1)(1, 0, 1, 7)",add
2021-09-08,CROISSANT,33.0,31.834766399704254,30.335107494575915,"(1, 1, 1)(1, 0, 1, 7)",add
2021-09-09,CROISSANT,41.0,39.391279316351955,34.8891820351373,"(1, 1, 1)(1, 0, 1, 7)",add
2021-09-10,CROISSANT,31.0,37.854186330474356,35.40106073950405,"(1, 1, 1)(1, 0, 1, 7)",add
2021-09-11,CROISSANT,71.0,66.52344829802522,68.20469562836341,"(1, 1, 1)(1, 0, 1, 7)",add
2021-09-12,CROISSANT,118.0,112.11893615663038,114.3915850072703,"(1, 1, 1)(1, 0, 1, 7)",add
2021-09-13,CROISSANT,23.0,49.163405112326416,47.44946206750927,"(1, 1, 1)(1, 0, 1, 7)",add
2021-09-14,CROISSANT,24.0,26.907706643262234,30.985986085226287,"(1, 1, 1)(1, 0, 1, 7)",add
2021-09-15,CROISSANT,28.0,26.142375964913462,25.829450208369593,"(1, 1, 1)(1, 0, 1, 7)",add
2021-09-16,CROISSANT,26.0,33.090514364009934,30.662860806372468,"(1, 1, 1)(1, 0, 1, 7)",add
2021-09-17,CROISSANT,23.0,26.509958757656502,27.45294854523957,"(1, 1, 1)(1, 0, 1, 7)",add
2021-09-18,CROISSANT,52.0,58.77482561451838,61.069034336193205,"(1, 1, 1)(1, 0, 1, 7)",add
2021-09-19,CROISSANT,88.0,99.94342649053817,104.57693643345513,"(1, 1, 1)(1, 0, 1, 7)",add
2021-09-20,CROISSANT,34.0,27.42482890393292,29.703486025962313,"(1, 1, 1)(1, 0, 1, 7)",add
2021-09-21,CROISSANT,21.0,23.38329155505417,21.957636458811045,"(1, 1, 1)(1, 0, 1, 7)",add
2021-09-22,CROISSANT,0.0,19.734490274843196,19.25882635998686,"(1, 1, 1)(1, 0, 1, 7)",add
2021-09-23,CROISSANT,33.0,15.722417794127203,18.30218181674203,"(1, 1, 1)(1, 0, 1, 7)",add
2021-09-24,CROISSANT,20.0,22.193668344324372,19.640030023056045,"(1, 1, 1)(1, 0, 1, 7)",add
2021-09-25,CROISSANT,57.0,51.34624782878585,53.85175465215973,"(1, 1, 1)(1, 0, 1, 7)",add
2021-09-26,CROISSANT,95.0,95.34578723565673,99.35400690050761,"(1, 1, 1)(1, 0, 1, 7)",add
2021-09-27,CROISSANT,18.0,27.97906361580779,29.7282220844358,"(1, 1, 1)(1, 0, 1, 7)",add
2021-09-28,CROISSANT,21.0,14.334491578746814,17.636090404267332,"(1, 1, 1)(1, 0, 1, 7)",add
2021-09-29,CROISSANT,19.0,13.600438446348315,13.850039653257681,"(1, 1, 1)(1, 0, 1, 7)",add
2021-09-30,CROISSANT,26.0,23.14653993179221,22.48744015093572,"(1, 1, 1)(1, 0, 1, 7)",add
2021-10-01,CROISSANT,21.0,18.36297428644467,19.568942338235043,"(1, 1, 1)(1, 0, 1, 7)",add
2021-10-02,CROISSANT,45.0,51.188007614109,54.35041782473608,"(1, 1, 1)(1, 0, 1, 7)",add
2021-10-03,CROISSANT,73.0,89.12144680934256,96.07267823013962,"(1, 1, 1)(1, 0, 1, 7)",add
2021-10-04,CROISSANT,20.0,15.863602335651784,21.2282399118165,"(1, 1, 1)(1, 0, 1, 7)",add
2021-10-05,CROISSANT,14.0,12.647690842656743,13.318763838499159,"(1, 1, 1)(1, 0, 1, 7)",add
2021-10-06,CROISSANT,18.0,8.779809169326889,9.110544042512483,"(1, 1, 1)(1, 0, 1, 7)",add
2021-10-07,CROISSANT,29.0,20.137875860458603,18.434077421037927,"(1, 1, 1)(1, 0, 1, 7)",add
2021-10-08,CROISSANT,22.0,17.361050900729452,16.925126088818768,"(1, 1, 1)(1, 0, 1, 7)",add
2021-10-09,CROISSANT,41.0,48.55994034217581,51.32263112031051,"(1, 1, 1)(1, 0, 1, 7)",add
2021-10-10,CROISSANT,95.0,83.24116253961478,91.24540400240213,"(1, 1, 1)(1, 0, 1, 7)",add
2021-10-11,CROISSANT,31.0,23.900238587229964,25.17225885374462,"(1, 1, 1)(1, 0, 1, 7)",add
2021-10-12,CROISSANT,16.0,17.94181320345967,19.130235765268345,"(1, 1, 1)(1, 0, 1, 7)",add
2021-10-13,CROISSANT,22.0,12.44785798370329,14.971963860493386,"(1, 1, 1)(1, 0, 1, 7)",add
2021-10-14,CROISSANT,16.0,24.465606008069038,24.052661352768382,"(1, 1, 1)(1, 0, 1, 7)",add
2021-10-15,CROISSANT,43.0,14.33427544588755,17.564219579276816,"(1, 1, 1)(1, 0, 1, 7)",add
2021-10-16,CROISSANT,48.0,56.0344938909668,54.954861816734464,"(1, 1, 1)(1, 0, 1, 7)",add
2021-10-17,CROISSANT,83.0,89.49354446793694,97.2775273146332,"(1, 1, 1)(1, 0, 1, 7)",add
2021-10-18,CROISSANT,18.0,22.54855007864053,27.22864214985656,"(1, 1, 1)(1, 0, 1, 7)",add
2021-10-19,CROISSANT,22.0,13.367115613067234,16.6422045916658,"(1, 1, 1)(1, 0, 1, 7)",add
2021-10-20,CROISSANT,19.0,15.969259700535194,15.631154967791147,"(1, 1, 1)(1, 0, 1, 7)",add
2021-10-21,CROISSANT,24.0,22.247285113688772,22.128888095461306,"(1, 1, 1)(1, 0, 1, 7)",add
2021-10-22,CROISSANT,26.0,21.69973367532307,21.79635624156682,"(1, 1, 1)(1, 0, 1, 7)",add
2021-10-23,CROISSANT,48.0,48.45299021557793,50.514627623644486,"(1, 1, 1)(1, 0, 1, 7)",add
2021-10-24,CROISSANT,96.0,87.26747163595556,93.03572699712487,"(1, 1, 1)(1, 0, 1, 7)",add
2021-10-25,CROISSANT,25.0,26.541127184452463,27.593976664437825,"(1, 1, 1)(1, 0, 1, 7)",add
2021-10-26,CROISSANT,41.0,18.03038197939553,20.22910287223778,"(1, 1, 1)(1, 0, 1, 7)",add
2021-10-27,CROISSANT,21.0,25.25561174181977,22.591494500446203,"(1, 1, 1)(1, 0, 1, 7)",add
2021-10-28,CROISSANT,22.0,25.914838111486716,27.758608931148224,"(1, 1, 1)(1, 0, 1, 7)",add
2021-10-29,CROISSANT,30.0,23.90299344688747,25.910625485676672,"(1, 1, 1)(1, 0, 1, 7)",add
2021-10-30,CROISSANT,69.0,51.72290362324767,53.83240362555244,"(1, 1, 1)(1, 0, 1, 7)",add
2021-10-31,CROISSANT,119.0,98.69666694964182,101.11281685211242,"(1, 1, 1)(1, 0, 1, 7)",add
2021-11-01,CROISSANT,46.0,39.38045062246532,38.52099448880769,"(1, 1, 1)(1, 0, 1, 7)",add
2021-11-02,CROISSANT,38.0,35.035719746705894,36.186914133671806,"(1, 1, 1)(1, 0, 1, 7)",add
2021-11-03,CROISSANT,25.0,29.655214636122732,31.55739923600853,"(1, 1, 1)(1, 0, 1, 7)",add
2021-11-04,CROISSANT,25.0,31.967554435026507,35.08673128645976,"(1, 1, 1)(1, 0, 1, 7)",add
2021-11-05,CROISSANT,33.0,30.60732141780285,33.35586565756131,"(1, 1, 1)(1, 0, 1, 7)",add
2021-11-06,CROISSANT,49.0,59.466808728408914,61.50835983470233,"(1, 1, 1)(1, 0, 1, 7)",add
2021-11-07,CROISSANT,57.0,96.95802491812222,102.63377948168785,"(1, 1, 1)(1, 0, 1, 7)",add
2021-11-08,CROISSANT,17.0,16.673737953974516,24.00741226856108,"(1, 1, 1)(1, 0, 1, 7)",add
2021-11-09,CROISSANT,14.0,19.378741154854495,17.63930328391298,"(1, 1, 1)(1, 0, 1, 7)",add
2021-11-10,CROISSANT,16.0,13.006650754353505,10.776705679262914,"(1, 1, 1)(1, 0, 1, 7)",add
2021-11-11,CROISSANT,53.0,19.849326687009597,16.65425056221332,"(1, 1, 1)(1, 0, 1, 7)",add
2021-11-12,CROISSANT,14.0,35.243907011263644,26.887522563838722,"(1, 1, 1)(1, 0, 1, 7)",add
2021-11-13,CROISSANT,33.0,46.51576182521812,50.7194812219725,"(1, 1, 1)(1, 0, 1, 7)",add
2021-11-14,CROISSANT,81.0,79.6234240376174,86.83171874475778,"(1, 1, 1)(1, 0, 1, 7)",add
2021-11-15,CROISSANT,28.0,21.24080021078536,21.93116982200778,"(1, 1, 1)(1, 0, 1, 7)",add
2021-11-16,CROISSANT,18.0,20.691400506150735,19.004307763365844,"(1, 1, 1)(1, 0, 1, 7)",add
2021-11-17,CROISSANT,0.0,14.049659500607227,13.77288367309983,"(1, 1, 1)(1, 0, 1, 7)",add
2021-11-18,CROISSANT,21.0,17.569803202933265,18.777964205065867,"(1, 1, 1)(1, 0, 1, 7)",add
2021-11-19,CROISSANT,28.0,17.235067163543373,15.396827271147739,"(1, 1, 1)(1, 0, 1, 7)",add
2021-11-20,CROISSANT,44.0,45.650170863209,44.6311435973175,"(1, 1, 1)(1, 0, 1, 7)",add
2021-11-21,CROISSANT,69.0,81.45742292705529,86.09827172545127,"(1, 1, 1)(1, 0, 1, 7)",add
2021-11-22,CROISSANT,17.0,16.31153169155936,19.92883290398555,"(1, 1, 1)(1, 0, 1, 7)",add
2021-11-23,CROISSANT,4.0,13.813131401463584,14.089171982129015,"(1, 1, 1)(1, 0, 1, 7)",add
2021-11-24,CROISSANT,0.0,3.6490180878727796,5.271978782812823,"(1, 1, 1)(1, 0, 1, 7)",add
2021-11-25,CROISSANT,20.0,14.48761461047793,14.096065004761858,"(1, 1, 1)(1, 0, 1, 7)",add
2021-11-26,CROISSANT,3.0,15.3816177141475,12.76471270479639,"(1, 1, 1)(1, 0, 1, 7)",add
2021-11-27,CROISSANT,21.0,32.43736327148749,35.25625774417794,"(1, 1, 1)(1, 0, 1, 7)",add
2021-11-28,CROISSANT,87.0,65.49293715708083,71.65297935958722,"(1, 1, 1)(1, 0, 1, 7)",add
2021-11-29,CROISSANT,16.0,18.034866923628854,14.688090837459985,"(1, 1, 1)(1, 0, 1, 7)",add
2021-11-30,CROISSANT,17.0,8.68759994107679,9.018851277575672,"(1, 1, 1)(1, 0, 1, 7)",add
2021-12-01,CROISSANT,0.0,5.561328119740624,4.975832608408137,"(1, 1, 1)(1, 0, 1, 7)",add
2021-12-02,CROISSANT,19.0,13.9459081699581,15.14967450465372,"(1, 1, 1)(1, 0, 1, 7)",add
2021-12-03,CROISSANT,33.0,12.081741548544276,11.543140507147198,"(1, 1, 1)(1, 0, 1, 7)",add
2021-12-04,CROISSANT,11.0,41.85019285038068,40.81509326234135,"(1, 1, 1)(1, 0, 1, 7)",add
2021-12-05,CROISSANT,72.0,66.03918008792984,76.96843031997517,"(1, 1, 1)(1, 0, 1, 7)",add
2021-12-06,CROISSANT,0.0,12.420531015562219,13.64857410330418,"(1, 1, 1)(1, 0, 1, 7)",add
2021-12-07,CROISSANT,0.0,2.6415516926886866,5.247927017128049,"(1, 1, 1)(1, 0, 1, 7)",add
2021-12-08,CROISSANT,0.0,-4.1907100578052265,-3.3707620037064423,"(1, 1, 1)(1, 0, 1, 7)",add
2021-12-09,CROISSANT,39.0,11.358424901619784,9.764618481751123,"(1, 1, 1)(1, 0, 1, 7)",add
2021-12-10,CROISSANT,10.0,20.48261892154751,14.106808961469417,"(1, 1, 1)(1, 0, 1, 7)",add
2021-12-11,CROISSANT,34.0,27.324222949687716,31.53084885237273,"(1, 1, 1)(1, 0, 1, 7)",add
2021-12-12,CROISSANT,70.0,73.4192557845258,78.07452553851044,"(1, 1, 1)(1, 0, 1, 7)",add
2021-12-13,CROISSANT,13.0,9.863416893086821,13.03432722367036,"(1, 1, 1)(1, 0, 1, 7)",add
2021-12-14,CROISSANT,27.0,7.361113077531911,8.777273026213788,"(1, 1, 1)(1, 0, 1, 7)",add
2021-12-15,CROISSANT,0.0,8.45413851556625,6.630153715483207,"(1, 1, 1)(1, 0, 1, 7)",add
2021-12-16,CROISSANT,24.0,18.55496380116343,20.39239875497602,"(1, 1, 1)(1, 0, 1, 7)",add
2021-12-17,CROISSANT,42.0,15.607114626607643,14.92612640010878,"(1, 1, 1)(1, 0, 1, 7)",add
2021-12-18,CROISSANT,36.0,42.23109339402286,40.38915808346318,"(1, 1, 1)(1, 0, 1, 7)",add
2021-12-19,CROISSANT,75.0,77.13899991261786,84.12224373468517,"(1, 1, 1)(1, 0, 1, 7)",add
2021-12-20,CROISSANT,35.0,15.845710706307386,19.758504337865336,"(1, 1, 1)(1, 0, 1, 7)",add
2021-12-21,CROISSANT,35.0,22.506108515186686,21.16264556138078,"(1, 1, 1)(1, 0, 1, 7)",add
2021-12-22,CROISSANT,15.0,15.334561114916006,15.143168988239587,"(1, 1, 1)(1, 0, 1, 7)",add
2021-12-23,CROISSANT,32.0,30.171375671689667,31.59419029236735,"(1, 1, 1)(1, 0, 1, 7)",add
2021-12-24,CROISSANT,36.0,28.08262474624332,28.068620244472562,"(1, 1, 1)(1, 0, 1, 7)",add
2021-12-25,CROISSANT,72.0,44.08351794216874,45.453822936176266,"(1, 1, 1)(1, 0, 1, 7)",add
2021-12-26,CROISSANT,66.0,95.15846207275058,95.87275951680266,"(1, 1, 1)(1, 0, 1, 7)",add
2021-12-27,CROISSANT,25.0,21.686510605590264,29.452219059813526,"(1, 1, 1)(1, 0, 1, 7)",add
2021-12-28,CROISSANT,36.0,25.0693402402878,26.093947266602356,"(1, 1, 1)(1, 0, 1, 7)",add
2021-12-29,CROISSANT,25.0,18.95730798257031,17.553986752753524,"(1, 1, 1)(1, 0, 1, 7)",add
2021-12-30,CROISSANT,29.0,37.25277508054493,35.84115719146324,"(1, 1, 1)(1, 0, 1, 7)",add
2021-12-31,CROISSANT,50.0,31.264462699979976,31.484596989202213,"(1, 1, 1)(1, 0, 1, 7)",add
2022-01-01,CROISSANT,0.0,56.23841062485174,53.475726328045326,"(1, 1, 1)(1, 0, 1, 7)",add
2022-01-02,CROISSANT,69.0,64.68381169296366,78.73259030536809,"(1, 1, 1)(1, 0, 1, 7)",add
2022-01-03,CROISSANT,17.0,19.95783418864967,19.930628692185525,"(1, 1, 1)(1, 0, 1, 7)",add
2022-01-04,CROISSANT,1.0,20.663849909656932,18.573084333481184,"(1, 1, 1)(1, 0, 1, 7)",add
2022-01-05,CROISSANT,0.0,2.597868657381494,3.3306253839204203,"(1, 1, 1)(1, 0, 1, 7)",add
2022-01-06,CROISSANT,28.0,20.1007073166156,17.46273237020276,"(1, 1, 1)(1, 0, 1, 7)",add
2022-01-07,CROISSANT,11.0,26.45876063944768,20.07212622719518,"(1, 1, 1)(1, 0, 1, 7)",add
2022-01-08,CROISSANT,22.0,26.006027595456708,27.36841165414859,"(1, 1, 1)(1, 0, 1, 7)",add
2022-01-09,CROISSANT,56.0,65.32870977390806,68.87794341771692,"(1, 1, 1)(1, 0, 1, 7)",add
2022-01-10,CROISSANT,11.0,8.981440324983225,10.120439269508736,"(1, 1, 1)(1, 0, 1, 7)",add
2022-01-11,CROISSANT,17.0,9.673432694568413,7.975399020783282,"(1, 1, 1)(1, 0, 1, 7)",add
2022-01-12,CROISSANT,0.0,3.4291431825954994,0.5795379194944346,"(1, 1, 1)(1, 0, 1, 7)",add
2022-01-13,CROISSANT,20.0,18.05374323985336,16.943461138422588,"(1, 1, 1)(1, 0, 1, 7)",add
2022-01-14,CROISSANT,27.0,18.27306847919132,15.558063857145736,"(1, 1, 1)(1, 0, 1, 7)",add
2022-01-15,CROISSANT,26.0,28.910484038454108,28.071930129599764,"(1, 1, 1)(1, 0, 1, 7)",add
2022-01-16,CROISSANT,63.0,64.24576592093476,69.4912413675,"(1, 1, 1)(1, 0, 1, 7)",add
2022-01-17,CROISSANT,13.0,11.701022986668526,13.802382290607506,"(1, 1, 1)(1, 0, 1, 7)",add
2022-01-18,CROISSANT,21.0,11.74142679040128,12.197624534691085,"(1, 1, 1)(1, 0, 1, 7)",add
2022-01-19,CROISSANT,0.0,4.962230567205335,3.649376934567808,"(1, 1, 1)(1, 0, 1, 7)",add
2022-01-20,CROISSANT,18.0,18.91473784657234,19.712648049014426,"(1, 1, 1)(1, 0, 1, 7)",add
2022-01-21,CROISSANT,10.0,19.24059375924559,18.173725687628156,"(1, 1, 1)(1, 0, 1, 7)",add
2022-01-22,CROISSANT,38.0,21.781015150794104,24.555858467682448,"(1, 1, 1)(1, 0, 1, 7)",add
2022-01-23,CROISSANT,57.0,67.4090871861755,69.09419445826111,"(1, 1, 1)(1, 0, 1, 7)",add
2022-01-24,CROISSANT,9.0,9.569042557952933,12.748022101425168,"(1, 1, 1)(1, 0, 1, 7)",add
2022-01-25,CROISSANT,11.0,10.942160666529022,11.555536009899107,"(1, 1, 1)(1, 0, 1, 7)",add
2022-01-26,CROISSANT,0.0,-0.5566717487779052,-0.6059770913376319,"(1, 1, 1)(1, 0, 1, 7)",add
2022-01-27,CROISSANT,23.0,17.151772517486098,16.673490799670496,"(1, 1, 1)(1, 0, 1, 7)",add
2022-01-28,CROISSANT,39.0,18.58525844083454,16.272629160889835,"(1, 1, 1)(1, 0, 1, 7)",add
2022-01-29,CROISSANT,31.0,35.201523833872045,32.35196071395146,"(1, 1, 1)(1, 0, 1, 7)",add
2022-01-30,CROISSANT,48.0,64.80714882958867,70.50688548254605,"(1, 1, 1)(1, 0, 1, 7)",add
2022-01-31,CROISSANT,17.0,7.042163494456602,12.68406387383036,"(1, 1, 1)(1, 0, 1, 7)",add
2022-02-01,CROISSANT,9.0,14.36311973738971,13.741559089390103,"(1, 1, 1)(1, 0, 1, 7)",add
2022-02-02,CROISSANT,0.0,-0.375441165226281,0.7350518060288884,"(1, 1, 1)(1, 0, 1, 7)",add
2022-02-03,CROISSANT,21.0,18.47336501533926,18.35665301805829,"(1, 1, 1)(1, 0, 1, 7)",add
2022-02-04,CROISSANT,15.0,21.153509567677865,18.974449611397155,"(1, 1, 1)(1, 0, 1, 7)",add
2022-02-05,CROISSANT,24.0,24.947781560340196,26.0557220364692,"(1, 1, 1)(1, 0, 1, 7)",add
2022-02-06,CROISSANT,77.0,57.30291536525146,61.62223388769988,"(1, 1, 1)(1, 0, 1, 7)",add
2022-02-07,CROISSANT,13.0,18.13838019552319,15.724744251319514,"(1, 1, 1)(1, 0, 1, 7)",add
2022-02-08,CROISSANT,5.0,12.638194549004073,14.099326419580754,"(1, 1, 1)(1, 0, 1, 7)",add
2022-02-09,CROISSANT,0.0,-1.66271148820596,0.5336815939972297,"(1, 1, 1)(1, 0, 1, 7)",add
2022-02-10,CROISSANT,31.0,18.600294689142697,18.5894379170129,"(1, 1, 1)(1, 0, 1, 7)",add
2022-02-11,CROISSANT,16.0,24.158213952755215,20.731106404193646,"(1, 1, 1)(1, 0, 1, 7)",add
2022-02-12,CROISSANT,33.0,25.921227486455912,27.85543448199821,"(1, 1, 1)(1, 0, 1, 7)",add
2022-02-13,CROISSANT,78.0,64.32177802495042,67.10189126868607,"(1, 1, 1)(1, 0, 1, 7)",add
2022-02-14,CROISSANT,22.0,19.370848181972583,18.083485991328594,"(1, 1, 1)(1, 0, 1, 7)",add
2022-02-15,CROISSANT,54.0,16.554478860872912,17.27941443422791,"(1, 1, 1)(1, 0, 1, 7)",add
2022-02-16,CROISSANT,0.0,20.569111421491513,15.401264382691828,"(1, 1, 1)(1, 0, 1, 7)",add
2022-02-17,CROISSANT,11.0,26.364263357819482,31.46632301504149,"(1, 1, 1)(1, 0, 1, 7)",add
2022-02-18,CROISSANT,17.0,19.92433763522255,23.962033297904057,"(1, 1, 1)(1, 0, 1, 7)",add
2022-02-19,CROISSANT,44.0,29.845078238224197,31.69667079181835,"(1, 1, 1)(1, 0, 1, 7)",add
2022-02-20,CROISSANT,96.0,72.79174685110047,73.27505751377822,"(1, 1, 1)(1, 0, 1, 7)",add
2022-02-21,CROISSANT,18.0,30.12722719281821,26.220078380101825,"(1, 1, 1)(1, 0, 1, 7)",add
2022-02-22,CROISSANT,28.0,24.454352629397267,26.338998152463013,"(1, 1, 1)(1, 0, 1, 7)",add
2022-02-23,CROISSANT,0.0,10.203917829345777,10.29678961944149,"(1, 1, 1)(1, 0, 1, 7)",add
2022-02-24,CROISSANT,20.0,24.401851383807408,26.974166238540555,"(1, 1, 1)(1, 0, 1, 7)",add
2022-02-25,CROISSANT,13.0,23.428691791072705,24.16972867208643,"(1, 1, 1)(1, 0, 1, 7)",add
2022-02-26,CROISSANT,44.0,31.22996186314127,33.12868546717936,"(1, 1, 1)(1, 0, 1, 7)",add
2022-02-27,CROISSANT,92.0,76.40805384699335,75.56660609251232,"(1, 1, 1)(1, 0, 1, 7)",add
2022-02-28,CROISSANT,15.0,27.324979867903394,23.495832941258392,"(1, 1, 1)(1, 0, 1, 7)",add
2022-03-01,CROISSANT,15.0,23.780475373993983,24.682516487909623,"(1, 1, 1)(1, 0, 1, 7)",add
2022-03-02,CROISSANT,24.0,3.29759656464903,4.61969571588207,"(1, 1, 1)(1, 0, 1, 7)",add
2022-03-03,CROISSANT,11.0,32.13603967793095,28.611969791967677,"(1, 1, 1)(1, 0, 1, 7)",add
2022-03-04,CROISSANT,26.0,19.235985396927553,22.841225967718355,"(1, 1, 1)(1, 0, 1, 7)",add
2022-03-05,CROISSANT,52.0,38.333242320384684,37.673610087937156,"(1, 1, 1)(1, 0, 1, 7)",add
2022-03-06,CROISSANT,72.0,82.84145230679138,81.55613916237256,"(1, 1, 1)(1, 0, 1, 7)",add
2022-03-07,CROISSANT,30.0,19.26967951836145,20.556353181564205,"(1, 1, 1)(1, 0, 1, 7)",add
2022-03-08,CROISSANT,21.0,28.322532919865935,25.798702811614685,"(1, 1, 1)(1, 0, 1, 7)",add
2022-03-09,CROISSANT,19.0,9.929069327121713,10.20708610775749,"(1, 1, 1)(1, 0, 1, 7)",add
2022-03-10,CROISSANT,22.0,28.46245211118629,27.486916678222123,"(1, 1, 1)(1, 0, 1, 7)",add
2022-03-11,CROISSANT,17.0,25.487586838592566,26.929200849860525,"(1, 1, 1)(1, 0, 1, 7)",add
2022-03-12,CROISSANT,22.0,38.20951413045887,39.98313077159463,"(1, 1, 1)(1, 0, 1, 7)",add
2022-03-13,CROISSANT,57.0,69.36446072228324,73.57988679978999,"(1, 1, 1)(1, 0, 1, 7)",add
2022-03-14,CROISSANT,23.0,12.683599535128351,13.116006734296107,"(1, 1, 1)(1, 0, 1, 7)",add
2022-03-15,CROISSANT,12.0,21.24632235420396,16.829326750525958,"(1, 1, 1)(1, 0, 1, 7)",add
2022-03-16,CROISSANT,22.0,4.3441626070134385,2.787910783331391,"(1, 1, 1)(1, 0, 1, 7)",add
2022-03-17,CROISSANT,12.0,25.10420667303869,20.866014597580733,"(1, 1, 1)(1, 0, 1, 7)",add
2022-03-18,CROISSANT,25.0,17.374303399220853,19.009751289693277,"(1, 1, 1)(1, 0, 1, 7)",add
2022-03-19,CROISSANT,28.0,35.758258065090764,34.860494706897775,"(1, 1, 1)(1, 0, 1, 7)",add
2022-03-20,CROISSANT,94.0,67.68773199012415,71.2168905051636,"(1, 1, 1)(1, 0, 1, 7)",add
2022-03-21,CROISSANT,28.0,28.185748771673204,22.98263590942456,"(1, 1, 1)(1, 0, 1, 7)",add
2022-03-22,CROISSANT,27.0,24.26228948732712,23.872963203394242,"(1, 1, 1)(1, 0, 1, 7)",add
2022-03-23,CROISSANT,31.0,15.492700459449969,14.445303000698402,"(1, 1, 1)(1, 0, 1, 7)",add
2022-03-24,CROISSANT,20.0,30.242711300722878,28.685246917316352,"(1, 1, 1)(1, 0, 1, 7)",add
2022-03-25,CROISSANT,38.0,25.413876043496227,28.573482812454174,"(1, 1, 1)(1, 0, 1, 7)",add
2022-03-26,CROISSANT,46.0,43.69370576184241,43.75466022869412,"(1, 1, 1)(1, 0, 1, 7)",add
2022-03-27,CROISSANT,95.0,82.98376718981552,85.63530132158674,"(1, 1, 1)(1, 0, 1, 7)",add
2022-03-28,CROISSANT,17.0,34.06794853269555,32.23013904957281,"(1, 1, 1)(1, 0, 1, 7)",add
2022-03-29,CROISSANT,14.0,24.85550943149981,28.17294998646448,"(1, 1, 1)(1, 0, 1, 7)",add
2022-03-30,CROISSANT,17.0,15.47377285340352,16.24164102820919,"(1, 1, 1)(1, 0, 1, 7)",add
2022-03-31,CROISSANT,13.0,24.408155582991604,23.898654602784447,"(1, 1, 1)(1, 0, 1, 7)",add
2022-04-01,CROISSANT,23.0,24.272626110439646,25.345002196297607,"(1, 1, 1)(1, 0, 1, 7)",add
2022-04-02,CROISSANT,38.0,37.64569095935142,37.50079769948464,"(1, 1, 1)(1, 0, 1, 7)",add
2022-04-03,CROISSANT,69.0,79.19846893687992,79.67255640766223,"(1, 1, 1)(1, 0, 1, 7)",add
2022-04-04,CROISSANT,29.0,22.99537277613848,21.261162404234966,"(1, 1, 1)(1, 0, 1, 7)",add
2022-04-05,CROISSANT,19.0,22.398390647044764,20.883697648354712,"(1, 1, 1)(1, 0, 1, 7)",add
2022-04-06,CROISSANT,24.0,16.865514856738,13.974822064753724,"(1, 1, 1)(1, 0, 1, 7)",add
2022-04-07,CROISSANT,27.0,21.500210247392104,21.36774733830238,"(1, 1, 1)(1, 0, 1, 7)",add
2022-04-08,CROISSANT,17.0,26.68596644352982,25.360613783884812,"(1, 1, 1)(1, 0, 1, 7)",add
2022-04-09,CROISSANT,29.0,38.43586891597408,37.51640928707185,"(1, 1, 1)(1, 0, 1, 7)",add
2022-04-10,CROISSANT,86.0,79.3465983525214,79.68816799524944,"(1, 1, 1)(1, 0, 1, 7)",add
2022-04-11,CROISSANT,18.0,23.37477233473546,21.276773991822175,"(1, 1, 1)(1, 0, 1, 7)",add
2022-04-12,CROISSANT,22.0,22.75527950474064,20.89930923594192,"(1, 1, 1)(1, 0, 1, 7)",add
2022-04-13,CROISSANT,21.0,17.248488613956823,13.99043365234093,"(1, 1, 1)(1, 0, 1, 7)",add
2022-04-14,CROISSANT,35.0,21.85402483658678,21.38335892588959,"(1, 1, 1)(1, 0, 1, 7)",add
2022-04-15,CROISSANT,19.0,27.008632382555444,25.37622537147202,"(1, 1, 1)(1, 0, 1, 7)",add
2022-04-16,CROISSANT,82.0,38.68884101070054,37.53202087465906,"(1, 1, 1)(1, 0, 1, 7)",add
2022-04-17,CROISSANT,136.0,79.35727435393821,79.70377958283665,"(1, 1, 1)(1, 0, 1, 7)",add
2022-04-18,CROISSANT,108.0,23.716897667493406,21.292385579409384,"(1, 1, 1)(1, 0, 1, 7)",add
2022-04-19,CROISSANT,48.0,23.101071479977932,20.91492082352913,"(1, 1, 1)(1, 0, 1, 7)",add
2022-04-20,CROISSANT,34.0,17.62689048987026,14.006045239928138,"(1, 1, 1)(1, 0, 1, 7)",add
2022-04-21,CROISSANT,35.0,22.20515329396934,21.398970513476797,"(1, 1, 1)(1, 0, 1, 7)",add
2022-04-22,CROISSANT,23.0,27.329235996502806,25.391836959059226,"(1, 1, 1)(1, 0, 1, 7)",add
2022-04-23,CROISSANT,41.0,38.94027617597107,37.54763246224626,"(1, 1, 1)(1, 0, 1, 7)",add
2022-04-24,CROISSANT,85.0,79.36787716559405,79.71939117042385,"(1, 1, 1)(1, 0, 1, 7)",add
2022-04-25,CROISSANT,24.0,24.05699442893939,21.307997166996586,"(1, 1, 1)(1, 0, 1, 7)",add
2022-04-26,CROISSANT,20.0,23.444815071434896,20.93053241111633,"(1, 1, 1)(1, 0, 1, 7)",add
2022-04-27,CROISSANT,14.0,18.00305135857613,14.021656827515343,"(1, 1, 1)(1, 0, 1, 7)",add
2022-04-28,CROISSANT,14.0,22.554202378260353,21.414582101064,"(1, 1, 1)(1, 0, 1, 7)",add
2022-04-29,CROISSANT,36.0,27.64794103296097,25.40744854664643,"(1, 1, 1)(1, 0, 1, 7)",add
2022-04-30,CROISSANT,66.0,39.19022237713631,37.56324404983347,"(1, 1, 1)(1, 0, 1, 7)",add
2022-05-01,CROISSANT,128.0,79.3784171882649,79.73500275801106,"(1, 1, 1)(1, 0, 1, 7)",add
2022-05-02,CROISSANT,34.0,24.39507718827973,21.323608754583795,"(1, 1, 1)(1, 0, 1, 7)",add
2022-05-03,CROISSANT,19.0,23.786523064945584,20.94614399870354,"(1, 1, 1)(1, 0, 1, 7)",add
2022-05-04,CROISSANT,0.0,18.376984659126393,14.037268415102549,"(1, 1, 1)(1, 0, 1, 7)",add
2022-05-05,CROISSANT,29.0,22.901184446318428,21.430193688651208,"(1, 1, 1)(1, 0, 1, 7)",add
2022-05-06,CROISSANT,13.0,27.964758746080367,25.423060134233637,"(1, 1, 1)(1, 0, 1, 7)",add
2022-05-07,CROISSANT,44.0,39.43868843445442,37.57885563742067,"(1, 1, 1)(1, 0, 1, 7)",add
2022-05-08,CROISSANT,87.0,79.38889479450515,79.75061434559827,"(1, 1, 1)(1, 0, 1, 7)",add
2022-05-09,CROISSANT,17.0,24.731157872318818,21.339220342170997,"(1, 1, 1)(1, 0, 1, 7)",add
2022-05-10,CROISSANT,18.0,24.126207515062994,20.961755586290742,"(1, 1, 1)(1, 0, 1, 7)",add
2022-05-11,CROISSANT,17.0,18.7487035828572,14.052880002689754,"(1, 1, 1)(1, 0, 1, 7)",add
2022-05-12,CROISSANT,20.0,23.246111738706233,21.44580527623841,"(1, 1, 1)(1, 0, 1, 7)",add
2022-05-13,CROISSANT,12.0,28.27970031230701,25.438671721820842,"(1, 1, 1)(1, 0, 1, 7)",add
2022-05-14,CROISSANT,31.0,39.68568311311506,37.59446722500788,"(1, 1, 1)(1, 0, 1, 7)",add
2022-05-15,CROISSANT,97.0,79.39931035393559,79.76622593318547,"(1, 1, 1)(1, 0, 1, 7)",add
2022-05-16,CROISSANT,27.0,25.065248337045823,21.354831929758205,"(1, 1, 1)(1, 0, 1, 7)",add
2022-05-17,CROISSANT,19.0,24.463880404907098,20.97736717387795,"(1, 1, 1)(1, 0, 1, 7)",add
2022-05-18,CROISSANT,17.0,19.11822124297539,14.068491590276963,"(1, 1, 1)(1, 0, 1, 7)",add
2022-05-19,CROISSANT,10.0,23.588996423496578,21.46141686382562,"(1, 1, 1)(1, 0, 1, 7)",add
2022-05-20,CROISSANT,21.0,28.59277684190093,25.45428330940805,"(1, 1, 1)(1, 0, 1, 7)",add
2022-05-21,CROISSANT,65.0,39.93121512640159,37.61007881259509,"(1, 1, 1)(1, 0, 1, 7)",add
2022-05-22,CROISSANT,95.0,79.4096642339881,79.78183752077268,"(1, 1, 1)(1, 0, 1, 7)",add
2022-05-23,CROISSANT,18.0,25.397360368240435,21.370443517345414,"(1, 1, 1)(1, 0, 1, 7)",add
2022-05-24,CROISSANT,23.0,24.79955364663555,20.99297876146516,"(1, 1, 1)(1, 0, 1, 7)",add
2022-05-25,CROISSANT,19.0,19.4855506750333,14.084103177864169,"(1, 1, 1)(1, 0, 1, 7)",add
2022-05-26,CROISSANT,109.0,23.929850596704718,21.477028451412828,"(1, 1, 1)(1, 0, 1, 7)",add
2022-05-27,CROISSANT,139.0,28.903999379328802,25.469894896995257,"(1, 1, 1)(1, 0, 1, 7)",add
2022-05-28,CROISSANT,112.0,40.175293135998544,37.62569040018229,"(1, 1, 1)(1, 0, 1, 7)",add
2022-05-29,CROISSANT,190.0,79.41995679991868,79.79744910835988,"(1, 1, 1)(1, 0, 1, 7)",add
2022-05-30,CROISSANT,34.0,25.727505681888765,21.386055104932616,"(1, 1, 1)(1, 0, 1, 7)",add
2022-05-31,CROISSANT,11.0,25.133239081864048,21.008590349052362,"(1, 1, 1)(1, 0, 1, 7)",add
2022-06-01,CROISSANT,35.0,19.85070483738871,14.099714765451374,"(1, 1, 1)(1, 0, 1, 7)",add
2022-06-02,CROISSANT,22.0,24.268686282715155,21.49264003900003,"(1, 1, 1)(1, 0, 1, 7)",add
2022-06-03,CROISSANT,33.0,29.213378903653677,25.485506484582462,"(1, 1, 1)(1, 0, 1, 7)",add
2022-06-04,CROISSANT,72.0,40.41792575229732,37.6413019877695,"(1, 1, 1)(1, 0, 1, 7)",add
2022-06-05,CROISSANT,132.0,79.43018841482036,79.81306069594709,"(1, 1, 1)(1, 0, 1, 7)",add
2022-06-06,CROISSANT,118.0,26.055695924596613,21.401666692519825,"(1, 1, 1)(1, 0, 1, 7)",add
2022-06-07,CROISSANT,15.0,25.464948482083994,21.02420193663957,"(1, 1, 1)(1, 0, 1, 7)",add
2022-06-08,CROISSANT,14.0,20.213696611661952,14.11532635303858,"(1, 1, 1)(1, 0, 1, 7)",add
2022-06-09,CROISSANT,29.0,24.605515434705772,21.50825162658724,"(1, 1, 1)(1, 0, 1, 7)",add
2022-06-10,CROISSANT,19.0,29.52092632892221,25.501118072169668,"(1, 1, 1)(1, 0, 1, 7)",add
2022-06-11,CROISSANT,62.0,40.659121534699835,37.656913575356704,"(1, 1, 1)(1, 0, 1, 7)",add
2022-06-12,CROISSANT,87.0,79.44035943963598,79.8286722835343,"(1, 1, 1)(1, 0, 1, 7)",add
2022-06-13,CROISSANT,20.0,26.38194267400032,21.417278280107034,"(1, 1, 1)(1, 0, 1, 7)",add
2022-06-14,CROISSANT,24.0,25.79469354907779,21.03981352422678,"(1, 1, 1)(1, 0, 1, 7)",add
2022-06-15,CROISSANT,23.0,20.574538803190325,14.130937940625788,"(1, 1, 1)(1, 0, 1, 7)",add
2022-06-16,CROISSANT,23.0,24.940349935069545,21.523863214174447,"(1, 1, 1)(1, 0, 1, 7)",add
2022-06-17,CROISSANT,17.0,29.826652504549738,25.516729659756876,"(1, 1, 1)(1, 0, 1, 7)",add
2022-06-18,CROISSANT,75.0,40.89888899192054,37.67252516294391,"(1, 1, 1)(1, 0, 1, 7)",add
2022-06-19,CROISSANT,114.0,79.45047023317092,79.8442838711215,"(1, 1, 1)(1, 0, 1, 7)",add
2022-06-20,CROISSANT,38.0,26.70625743917521,21.432889867694236,"(1, 1, 1)(1, 0, 1, 7)",add
2022-06-21,CROISSANT,36.0,26.122485915331655,21.05542511181398,"(1, 1, 1)(1, 0, 1, 7)",add
2022-06-22,CROISSANT,30.0,20.933244141479857,14.146549528212994,"(1, 1, 1)(1, 0, 1, 7)",add
2022-06-23,CROISSANT,40.0,25.27320159583369,21.53947480176165,"(1, 1, 1)(1, 0, 1, 7)",add
2022-06-24,CROISSANT,37.0,30.130568215702972,25.532341247344082,"(1, 1, 1)(1, 0, 1, 7)",add
2022-06-25,CROISSANT,46.0,41.13723658228654,37.68813675053112,"(1, 1, 1)(1, 0, 1, 7)",add
2022-06-26,CROISSANT,97.0,79.46052115210577,79.8598954587087,"(1, 1, 1)(1, 0, 1, 7)",add
2022-06-27,CROISSANT,45.0,27.028651661041593,21.448501455281445,"(1, 1, 1)(1, 0, 1, 7)",add
2022-06-28,CROISSANT,13.0,26.448337144445958,21.07103669940119,"(1, 1, 1)(1, 0, 1, 7)",add
2022-06-29,CROISSANT,15.0,21.28982528065435,14.162161115800199,"(1, 1, 1)(1, 0, 1, 7)",add
2022-06-30,CROISSANT,25.0,25.604082159076384,21.55508638934886,"(1, 1, 1)(1, 0, 1, 7)",add
2022-07-01,CROISSANT,34.0,30.05539439595532,29.96505924251906,"(1, 1, 1)(1, 0, 1, 7)",add
2022-07-02,CROISSANT,33.0,55.86403340488801,53.73653633440893,"(1, 1, 1)(1, 0, 1, 7)",add
2022-07-03,CROISSANT,96.0,102.3618139637212,99.21581551902622,"(1, 1, 1)(1, 0, 1, 7)",add
2022-07-04,CROISSANT,38.0,38.045344743538294,32.126222155653224,"(1, 1, 1)(1, 0, 1, 7)",add
2022-07-05,CROISSANT,26.0,21.523926130528125,17.3019863119394,"(1, 1, 1)(1, 0, 1, 7)",add
2022-07-06,CROISSANT,28.0,19.73984983328687,16.38667956656487,"(1, 1, 1)(1, 0, 1, 7)",add
2022-07-07,CROISSANT,26.0,30.459133144003232,28.49969797384698,"(1, 1, 1)(1, 0, 1, 7)",add
2022-07-08,CROISSANT,21.0,32.0619794132663,30.07630479216371,"(1, 1, 1)(1, 0, 1, 7)",add
2022-07-09,CROISSANT,76.0,56.51008828587901,53.84778188405359,"(1, 1, 1)(1, 0, 1, 7)",add
2022-07-10,CROISSANT,127.0,102.3666926804835,99.32706106867087,"(1, 1, 1)(1, 0, 1, 7)",add
2022-07-11,CROISSANT,66.0,38.12464899349881,32.23746770529789,"(1, 1, 1)(1, 0, 1, 7)",add
2022-07-12,CROISSANT,42.0,21.603452989651977,17.41323186158406,"(1, 1, 1)(1, 0, 1, 7)",add
2022-07-13,CROISSANT,53.0,19.80311580203394,16.497925116209526,"(1, 1, 1)(1, 0, 1, 7)",add
2022-07-14,CROISSANT,131.0,30.473085589410623,28.61094352349164,"(1, 1, 1)(1, 0, 1, 7)",add
2022-07-15,CROISSANT,153.0,32.066709167133205,30.187550341808368,"(1, 1, 1)(1, 0, 1, 7)",add
2022-07-16,CROISSANT,161.0,56.42053369400696,53.959027433698246,"(1, 1, 1)(1, 0, 1, 7)",add
2022-07-17,CROISSANT,196.0,102.10201946582603,99.43830661831554,"(1, 1, 1)(1, 0, 1, 7)",add
2022-07-18,CROISSANT,102.0,38.10456035060048,32.34871325494254,"(1, 1, 1)(1, 0, 1, 7)",add
2022-07-19,CROISSANT,74.0,21.646247320077823,17.52447741122871,"(1, 1, 1)(1, 0, 1, 7)",add
2022-07-20,CROISSANT,51.0,19.852747849742553,16.609170665854183,"(1, 1, 1)(1, 0, 1, 7)",add
2022-07-21,CROISSANT,64.0,30.48206113836538,28.72218907313629,"(1, 1, 1)(1, 0, 1, 7)",add
2022-07-22,CROISSANT,91.0,32.06961074612796,30.298795891453025,"(1, 1, 1)(1, 0, 1, 7)",add
2022-07-23,CROISSANT,112.0,56.33065479071671,54.0702729833429,"(1, 1, 1)(1, 0, 1, 7)",add
2022-07-24,CROISSANT,153.0,101.838109905437,99.5495521679602,"(1, 1, 1)(1, 0, 1, 7)",add
2022-07-25,CROISSANT,96.0,38.08445829307534,32.4599588045872,"(1, 1, 1)(1, 0, 1, 7)",add
2022-07-26,CROISSANT,48.0,21.688845551956284,17.635722960873366,"(1, 1, 1)(1, 0, 1, 7)",add
2022-07-27,CROISSANT,49.0,19.90217866012613,16.72041621549884,"(1, 1, 1)(1, 0, 1, 7)",add
2022-07-28,CROISSANT,58.0,30.490998024350667,28.833434622780945,"(1, 1, 1)(1, 0, 1, 7)",add
2022-07-29,CROISSANT,52.0,32.072499628046124,30.410041441097682,"(1, 1, 1)(1, 0, 1, 7)",add
2022-07-30,CROISSANT,111.0,56.24111769013949,54.18151853298755,"(1, 1, 1)(1, 0, 1, 7)",add
2022-07-31,CROISSANT,210.0,101.57520552488728,99.66079771760485,"(1, 1, 1)(1, 0, 1, 7)",add
2022-08-01,CROISSANT,90.0,38.06443273562297,32.57120435423185,"(1, 1, 1)(1, 0, 1, 7)",add
2022-08-02,CROISSANT,75.0,21.731281469649478,17.746968510518023,"(1, 1, 1)(1, 0, 1, 7)",add
2022-08-03,CROISSANT,36.0,19.951421145601852,16.831661765143497,"(1, 1, 1)(1, 0, 1, 7)",add
2022-08-04,CROISSANT,81.0,30.49990085991009,28.944680172425603,"(1, 1, 1)(1, 0, 1, 7)",add
2022-08-05,CROISSANT,89.0,32.07537750285635,30.52128699074234,"(1, 1, 1)(1, 0, 1, 7)",add
2022-08-06,CROISSANT,108.0,56.15192169364208,54.29276408263221,"(1, 1, 1)(1, 0, 1, 7)",add
2022-08-07,CROISSANT,216.0,101.31330271667268,99.7720432672495,"(1, 1, 1)(1, 0, 1, 7)",add
2022-08-08,CROISSANT,121.0,38.044483468374864,32.6824499038765,"(1, 1, 1)(1, 0, 1, 7)",add
2022-08-09,CROISSANT,83.0,21.77355572150506,17.85821406016268,"(1, 1, 1)(1, 0, 1, 7)",add
2022-08-10,CROISSANT,100.0,20.00047603464567,16.942907314788147,"(1, 1, 1)(1, 0, 1, 7)",add
2022-08-11,CROISSANT,147.0,30.508769778816834,29.05592572207026,"(1, 1, 1)(1, 0, 1, 7)",add
2022-08-12,CROISSANT,128.0,32.0782444139819,30.63253254038699,"(1, 1, 1)(1, 0, 1, 7)",add
2022-08-13,CROISSANT,173.0,56.06306550228659,54.40400963227687,"(1, 1, 1)(1, 0, 1, 7)",add
2022-08-14,CROISSANT,271.0,101.05239766535888,99.88328881689417,"(1, 1, 1)(1, 0, 1, 7)",add
2022-08-15,CROISSANT,156.0,38.024610200766425,32.79369545352117,"(1, 1, 1)(1, 0, 1, 7)",add
2022-08-16,CROISSANT,68.0,21.815668923439823,17.969459609807338,"(1, 1, 1)(1, 0, 1, 7)",add
2022-08-17,CROISSANT,67.0,20.049344041943534,17.054152864432805,"(1, 1, 1)(1, 0, 1, 7)",add
2022-08-18,CROISSANT,120.0,30.517604910285023,29.167171271714917,"(1, 1, 1)(1, 0, 1, 7)",add
2022-08-19,CROISSANT,84.0,32.08110040319188,30.743778090031647,"(1, 1, 1)(1, 0, 1, 7)",add
2022-08-20,CROISSANT,109.0,55.97454782153633,54.515255181921525,"(1, 1, 1)(1, 0, 1, 7)",add
2022-08-21,CROISSANT,179.0,100.79248656984579,99.99453436653882,"(1, 1, 1)(1, 0, 1, 7)",add
2022-08-22,CROISSANT,84.0,38.004812643266014,32.90494100316582,"(1, 1, 1)(1, 0, 1, 7)",add
2022-08-23,CROISSANT,49.0,21.85762168899692,18.080705159451988,"(1, 1, 1)(1, 0, 1, 7)",add
2022-08-24,CROISSANT,59.0,20.098025879448688,17.165398414077462,"(1, 1, 1)(1, 0, 1, 7)",add
2022-08-25,CROISSANT,51.0,30.52640638303282,29.278416821359574,"(1, 1, 1)(1, 0, 1, 7)",add
2022-08-26,CROISSANT,52.0,32.08394551209493,30.855023639676304,"(1, 1, 1)(1, 0, 1, 7)",add
2022-08-27,CROISSANT,49.0,55.886367361785844,54.62650073156618,"(1, 1, 1)(1, 0, 1, 7)",add
2022-08-28,CROISSANT,130.0,100.53356564351401,100.10577991618348,"(1, 1, 1)(1, 0, 1, 7)",add
2022-08-29,CROISSANT,47.0,37.98509050744495,33.01618655281048,"(1, 1, 1)(1, 0, 1, 7)",add
2022-08-30,CROISSANT,38.0,21.89941462938211,18.191950709096645,"(1, 1, 1)(1, 0, 1, 7)",add
2022-08-31,CROISSANT,34.0,20.14652225640208,17.27664396372212,"(1, 1, 1)(1, 0, 1, 7)",add
2022-09-01,CROISSANT,0.0,30.535174325288033,29.389662371004224,"(1, 1, 1)(1, 0, 1, 7)",add
2022-09-02,CROISSANT,31.0,32.08677978214116,30.96626918932096,"(1, 1, 1)(1, 0, 1, 7)",add
2022-09-03,CROISSANT,48.0,55.79852283834262,54.73774628121083,"(1, 1, 1)(1, 0, 1, 7)",add
2022-09-04,CROISSANT,76.0,100.27563111416978,100.21702546582813,"(1, 1, 1)(1, 0, 1, 7)",add
2022-09-05,CROISSANT,48.0,37.965443505973354,33.12743210245513,"(1, 1, 1)(1, 0, 1, 7)",add
2022-09-06,CROISSANT,17.0,21.94104835347266,18.303196258741302,"(1, 1, 1)(1, 0, 1, 7)",add
2022-09-07,CROISSANT,19.0,20.19483387934269,17.387889513366776,"(1, 1, 1)(1, 0, 1, 7)",add
2022-09-08,CROISSANT,25.0,30.54390886478994,29.50090792064888,"(1, 1, 1)(1, 0, 1, 7)",add
2022-09-09,CROISSANT,37.0,32.089603254622766,31.07751473896562,"(1, 1, 1)(1, 0, 1, 7)",add
2022-09-10,CROISSANT,53.0,55.71101297140833,54.84899183085549,"(1, 1, 1)(1, 0, 1, 7)",add
2022-09-11,CROISSANT,113.0,100.0186792239901,100.32827101547278,"(1, 1, 1)(1, 0, 1, 7)",add
2022-09-12,CROISSANT,28.0,37.94587135261599,33.23867765209978,"(1, 1, 1)(1, 0, 1, 7)",add
2022-09-13,CROISSANT,18.0,21.982523467826248,18.41444180838596,"(1, 1, 1)(1, 0, 1, 7)",add
2022-09-14,CROISSANT,21.0,20.242961452117854,17.499135063011433,"(1, 1, 1)(1, 0, 1, 7)",add
2022-09-15,CROISSANT,21.0,30.552610128791216,29.61215347029354,"(1, 1, 1)(1, 0, 1, 7)",add
2022-09-16,CROISSANT,28.0,32.09241597067465,31.188760288610275,"(1, 1, 1)(1, 0, 1, 7)",add
2022-09-17,CROISSANT,57.0,55.62383648606027,54.960237380500146,"(1, 1, 1)(1, 0, 1, 7)",add
2022-09-18,CROISSANT,81.0,99.76270622946791,100.43951656511744,"(1, 1, 1)(1, 0, 1, 7)",add
2022-09-19,CROISSANT,0.0,37.92637376222803,33.349923201744446,"(1, 1, 1)(1, 0, 1, 7)",add
2022-09-20,CROISSANT,13.0,22.023840576689754,18.525687358030616,"(1, 1, 1)(1, 0, 1, 7)",add
2022-09-21,CROISSANT,19.0,20.290905675893477,17.610380612656083,"(1, 1, 1)(1, 0, 1, 7)",add
2022-09-22,CROISSANT,29.0,30.56127824405971,29.723399019938196,"(1, 1, 1)(1, 0, 1, 7)",add
2022-09-23,CROISSANT,28.0,32.09521797127499,31.300005838254926,"(1, 1, 1)(1, 0, 1, 7)",add
2022-09-24,CROISSANT,43.0,55.53699211223271,55.0714829301448,"(1, 1, 1)(1, 0, 1, 7)",add
2022-09-25,CROISSANT,91.0,99.5077084013576,100.5507621147621,"(1, 1, 1)(1, 0, 1, 7)",add
2022-09-26,CROISSANT,26.0,37.906950450751005,33.461168751389096,"(1, 1, 1)(1, 0, 1, 7)",add
2022-09-27,CROISSANT,25.0,22.065000282008114,18.636932907675273,"(1, 1, 1)(1, 0, 1, 7)",add
2022-09-28,CROISSANT,20.0,20.33866724916428,17.72162616230074,"(1, 1, 1)(1, 0, 1, 7)",add
2022-09-29,CROISSANT,27.0,30.569913336880347,29.834644569582853,"(1, 1, 1)(1, 0, 1, 7)",add
2022-09-30,CROISSANT,38.0,32.09800929724586,31.411251387899583,"(1, 1, 1)(1, 0, 1, 7)",add
2021-01-02,ECLAIR,0.0,0.0,0.8618758819264494,"(1, 1, 1)(1, 0, 2, 7)",add
2021-01-03,ECLAIR,0.0,0.0,9.998906713652062,"(1, 1, 1)(1, 0, 2, 7)",add
2021-01-04,ECLAIR,0.0,0.0,-3.827889127697798,"(1, 1, 1)(1, 0, 2, 7)",add
2021-01-05,ECLAIR,0.0,0.0,-3.8882177242984577,"(1, 1, 1)(1, 0, 2, 7)",add
2021-01-06,ECLAIR,0.0,0.0,-3.7572972669151774,"(1, 1, 1)(1, 0, 2, 7)",add
2021-01-07,ECLAIR,0.0,0.0,-2.748254168051068,"(1, 1, 1)(1, 0, 2, 7)",add
2021-01-08,ECLAIR,0.0,0.0,-1.0054861342012278,"(1, 1, 1)(1, 0, 2, 7)",add
2021-01-09,ECLAIR,0.0,0.0,1.4028987778706878,"(1, 1, 1)(1, 0, 2, 7)",add
2021-01-10,ECLAIR,0.0,0.0,10.48103987062267,"(1, 1, 1)(1, 0, 2, 7)",add
2021-01-11,ECLAIR,0.0,0.0,-3.398235627276618,"(1, 1, 1)(1, 0, 2, 7)",add
2021-01-12,ECLAIR,0.0,0.0,-3.505331528327027,"(1, 1, 1)(1, 0, 2, 7)",add
2021-01-13,ECLAIR,0.0,0.0,-3.4160878064504963,"(1, 1, 1)(1, 0, 2, 7)",add
2021-01-14,ECLAIR,0.0,0.0,-2.4441849769035078,"(1, 1, 1)(1, 0, 2, 7)",add
2021-01-15,ECLAIR,0.0,0.0,-0.7345145354676645,"(1, 1, 1)(1, 0, 2, 7)",add
2021-01-16,ECLAIR,0.0,0.0,1.6443754202201293,"(1, 1, 1)(1, 0, 2, 7)",add
2021-01-17,ECLAIR,0.0,0.0,10.696232049703013,"(1, 1, 1)(1, 0, 2, 7)",add
2021-01-18,ECLAIR,0.0,0.0,-3.2064668769461617,"(1, 1, 1)(1, 0, 2, 7)",add
2021-01-19,ECLAIR,0.0,0.0,-3.3344365926445625,"(1, 1, 1)(1, 0, 2, 7)",add
2021-01-20,ECLAIR,0.0,0.0,-3.2637945939662543,"(1, 1, 1)(1, 0, 2, 7)",add
2021-01-21,ECLAIR,0.0,0.0,-2.3084687107886057,"(1, 1, 1)(1, 0, 2, 7)",add
2021-01-22,ECLAIR,0.0,0.0,-0.6135708335933816,"(1, 1, 1)(1, 0, 2, 7)",add
2021-01-23,ECLAIR,0.0,0.0,1.7521545349997192,"(1, 1, 1)(1, 0, 2, 7)",add
2021-01-24,ECLAIR,9.0,0.0,10.792279528014426,"(1, 1, 1)(1, 0, 2, 7)",add
2021-01-25,ECLAIR,3.0,1.8143875155096687,-2.14123409471025,"(1, 1, 1)(1, 0, 2, 7)",add
2021-01-26,ECLAIR,0.0,1.172203080212776,-2.0586065560539932,"(1, 1, 1)(1, 0, 2, 7)",add
2021-01-27,ECLAIR,0.0,0.7165856070852866,-2.1268372342859765,"(1, 1, 1)(1, 0, 2, 7)",add
2021-01-28,ECLAIR,0.0,0.6643330200204826,-1.2952678919823748,"(1, 1, 1)(1, 0, 2, 7)",add
2021-01-29,ECLAIR,5.0,0.6236771260156375,0.2893442058222553,"(1, 1, 1)(1, 0, 2, 7)",add
2021-01-30,ECLAIR,3.0,1.6328518238420524,3.1010327040542602,"(1, 1, 1)(1, 0, 2, 7)",add
2021-01-31,ECLAIR,12.0,4.145888701595523,12.320880467337936,"(1, 1, 1)(1, 0, 2, 7)",add
2021-02-01,ECLAIR,0.0,3.8135100641596953,-0.4524730082675448,"(1, 1, 1)(1, 0, 2, 7)",add
2021-02-02,ECLAIR,1.0,1.377451725620607,-0.8802118858207428,"(1, 1, 1)(1, 0, 2, 7)",add
2021-02-03,ECLAIR,0.0,1.5779580680928698,-0.9678606249944677,"(1, 1, 1)(1, 0, 2, 7)",add
2021-02-04,ECLAIR,0.0,1.3363158456941449,-0.2624445943332505,"(1, 1, 1)(1, 0, 2, 7)",add
2021-02-05,ECLAIR,0.0,2.7071071692623963,1.2097458391381408,"(1, 1, 1)(1, 0, 2, 7)",add
2021-02-06,ECLAIR,9.0,1.7878748677632093,3.37700522093409,"(1, 1, 1)(1, 0, 2, 7)",add
2021-02-07,ECLAIR,8.0,7.1367474872151115,13.219906993365598,"(1, 1, 1)(1, 0, 2, 7)",add
2021-02-08,ECLAIR,4.0,2.67323658937085,-0.08670005709855344,"(1, 1, 1)(1, 0, 2, 7)",add
2021-02-09,ECLAIR,1.0,2.64402149755214,-0.11885737261261031,"(1, 1, 1)(1, 0, 2, 7)",add
2021-02-10,ECLAIR,0.0,1.9007980174473333,-0.2893787016255698,"(1, 1, 1)(1, 0, 2, 7)",add
2021-02-11,ECLAIR,0.0,1.666425181253366,0.34218532819604075,"(1, 1, 1)(1, 0, 2, 7)",add
2021-02-12,ECLAIR,0.0,2.1973507733653928,1.748562468772956,"(1, 1, 1)(1, 0, 2, 7)",add
2021-02-13,ECLAIR,5.0,4.024968317767253,3.8571722612230315,"(1, 1, 1)(1, 0, 2, 7)",add
2021-02-14,ECLAIR,18.0,6.3595252036951315,13.212412846782946,"(1, 1, 1)(1, 0, 2, 7)",add
2021-02-15,ECLAIR,0.0,5.54234873355607,0.9951103756449862,"(1, 1, 1)(1, 0, 2, 7)",add
2021-02-16,ECLAIR,0.0,2.296311623123754,0.4098036608334583,"(1, 1, 1)(1, 0, 2, 7)",add
2021-02-17,ECLAIR,0.0,1.8843401143257676,0.07288928281342733,"(1, 1, 1)(1, 0, 2, 7)",add
2021-02-18,ECLAIR,0.0,1.787719574651428,0.6650208464639311,"(1, 1, 1)(1, 0, 2, 7)",add
2021-02-19,ECLAIR,4.0,2.272402502018653,2.0362577008445815,"(1, 1, 1)(1, 0, 2, 7)",add
2021-02-20,ECLAIR,6.0,4.781601610126429,4.548947727999538,"(1, 1, 1)(1, 0, 2, 7)",add
2021-02-21,ECLAIR,22.0,9.737925959241853,13.937738210325136,"(1, 1, 1)(1, 0, 2, 7)",add
2021-02-22,ECLAIR,10.0,5.518363152333453,2.076880422046662,"(1, 1, 1)(1, 0, 2, 7)",add
2021-02-23,ECLAIR,3.0,4.674014584947797,2.4623130937034254,"(1, 1, 1)(1, 0, 2, 7)",add
2021-02-24,ECLAIR,0.0,3.5450299423507388,2.228532007447104,"(1, 1, 1)(1, 0, 2, 7)",add
2021-02-25,ECLAIR,0.0,2.9458561295373555,2.5860242641002107,"(1, 1, 1)(1, 0, 2, 7)",add
2021-02-26,ECLAIR,4.0,4.1903446734707925,3.7481620384232404,"(1, 1, 1)(1, 0, 2, 7)",add
2021-02-27,ECLAIR,12.0,6.2379534048673495,6.07451318723575,"(1, 1, 1)(1, 0, 2, 7)",add
2021-02-28,ECLAIR,35.0,13.74904223694734,15.950340880251463,"(1, 1, 1)(1, 0, 2, 7)",add
2021-03-01,ECLAIR,0.0,10.99003709446183,5.285449040213155,"(1, 1, 1)(1, 0, 2, 7)",add
2021-03-02,ECLAIR,0.0,4.658871650948957,4.2331437455653145,"(1, 1, 1)(1, 0, 2, 7)",add
2021-03-03,ECLAIR,0.0,3.713769447161421,3.480063062412646,"(1, 1, 1)(1, 0, 2, 7)",add
2021-03-04,ECLAIR,0.0,3.5527761306814707,3.70132755921156,"(1, 1, 1)(1, 0, 2, 7)",add
2021-03-05,ECLAIR,7.0,5.010831302799867,4.7420658134442135,"(1, 1, 1)(1, 0, 2, 7)",add
2021-03-06,ECLAIR,9.0,8.90125954866159,7.286778299513649,"(1, 1, 1)(1, 0, 2, 7)",add
2021-03-07,ECLAIR,20.0,17.58436031814737,16.70410563180648,"(1, 1, 1)(1, 0, 2, 7)",add
2021-03-08,ECLAIR,4.0,6.112950248688691,4.324434064282006,"(1, 1, 1)(1, 0, 2, 7)",add
2021-03-09,ECLAIR,1.0,4.452241801778694,3.8121297181466343,"(1, 1, 1)(1, 0, 2, 7)",add
2021-03-10,ECLAIR,0.0,3.5409779495081404,3.213724827423233,"(1, 1, 1)(1, 0, 2, 7)",add
2021-03-11,ECLAIR,0.0,3.2208099221638697,3.4639799441289996,"(1, 1, 1)(1, 0, 2, 7)",add
2021-03-12,ECLAIR,9.0,5.58629196547038,4.530553221616687,"(1, 1, 1)(1, 0, 2, 7)",add
2021-03-13,ECLAIR,21.0,8.89067747164965,7.315986387431699,"(1, 1, 1)(1, 0, 2, 7)",add
2021-03-14,ECLAIR,23.0,18.67987508967668,18.0363210717143,"(1, 1, 1)(1, 0, 2, 7)",add
2021-03-15,ECLAIR,3.0,8.1670620792501,5.838185993947185,"(1, 1, 1)(1, 0, 2, 7)",add
2021-03-16,ECLAIR,6.0,4.998055755992984,5.052262553144705,"(1, 1, 1)(1, 0, 2, 7)",add
2021-03-17,ECLAIR,0.0,5.013971543428698,4.863115011014743,"(1, 1, 1)(1, 0, 2, 7)",add
2021-03-18,ECLAIR,0.0,4.00637281426597,4.933835845335201,"(1, 1, 1)(1, 0, 2, 7)",add
2021-03-19,ECLAIR,10.0,7.136532519435626,5.840416946891385,"(1, 1, 1)(1, 0, 2, 7)",add
2021-03-20,ECLAIR,10.0,12.455304383512273,8.592121791713668,"(1, 1, 1)(1, 0, 2, 7)",add
2021-03-21,ECLAIR,22.0,18.11141201341198,17.97621282534381,"(1, 1, 1)(1, 0, 2, 7)",add
2021-03-22,ECLAIR,1.0,7.396322801269267,5.6757715781897105,"(1, 1, 1)(1, 0, 2, 7)",add
2021-03-23,ECLAIR,0.0,5.31392284312835,4.6898289954821895,"(1, 1, 1)(1, 0, 2, 7)",add
2021-03-24,ECLAIR,0.0,3.2539904067140006,3.887038632088034,"(1, 1, 1)(1, 0, 2, 7)",add
2021-03-25,ECLAIR,0.0,3.228903881935817,4.0640042919125925,"(1, 1, 1)(1, 0, 2, 7)",add
2021-03-26,ECLAIR,3.0,7.1267261053360915,5.065265588181577,"(1, 1, 1)(1, 0, 2, 7)",add
2021-03-27,ECLAIR,12.0,9.245350883921672,7.13940259921349,"(1, 1, 1)(1, 0, 2, 7)",add
2021-03-28,ECLAIR,21.0,18.184806927200007,16.899318267105567,"(1, 1, 1)(1, 0, 2, 7)",add
2021-03-29,ECLAIR,0.0,5.9640355108969825,4.607246906876933,"(1, 1, 1)(1, 0, 2, 7)",add
2021-03-30,ECLAIR,0.0,3.5044649044021705,3.6287631582356132,"(1, 1, 1)(1, 0, 2, 7)",add
2021-03-31,ECLAIR,0.0,2.573311290934399,2.941468628118959,"(1, 1, 1)(1, 0, 2, 7)",add
2021-04-01,ECLAIR,0.0,2.4965057129643626,3.2213585285486173,"(1, 1, 1)(1, 0, 2, 7)",add
2021-04-02,ECLAIR,10.0,5.607778461780595,4.314340876595148,"(1, 1, 1)(1, 0, 2, 7)",add
2021-04-03,ECLAIR,11.0,10.888410463981089,7.232157400067922,"(1, 1, 1)(1, 0, 2, 7)",add
2021-04-04,ECLAIR,21.0,18.120648857213943,16.873127926327527,"(1, 1, 1)(1, 0, 2, 7)",add
2021-04-05,ECLAIR,9.0,5.357320365670061,4.583907355489899,"(1, 1, 1)(1, 0, 2, 7)",add
2021-04-06,ECLAIR,0.0,4.988174073054006,4.587604055837149,"(1, 1, 1)(1, 0, 2, 7)",add
2021-04-07,ECLAIR,0.0,2.8349159737575587,3.795940763140778,"(1, 1, 1)(1, 0, 2, 7)",add
2021-04-08,ECLAIR,7.0,2.740852143200318,3.9828223244245433,"(1, 1, 1)(1, 0, 2, 7)",add
2021-04-09,ECLAIR,3.0,8.536435214482992,5.754862382214044,"(1, 1, 1)(1, 0, 2, 7)",add
2021-04-10,ECLAIR,16.0,10.054614822315884,7.753937551127893,"(1, 1, 1)(1, 0, 2, 7)",add
2021-04-11,ECLAIR,18.0,19.627661778905566,17.882357314651912,"(1, 1, 1)(1, 0, 2, 7)",add
2021-04-12,ECLAIR,1.0,6.597061444274869,5.156736595255396,"(1, 1, 1)(1, 0, 2, 7)",add
2021-04-13,ECLAIR,7.0,3.2259988462243987,4.227290391707277,"(1, 1, 1)(1, 0, 2, 7)",add
2021-04-14,ECLAIR,3.0,3.779240379025648,4.2367890344742065,"(1, 1, 1)(1, 0, 2, 7)",add
2021-04-15,ECLAIR,4.0,4.636293422858369,4.70223140792482,"(1, 1, 1)(1, 0, 2, 7)",add
2021-04-16,ECLAIR,6.0,6.949169806338084,6.069417934180874,"(1, 1, 1)(1, 0, 2, 7)",add
2021-04-17,ECLAIR,10.0,11.93969745019388,8.360800736946054,"(1, 1, 1)(1, 0, 2, 7)",add
2021-04-18,ECLAIR,26.0,18.26509636252231,17.77007080946067,"(1, 1, 1)(1, 0, 2, 7)",add
2021-04-19,ECLAIR,0.0,6.780862252614192,5.927463430814239,"(1, 1, 1)(1, 0, 2, 7)",add
2021-04-20,ECLAIR,6.0,4.673626329148332,4.805275585606637,"(1, 1, 1)(1, 0, 2, 7)",add
2021-04-21,ECLAIR,1.0,4.100143925028887,4.643012299498447,"(1, 1, 1)(1, 0, 2, 7)",add
2021-04-22,ECLAIR,12.0,4.050746217822107,4.846539953531794,"(1, 1, 1)(1, 0, 2, 7)",add
2021-04-23,ECLAIR,1.0,8.971321239379508,7.068809735366475,"(1, 1, 1)(1, 0, 2, 7)",add
2021-04-24,ECLAIR,9.0,10.66373419249282,8.707165429998387,"(1, 1, 1)(1, 0, 2, 7)",add
2021-04-25,ECLAIR,29.0,19.886849840334868,17.96988520689421,"(1, 1, 1)(1, 0, 2, 7)",add
2021-04-26,ECLAIR,0.0,6.8525538133919355,6.4320749088316855,"(1, 1, 1)(1, 0, 2, 7)",add
2021-04-27,ECLAIR,0.0,4.929595841573999,5.254960666892424,"(1, 1, 1)(1, 0, 2, 7)",add
2021-04-28,ECLAIR,6.0,2.816695588905094,4.390656351196868,"(1, 1, 1)(1, 0, 2, 7)",add
2021-04-29,ECLAIR,2.0,6.500812896532316,5.165897093734975,"(1, 1, 1)(1, 0, 2, 7)",add
2021-04-30,ECLAIR,6.0,5.970322270063228,6.26491635712051,"(1, 1, 1)(1, 0, 2, 7)",add
2021-05-01,ECLAIR,16.0,11.172544052567025,8.53501937453284,"(1, 1, 1)(1, 0, 2, 7)",add
2021-05-02,ECLAIR,12.0,22.08757127697057,18.578419252498996,"(1, 1, 1)(1, 0, 2, 7)",add
2021-05-03,ECLAIR,8.0,3.4116349281680574,5.123939657392878,"(1, 1, 1)(1, 0, 2, 7)",add
2021-05-04,ECLAIR,3.0,4.856293525061321,4.960005558840683,"(1, 1, 1)(1, 0, 2, 7)",add
2021-05-05,ECLAIR,2.0,4.155146697628274,4.454353432724536,"(1, 1, 1)(1, 0, 2, 7)",add
2021-05-06,ECLAIR,8.0,4.255673691298938,4.787265279030997,"(1, 1, 1)(1, 0, 2, 7)",add
2021-05-07,ECLAIR,0.0,7.696491348368626,6.580591503162091,"(1, 1, 1)(1, 0, 2, 7)",add
2021-05-08,ECLAIR,12.0,11.222518298430781,8.163240323014987,"(1, 1, 1)(1, 0, 2, 7)",add
2021-05-09,ECLAIR,22.0,18.466056524585404,17.81171239626807,"(1, 1, 1)(1, 0, 2, 7)",add
2021-05-10,ECLAIR,9.0,6.415991700366165,5.529176837398033,"(1, 1, 1)(1, 0, 2, 7)",add
2021-05-11,ECLAIR,4.0,5.383153755258153,5.42998200863143,"(1, 1, 1)(1, 0, 2, 7)",add
2021-05-12,ECLAIR,5.0,3.9096830304628067,4.982022354970121,"(1, 1, 1)(1, 0, 2, 7)",add
2021-05-13,ECLAIR,17.0,6.19995107277107,5.58404468239817,"(1, 1, 1)(1, 0, 2, 7)",add
2021-05-14,ECLAIR,20.0,8.432168677063986,8.270282321739682,"(1, 1, 1)(1, 0, 2, 7)",add
2021-05-15,ECLAIR,11.0,15.548823785200247,11.845987879678486,"(1, 1, 1)(1, 0, 2, 7)",add
2021-05-16,ECLAIR,24.0,21.71687497093847,20.98474810273339,"(1, 1, 1)(1, 0, 2, 7)",add
2021-05-17,ECLAIR,0.0,8.553858720358937,8.574528915169738,"(1, 1, 1)(1, 0, 2, 7)",add
2021-05-18,ECLAIR,0.0,5.334249186936888,7.16421094351391,"(1, 1, 1)(1, 0, 2, 7)",add
2021-05-19,ECLAIR,0.0,4.676521330116288,6.092086864055239,"(1, 1, 1)(1, 0, 2, 7)",add
2021-05-20,ECLAIR,0.0,7.656908124679076,6.029035482497143,"(1, 1, 1)(1, 0, 2, 7)",add
2021-05-21,ECLAIR,6.0,8.512570774907966,6.816405324714818,"(1, 1, 1)(1, 0, 2, 7)",add
2021-05-22,ECLAIR,7.0,11.56311217967622,9.02647938292426,"(1, 1, 1)(1, 0, 2, 7)",add
2021-05-23,ECLAIR,28.0,19.82185144096487,18.036744422119337,"(1, 1, 1)(1, 0, 2, 7)",add
2021-05-24,ECLAIR,17.0,6.253720622858822,6.382807688046064,"(1, 1, 1)(1, 0, 2, 7)",add
2021-05-25,ECLAIR,4.0,6.7284526353668745,7.061487172861026,"(1, 1, 1)(1, 0, 2, 7)",add
2021-05-26,ECLAIR,3.0,4.484849125168248,6.435940001229846,"(1, 1, 1)(1, 0, 2, 7)",add
2021-05-27,ECLAIR,4.0,6.043999935452417,6.662007244040531,"(1, 1, 1)(1, 0, 2, 7)",add
2021-05-28,ECLAIR,6.0,8.070421467694592,7.815874355719398,"(1, 1, 1)(1, 0, 2, 7)",add
2021-05-29,ECLAIR,0.0,11.70748514903476,9.917157324329274,"(1, 1, 1)(1, 0, 2, 7)",add
2021-05-30,ECLAIR,18.0,20.183240770951823,18.06853086784501,"(1, 1, 1)(1, 0, 2, 7)",add
2021-05-31,ECLAIR,4.0,7.165355529817047,5.322645364770159,"(1, 1, 1)(1, 0, 2, 7)",add
2021-06-01,ECLAIR,1.0,3.854301503625525,4.7016868315995435,"(1, 1, 1)(1, 0, 2, 7)",add
2021-06-02,ECLAIR,3.0,2.9858310493445495,4.006454640948384,"(1, 1, 1)(1, 0, 2, 7)",add
2021-06-03,ECLAIR,8.0,5.198843831459037,4.496968656307445,"(1, 1, 1)(1, 0, 2, 7)",add
2021-06-04,ECLAIR,5.0,7.5636465921997535,6.321893344136234,"(1, 1, 1)(1, 0, 2, 7)",add
2021-06-05,ECLAIR,12.0,9.037872020178808,8.476945595059552,"(1, 1, 1)(1, 0, 2, 7)",add
2021-06-06,ECLAIR,13.0,20.40753936303085,18.091271199237397,"(1, 1, 1)(1, 0, 2, 7)",add
2021-06-07,ECLAIR,0.0,4.523425577209736,4.798666011532962,"(1, 1, 1)(1, 0, 2, 7)",add
2021-06-08,ECLAIR,7.0,2.468141635718994,3.799346506785451,"(1, 1, 1)(1, 0, 2, 7)",add
2021-06-09,ECLAIR,5.0,3.6804803824492103,3.855426364261276,"(1, 1, 1)(1, 0, 2, 7)",add
2021-06-10,ECLAIR,3.0,6.033833908100179,4.580077409103938,"(1, 1, 1)(1, 0, 2, 7)",add
2021-06-11,ECLAIR,7.0,6.260839011593758,5.8517113769451425,"(1, 1, 1)(1, 0, 2, 7)",add
2021-06-12,ECLAIR,3.0,10.656970704942557,8.275640180701528,"(1, 1, 1)(1, 0, 2, 7)",add
2021-06-13,ECLAIR,7.0,17.347887227786273,16.932237689929124,"(1, 1, 1)(1, 0, 2, 7)",add
2021-06-14,ECLAIR,0.0,2.2107810988756755,3.1126986974743898,"(1, 1, 1)(1, 0, 2, 7)",add
2021-06-15,ECLAIR,2.0,2.560543041894326,2.296894854979393,"(1, 1, 1)(1, 0, 2, 7)",add
2021-06-16,ECLAIR,3.0,2.064850403392437,1.9722704745813031,"(1, 1, 1)(1, 0, 2, 7)",add
2021-06-17,ECLAIR,4.0,3.745138384490949,2.6842031682988368,"(1, 1, 1)(1, 0, 2, 7)",add
2021-06-18,ECLAIR,0.0,5.664279291161541,4.271049818301734,"(1, 1, 1)(1, 0, 2, 7)",add
2021-06-19,ECLAIR,5.0,6.6870159653637815,6.105089675372693,"(1, 1, 1)(1, 0, 2, 7)",add
2021-06-20,ECLAIR,12.0,15.252207330764922,15.215646956869275,"(1, 1, 1)(1, 0, 2, 7)",add
2021-06-21,ECLAIR,5.0,2.06874001334333,2.127201376593088,"(1, 1, 1)(1, 0, 2, 7)",add
2021-06-22,ECLAIR,10.0,2.1895123991815932,1.9629122435428226,"(1, 1, 1)(1, 0, 2, 7)",add
2021-06-23,ECLAIR,6.0,3.1419860654389513,2.5454325778646236,"(1, 1, 1)(1, 0, 2, 7)",add
2021-06-24,ECLAIR,4.0,4.626676173862025,3.5215238706734735,"(1, 1, 1)(1, 0, 2, 7)",add
2021-06-25,ECLAIR,5.0,4.752680130963989,5.017229095849979,"(1, 1, 1)(1, 0, 2, 7)",add
2021-06-26,ECLAIR,6.0,8.184518186480249,7.314292595476019,"(1, 1, 1)(1, 0, 2, 7)",add
2021-06-27,ECLAIR,18.0,16.21266613301214,16.40207837238423,"(1, 1, 1)(1, 0, 2, 7)",add
2021-06-28,ECLAIR,0.0,4.349099411633354,3.837584365316888,"(1, 1, 1)(1, 0, 2, 7)",add
2021-06-29,ECLAIR,5.0,3.3800090073586024,2.9428775261373126,"(1, 1, 1)(1, 0, 2, 7)",add
2021-06-30,ECLAIR,4.0,3.0187140757309976,2.8744853072135825,"(1, 1, 1)(1, 0, 2, 7)",add
2021-07-01,ECLAIR,0.0,4.228088451218503,3.5970618073669374,"(1, 1, 1)(1, 0, 2, 7)",add
2021-07-02,ECLAIR,4.0,4.572451615394351,4.649149272429758,"(1, 1, 1)(1, 0, 2, 7)",add
2021-07-03,ECLAIR,8.0,7.548446295446496,6.877428965437033,"(1, 1, 1)(1, 0, 2, 7)",add
2021-07-04,ECLAIR,22.0,16.91163943761144,16.23046463132983,"(1, 1, 1)(1, 0, 2, 7)",add
2021-07-05,ECLAIR,3.0,3.949091944858708,4.120046128554671,"(1, 1, 1)(1, 0, 2, 7)",add
2021-07-06,ECLAIR,13.0,3.5807800744560714,3.521140296344453,"(1, 1, 1)(1, 0, 2, 7)",add
2021-07-07,ECLAIR,8.0,4.673521421945114,4.2605958995180995,"(1, 1, 1)(1, 0, 2, 7)",add
2021-07-08,ECLAIR,8.0,4.964878470370309,5.267691347167139,"(1, 1, 1)(1, 0, 2, 7)",add
2021-07-09,ECLAIR,7.0,6.777649761041998,7.008723729465004,"(1, 1, 1)(1, 0, 2, 7)",add
2021-07-10,ECLAIR,7.0,9.586684042516943,9.306713028738418,"(1, 1, 1)(1, 0, 2, 7)",add
2021-07-11,ECLAIR,30.0,18.67606351891233,18.286474948051996,"(1, 1, 1)(1, 0, 2, 7)",add
2021-07-12,ECLAIR,3.0,6.856080788155829,6.823053094650167,"(1, 1, 1)(1, 0, 2, 7)",add
2021-07-13,ECLAIR,6.0,6.553774392593206,5.929927968080045,"(1, 1, 1)(1, 0, 2, 7)",add
2021-07-14,ECLAIR,17.0,5.243178718877472,5.645247524146515,"(1, 1, 1)(1, 0, 2, 7)",add
2021-07-15,ECLAIR,4.0,8.515628055894519,7.481265151209394,"(1, 1, 1)(1, 0, 2, 7)",add
2021-07-16,ECLAIR,2.0,7.468106568105119,8.545956953179688,"(1, 1, 1)(1, 0, 2, 7)",add
2021-07-17,ECLAIR,9.0,9.198739425983934,10.132375705180047,"(1, 1, 1)(1, 0, 2, 7)",add
2021-07-18,ECLAIR,10.0,21.197588304221632,19.239962932756494,"(1, 1, 1)(1, 0, 2, 7)",add
2021-07-19,ECLAIR,8.0,3.307873876597874,5.495777275721656,"(1, 1, 1)(1, 0, 2, 7)",add
2021-07-20,ECLAIR,5.0,6.166800249570108,5.291369067019759,"(1, 1, 1)(1, 0, 2, 7)",add
2021-07-21,ECLAIR,11.0,6.7181185054921375,4.9673461624797275,"(1, 1, 1)(1, 0, 2, 7)",add
2021-07-22,ECLAIR,10.0,6.221650185278362,6.22405928699221,"(1, 1, 1)(1, 0, 2, 7)",add
2021-07-23,ECLAIR,4.0,7.214972344962886,8.078689855372291,"(1, 1, 1)(1, 0, 2, 7)",add
2021-07-24,ECLAIR,11.0,9.706212708510751,9.933667879923432,"(1, 1, 1)(1, 0, 2, 7)",add
2021-07-25,ECLAIR,15.0,18.576088107061253,19.280582002681747,"(1, 1, 1)(1, 0, 2, 7)",add
2021-07-26,ECLAIR,11.0,5.5786823556232505,6.0762194300899,"(1, 1, 1)(1, 0, 2, 7)",add
2021-07-27,ECLAIR,1.0,6.989217563979525,6.135177395036108,"(1, 1, 1)(1, 0, 2, 7)",add
2021-07-28,ECLAIR,7.0,6.12947935384319,5.283911354921691,"(1, 1, 1)(1, 0, 2, 7)",add
2021-07-29,ECLAIR,9.0,6.839594535344122,6.070771171281832,"(1, 1, 1)(1, 0, 2, 7)",add
2021-07-30,ECLAIR,6.0,7.0488246138555315,7.833238095155405,"(1, 1, 1)(1, 0, 2, 7)",add
2021-07-31,ECLAIR,7.0,10.313114408627285,9.932631040088543,"(1, 1, 1)(1, 0, 2, 7)",add
2021-08-01,ECLAIR,24.0,18.339625416573757,18.844262481776084,"(1, 1, 1)(1, 0, 2, 7)",add
2021-08-02,ECLAIR,10.0,7.654362909881765,6.667032767375089,"(1, 1, 1)(1, 0, 2, 7)",add
2021-08-03,ECLAIR,15.0,6.260703494016952,6.552832474342233,"(1, 1, 1)(1, 0, 2, 7)",add
2021-08-04,ECLAIR,8.0,8.802413484320217,7.179989534295474,"(1, 1, 1)(1, 0, 2, 7)",add
2021-08-05,ECLAIR,9.0,8.065290895678634,7.869312239973469,"(1, 1, 1)(1, 0, 2, 7)",add
2021-08-06,ECLAIR,17.0,8.18295194338186,9.436009973924405,"(1, 1, 1)(1, 0, 2, 7)",add
2021-08-07,ECLAIR,11.0,12.622470788993944,12.558280721781395,"(1, 1, 1)(1, 0, 2, 7)",add
2021-08-08,ECLAIR,22.0,21.831889141986792,21.619508663192256,"(1, 1, 1)(1, 0, 2, 7)",add
2021-08-09,ECLAIR,2.0,8.761511607357876,8.922498726426323,"(1, 1, 1)(1, 0, 2, 7)",add
2021-08-10,ECLAIR,8.0,8.203859028611268,7.692002398772938,"(1, 1, 1)(1, 0, 2, 7)",add
2021-08-11,ECLAIR,2.0,8.127646886303632,7.433219887767353,"(1, 1, 1)(1, 0, 2, 7)",add
2021-08-12,ECLAIR,6.0,7.325010521849089,7.441885441930102,"(1, 1, 1)(1, 0, 2, 7)",add
2021-08-13,ECLAIR,4.0,9.31421429701035,8.728561451311743,"(1, 1, 1)(1, 0, 2, 7)",add
2021-08-14,ECLAIR,5.0,10.123543378494183,10.51280167726296,"(1, 1, 1)(1, 0, 2, 7)",add
2021-08-15,ECLAIR,24.0,19.38856850168218,19.143584422029022,"(1, 1, 1)(1, 0, 2, 7)",add
2021-08-16,ECLAIR,3.0,6.726843727730621,6.933773848180644,"(1, 1, 1)(1, 0, 2, 7)",add
2021-08-17,ECLAIR,8.0,6.667452561035334,6.028596891044288,"(1, 1, 1)(1, 0, 2, 7)",add
2021-08-18,ECLAIR,9.0,6.402339880586094,5.950874214829013,"(1, 1, 1)(1, 0, 2, 7)",add
2021-08-19,ECLAIR,6.0,7.621652683363955,6.882833637528737,"(1, 1, 1)(1, 0, 2, 7)",add
2021-08-20,ECLAIR,2.0,7.280933176458331,8.23036181246702,"(1, 1, 1)(1, 0, 2, 7)",add
2021-08-21,ECLAIR,9.0,8.748721433480597,9.851132743639903,"(1, 1, 1)(1, 0, 2, 7)",add
2021-08-22,ECLAIR,27.0,20.519937341499073,18.98933295398922,"(1, 1, 1)(1, 0, 2, 7)",add
2021-08-23,ECLAIR,2.0,7.1853052747527,7.122859135391947,"(1, 1, 1)(1, 0, 2, 7)",add
2021-08-24,ECLAIR,12.0,6.778784867965273,6.088251570593333,"(1, 1, 1)(1, 0, 2, 7)",add
2021-08-25,ECLAIR,0.0,8.175891761518645,6.439431088955854,"(1, 1, 1)(1, 0, 2, 7)",add
2021-08-26,ECLAIR,8.0,5.987000871594056,6.338571675812155,"(1, 1, 1)(1, 0, 2, 7)",add
2021-08-27,ECLAIR,7.0,6.970022965296584,7.963039928387127,"(1, 1, 1)(1, 0, 2, 7)",add
2021-08-28,ECLAIR,13.0,10.048232868042197,10.157152973486962,"(1, 1, 1)(1, 0, 2, 7)",add
2021-08-29,ECLAIR,12.0,22.019182900428437,19.697438762965994,"(1, 1, 1)(1, 0, 2, 7)",add
2021-08-30,ECLAIR,9.0,4.166774648475768,6.121155141871682,"(1, 1, 1)(1, 0, 2, 7)",add
2021-08-31,ECLAIR,3.0,8.365327622182795,5.957524134729186,"(1, 1, 1)(1, 0, 2, 7)",add
2021-09-01,ECLAIR,3.0,4.750819901867003,5.343293223878068,"(1, 1, 1)(1, 0, 2, 7)",add
2021-09-02,ECLAIR,4.0,6.485687029606977,5.68829385008341,"(1, 1, 1)(1, 0, 2, 7)",add
2021-09-03,ECLAIR,3.0,6.357433316717344,6.948148578987206,"(1, 1, 1)(1, 0, 2, 7)",add
2021-09-04,ECLAIR,3.0,9.21279016195429,8.817335875917077,"(1, 1, 1)(1, 0, 2, 7)",add
2021-09-05,ECLAIR,19.0,17.03859330136612,17.414970412720542,"(1, 1, 1)(1, 0, 2, 7)",add
2021-09-06,ECLAIR,3.0,5.595462509489087,4.8490731214374385,"(1, 1, 1)(1, 0, 2, 7)",add
2021-09-07,ECLAIR,3.0,5.0620861462013345,4.170813513929658,"(1, 1, 1)(1, 0, 2, 7)",add
2021-09-08,ECLAIR,4.0,4.1983242315910445,3.7510640619392746,"(1, 1, 1)(1, 0, 2, 7)",add
2021-09-09,ECLAIR,9.0,5.093265914952921,4.378225942041235,"(1, 1, 1)(1, 0, 2, 7)",add
2021-09-10,ECLAIR,7.0,5.871320079760335,6.3249245269003955,"(1, 1, 1)(1, 0, 2, 7)",add
2021-09-11,ECLAIR,9.0,8.085844544338272,8.69734460692501,"(1, 1, 1)(1, 0, 2, 7)",add
2021-09-12,ECLAIR,19.0,19.132608746801406,17.961133369461983,"(1, 1, 1)(1, 0, 2, 7)",add
2021-09-13,ECLAIR,0.0,4.762495181631035,5.3357868493187315,"(1, 1, 1)(1, 0, 2, 7)",add
2021-09-14,ECLAIR,3.0,4.711725805247394,4.278002340277278,"(1, 1, 1)(1, 0, 2, 7)",add
2021-09-15,ECLAIR,9.0,4.227078127285907,3.846585504056355,"(1, 1, 1)(1, 0, 2, 7)",add
2021-09-16,ECLAIR,1.0,6.836235261909437,5.007594406605319,"(1, 1, 1)(1, 0, 2, 7)",add
2021-09-17,ECLAIR,4.0,5.053284161250484,6.014995855992002,"(1, 1, 1)(1, 0, 2, 7)",add
2021-09-18,ECLAIR,3.0,7.995501965603529,8.094604671321125,"(1, 1, 1)(1, 0, 2, 7)",add
2021-09-19,ECLAIR,8.0,17.350681671332204,16.77090769388705,"(1, 1, 1)(1, 0, 2, 7)",add
2021-09-20,ECLAIR,3.0,1.4416609353855065,3.0777781765984327,"(1, 1, 1)(1, 0, 2, 7)",add
2021-09-21,ECLAIR,4.0,3.942523449511123,2.5923220488118295,"(1, 1, 1)(1, 0, 2, 7)",add
2021-09-22,ECLAIR,0.0,4.256455535444751,2.453238517736872,"(1, 1, 1)(1, 0, 2, 7)",add
2021-09-23,ECLAIR,6.0,2.90045592747524,2.7862717212965893,"(1, 1, 1)(1, 0, 2, 7)",add
2021-09-24,ECLAIR,3.0,4.406591027371975,4.57970609307924,"(1, 1, 1)(1, 0, 2, 7)",add
2021-09-25,ECLAIR,3.0,5.91135239739516,6.706695713745794,"(1, 1, 1)(1, 0, 2, 7)",add
2021-09-26,ECLAIR,7.0,14.787922577053134,15.534071078801261,"(1, 1, 1)(1, 0, 2, 7)",add
2021-09-27,ECLAIR,2.0,1.1067105542340547,1.8667209629878054,"(1, 1, 1)(1, 0, 2, 7)",add
2021-09-28,ECLAIR,0.0,3.0564969928390613,1.40423817757027,"(1, 1, 1)(1, 0, 2, 7)",add
2021-09-29,ECLAIR,2.0,1.4603544063997085,0.95908071121515,"(1, 1, 1)(1, 0, 2, 7)",add
2021-09-30,ECLAIR,0.0,3.3364124987787522,1.672449095968274,"(1, 1, 1)(1, 0, 2, 7)",add
2021-10-01,ECLAIR,4.0,2.289861985560134,2.934028508690327,"(1, 1, 1)(1, 0, 2, 7)",add
2021-10-02,ECLAIR,6.0,4.955191051576894,5.348997184441276,"(1, 1, 1)(1, 0, 2, 7)",add
2021-10-03,ECLAIR,22.0,13.884531375833198,14.650703175502194,"(1, 1, 1)(1, 0, 2, 7)",add
2021-10-04,ECLAIR,1.0,3.176938962748814,2.712239945732485,"(1, 1, 1)(1, 0, 2, 7)",add
2021-10-05,ECLAIR,4.0,2.428702321055838,2.048874476828826,"(1, 1, 1)(1, 0, 2, 7)",add
2021-10-06,ECLAIR,0.0,2.7381423571899832,1.9689446080107613,"(1, 1, 1)(1, 0, 2, 7)",add
2021-10-07,ECLAIR,0.0,2.335633181819558,2.3546926636480676,"(1, 1, 1)(1, 0, 2, 7)",add
2021-10-08,ECLAIR,8.0,2.832229035652948,3.542010624741571,"(1, 1, 1)(1, 0, 2, 7)",add
2021-10-09,ECLAIR,9.0,6.263184934696949,6.326196665001643,"(1, 1, 1)(1, 0, 2, 7)",add
2021-10-10,ECLAIR,18.0,16.850870016091257,15.848082237145945,"(1, 1, 1)(1, 0, 2, 7)",add
2021-10-11,ECLAIR,0.0,2.434683002601945,3.3438900916839995,"(1, 1, 1)(1, 0, 2, 7)",add
2021-10-12,ECLAIR,0.0,3.013607594258341,2.5029213237116963,"(1, 1, 1)(1, 0, 2, 7)",add
2021-10-13,ECLAIR,9.0,1.617469924582847,1.9381734219498217,"(1, 1, 1)(1, 0, 2, 7)",add
2021-10-14,ECLAIR,2.0,3.8681189749980875,3.30691085172355,"(1, 1, 1)(1, 0, 2, 7)",add
2021-10-15,ECLAIR,0.0,4.334487038966069,4.608278694750167,"(1, 1, 1)(1, 0, 2, 7)",add
2021-10-16,ECLAIR,4.0,5.608752142235396,6.405611564635754,"(1, 1, 1)(1, 0, 2, 7)",add
2021-10-17,ECLAIR,12.0,15.33031558402886,15.374608488590486,"(1, 1, 1)(1, 0, 2, 7)",add
2021-10-18,ECLAIR,1.0,0.8733877202744651,2.2688601228313074,"(1, 1, 1)(1, 0, 2, 7)",add
2021-10-19,ECLAIR,0.0,1.9997689523181565,1.6537560532742583,"(1, 1, 1)(1, 0, 2, 7)",add
2021-10-20,ECLAIR,1.0,2.689236939574579,1.1814388443655126,"(1, 1, 1)(1, 0, 2, 7)",add
2021-10-21,ECLAIR,2.0,1.8487122734047408,1.7617549092757137,"(1, 1, 1)(1, 0, 2, 7)",add
2021-10-22,ECLAIR,0.0,2.284241225454746,3.2313112537621347,"(1, 1, 1)(1, 0, 2, 7)",add
2021-10-23,ECLAIR,4.0,4.301398555547329,5.17852549425672,"(1, 1, 1)(1, 0, 2, 7)",add
2021-10-24,ECLAIR,19.0,13.900341447004092,14.281089368749985,"(1, 1, 1)(1, 0, 2, 7)",add
2021-10-25,ECLAIR,4.0,1.7844944600159636,2.056311534771423,"(1, 1, 1)(1, 0, 2, 7)",add
2021-10-26,ECLAIR,5.0,2.2590277838675124,1.7908897969773667,"(1, 1, 1)(1, 0, 2, 7)",add
2021-10-27,ECLAIR,10.0,2.566169175948684,1.8478901578864235,"(1, 1, 1)(1, 0, 2, 7)",add
2021-10-28,ECLAIR,2.0,3.939188751154207,3.335303705268727,"(1, 1, 1)(1, 0, 2, 7)",add
2021-10-29,ECLAIR,0.0,2.9672777557376744,4.633581017845475,"(1, 1, 1)(1, 0, 2, 7)",add
2021-10-30,ECLAIR,16.0,5.013811624828712,6.428159758074666,"(1, 1, 1)(1, 0, 2, 7)",add
2021-10-31,ECLAIR,29.0,17.88061631490576,16.700888956107327,"(1, 1, 1)(1, 0, 2, 7)",add
2021-11-01,ECLAIR,22.0,5.218518671429912,5.301207484990147,"(1, 1, 1)(1, 0, 2, 7)",add
2021-11-02,ECLAIR,7.0,7.932678776791914,6.64186237081817,"(1, 1, 1)(1, 0, 2, 7)",add
2021-11-03,ECLAIR,0.0,6.856019379636431,6.388537545948462,"(1, 1, 1)(1, 0, 2, 7)",add
2021-11-04,ECLAIR,15.0,4.146203902520491,6.293217838213936,"(1, 1, 1)(1, 0, 2, 7)",add
2021-11-05,ECLAIR,5.0,6.856974475322506,8.684565000319902,"(1, 1, 1)(1, 0, 2, 7)",add
2021-11-06,ECLAIR,5.0,10.162473166523238,10.582443075887454,"(1, 1, 1)(1, 0, 2, 7)",add
2021-11-07,ECLAIR,18.0,19.61863175182186,19.205645432064607,"(1, 1, 1)(1, 0, 2, 7)",add
2021-11-08,ECLAIR,1.0,7.501484737402025,6.335986276576891,"(1, 1, 1)(1, 0, 2, 7)",add
2021-11-09,ECLAIR,1.0,4.5645647916713425,5.278180060100753,"(1, 1, 1)(1, 0, 2, 7)",add
2021-11-10,ECLAIR,5.0,3.6666645536599862,4.520197224327173,"(1, 1, 1)(1, 0, 2, 7)",add
2021-11-11,ECLAIR,4.0,6.62634444507683,5.172488702282687,"(1, 1, 1)(1, 0, 2, 7)",add
2021-11-12,ECLAIR,4.0,4.560686930502325,6.488488246392915,"(1, 1, 1)(1, 0, 2, 7)",add
2021-11-13,ECLAIR,11.0,7.273268456232708,8.51655794297912,"(1, 1, 1)(1, 0, 2, 7)",add
2021-11-14,ECLAIR,6.0,18.60197021233768,18.017722902271696,"(1, 1, 1)(1, 0, 2, 7)",add
2021-11-15,ECLAIR,3.0,2.1528449023310716,3.9711811698056114,"(1, 1, 1)(1, 0, 2, 7)",add
2021-11-16,ECLAIR,0.0,3.4109333950978575,3.3884791223682207,"(1, 1, 1)(1, 0, 2, 7)",add
2021-11-17,ECLAIR,0.0,3.519606547660255,2.727339241634869,"(1, 1, 1)(1, 0, 2, 7)",add
2021-11-18,ECLAIR,0.0,3.3715545911208338,3.030536887025345,"(1, 1, 1)(1, 0, 2, 7)",add
2021-11-19,ECLAIR,0.0,2.8433560007075287,4.144289957982248,"(1, 1, 1)(1, 0, 2, 7)",add
2021-11-20,ECLAIR,5.0,6.446406730897874,5.992127484509544,"(1, 1, 1)(1, 0, 2, 7)",add
2021-11-21,ECLAIR,9.0,14.114335238718194,15.11498057452678,"(1, 1, 1)(1, 0, 2, 7)",add
2021-11-22,ECLAIR,3.0,1.9279273457358155,1.7109457627757814,"(1, 1, 1)(1, 0, 2, 7)",add
2021-11-23,ECLAIR,0.0,1.8748131798009071,1.3742678191919548,"(1, 1, 1)(1, 0, 2, 7)",add
2021-11-24,ECLAIR,0.0,1.5838524962481073,0.9323725929288456,"(1, 1, 1)(1, 0, 2, 7)",add
2021-11-25,ECLAIR,0.0,1.9145836017995013,1.4309503566120654,"(1, 1, 1)(1, 0, 2, 7)",add
2021-11-26,ECLAIR,6.0,1.3559380115891202,2.7188166378377634,"(1, 1, 1)(1, 0, 2, 7)",add
2021-11-27,ECLAIR,0.0,5.974850553046512,5.374908655731405,"(1, 1, 1)(1, 0, 2, 7)",add
2021-11-28,ECLAIR,7.0,12.858726829919235,14.020700902138067,"(1, 1, 1)(1, 0, 2, 7)",add
2021-11-29,ECLAIR,0.0,0.8328498834137044,0.5180794426204365,"(1, 1, 1)(1, 0, 2, 7)",add
2021-11-30,ECLAIR,5.0,0.438201659019288,-0.015302987029123027,"(1, 1, 1)(1, 0, 2, 7)",add
2021-12-01,ECLAIR,0.0,1.6064296188476184,0.23829944448279772,"(1, 1, 1)(1, 0, 2, 7)",add
2021-12-02,ECLAIR,3.0,1.2564427235632094,0.812426296470786,"(1, 1, 1)(1, 0, 2, 7)",add
2021-12-03,ECLAIR,0.0,2.37279515796724,2.4941648869258524,"(1, 1, 1)(1, 0, 2, 7)",add
2021-12-04,ECLAIR,0.0,3.5477634029104816,4.5216166875195976,"(1, 1, 1)(1, 0, 2, 7)",add
2021-12-05,ECLAIR,13.0,11.607953356824474,13.26028881323079,"(1, 1, 1)(1, 0, 2, 7)",add
2021-12-06,ECLAIR,0.0,1.0679017552090748,0.4935306716141272,"(1, 1, 1)(1, 0, 2, 7)",add
2021-12-07,ECLAIR,0.0,1.104486642383942,-0.03717965168370041,"(1, 1, 1)(1, 0, 2, 7)",add
2021-12-08,ECLAIR,0.0,0.27335569840835877,-0.325440394530375,"(1, 1, 1)(1, 0, 2, 7)",add
2021-12-09,ECLAIR,0.0,1.2150780839753146,0.310048910354511,"(1, 1, 1)(1, 0, 2, 7)",add
2021-12-10,ECLAIR,2.0,0.4781048010599368,1.7199240641808144,"(1, 1, 1)(1, 0, 2, 7)",add
2021-12-11,ECLAIR,1.0,3.263439177794803,4.049348885003782,"(1, 1, 1)(1, 0, 2, 7)",add
2021-12-12,ECLAIR,15.0,12.086970616298832,12.948275719414719,"(1, 1, 1)(1, 0, 2, 7)",add
2021-12-13,ECLAIR,2.0,0.9649653463427832,0.43317762512528546,"(1, 1, 1)(1, 0, 2, 7)",add
2021-12-14,ECLAIR,1.0,0.6102773097905789,0.1267344336084304,"(1, 1, 1)(1, 0, 2, 7)",add
2021-12-15,ECLAIR,0.0,0.4417363875923316,-0.07051928967257082,"(1, 1, 1)(1, 0, 2, 7)",add
2021-12-16,ECLAIR,0.0,0.7764989439372059,0.5372221371899912,"(1, 1, 1)(1, 0, 2, 7)",add
2021-12-17,ECLAIR,4.0,0.9018511899183197,1.9223697385773357,"(1, 1, 1)(1, 0, 2, 7)",add
2021-12-18,ECLAIR,4.0,3.525017372534244,4.447456343438031,"(1, 1, 1)(1, 0, 2, 7)",add
2021-12-19,ECLAIR,8.0,13.032226112011028,13.629596279843142,"(1, 1, 1)(1, 0, 2, 7)",add
2021-12-20,ECLAIR,6.0,0.14548639668670038,0.27839500735656175,"(1, 1, 1)(1, 0, 2, 7)",add
2021-12-21,ECLAIR,2.0,1.359599311390184,0.42419527112924094,"(1, 1, 1)(1, 0, 2, 7)",add
2021-12-22,ECLAIR,0.0,0.6315957926004128,0.3034121523407629,"(1, 1, 1)(1, 0, 2, 7)",add
2021-12-23,ECLAIR,6.0,0.8588992002106269,0.8704515586802088,"(1, 1, 1)(1, 0, 2, 7)",add
2021-12-24,ECLAIR,3.0,2.5048426127695826,2.8724208189909843,"(1, 1, 1)(1, 0, 2, 7)",add
2021-12-25,ECLAIR,0.0,4.031640886975637,5.1852465380893875,"(1, 1, 1)(1, 0, 2, 7)",add
2021-12-26,ECLAIR,10.0,11.437883586346905,13.851683294524838,"(1, 1, 1)(1, 0, 2, 7)",add
2021-12-27,ECLAIR,1.0,1.5203917019829056,0.6940058680863785,"(1, 1, 1)(1, 0, 2, 7)",add
2021-12-28,ECLAIR,0.0,0.6892813214256572,0.25032292816854085,"(1, 1, 1)(1, 0, 2, 7)",add
2021-12-29,ECLAIR,5.0,0.10883493055407743,-0.06923214992469351,"(1, 1, 1)(1, 0, 2, 7)",add
2021-12-30,ECLAIR,10.0,2.5629590235921973,1.082613598124881,"(1, 1, 1)(1, 0, 2, 7)",add
2021-12-31,ECLAIR,8.0,3.138891151266045,3.496884796937162,"(1, 1, 1)(1, 0, 2, 7)",add
2022-01-01,ECLAIR,0.0,4.5310616955684875,6.285982733237664,"(1, 1, 1)(1, 0, 2, 7)",add
2022-01-02,ECLAIR,16.0,12.182418999138827,14.83260558217115,"(1, 1, 1)(1, 0, 2, 7)",add
2022-01-03,ECLAIR,8.0,2.5193485064858336,2.2212491683637956,"(1, 1, 1)(1, 0, 2, 7)",add
2022-01-04,ECLAIR,2.0,2.6247912534735454,2.3732696929922374,"(1, 1, 1)(1, 0, 2, 7)",add
2022-01-05,ECLAIR,0.0,2.4976941737314107,2.0403319966357163,"(1, 1, 1)(1, 0, 2, 7)",add
2022-01-06,ECLAIR,2.0,3.553167456131628,2.4183096146193708,"(1, 1, 1)(1, 0, 2, 7)",add
2022-01-07,ECLAIR,2.0,3.2274698941014277,3.8164007114990053,"(1, 1, 1)(1, 0, 2, 7)",add
2022-01-08,ECLAIR,1.0,3.341141011993289,5.917626386869167,"(1, 1, 1)(1, 0, 2, 7)",add
2022-01-09,ECLAIR,5.0,13.114714949799872,14.613193298363834,"(1, 1, 1)(1, 0, 2, 7)",add
2022-01-10,ECLAIR,3.0,1.4890310857776008,0.8283819321909589,"(1, 1, 1)(1, 0, 2, 7)",add
2022-01-11,ECLAIR,4.0,1.1065516051942326,0.5877700774923311,"(1, 1, 1)(1, 0, 2, 7)",add
2022-01-12,ECLAIR,0.0,1.2140014416668876,0.6668797933853283,"(1, 1, 1)(1, 0, 2, 7)",add
2022-01-13,ECLAIR,0.0,1.9660084032360394,1.1943561522697892,"(1, 1, 1)(1, 0, 2, 7)",add
2022-01-14,ECLAIR,2.0,1.6060412420302006,2.507975448831508,"(1, 1, 1)(1, 0, 2, 7)",add
2022-01-15,ECLAIR,6.0,2.7250710312238855,4.751621755126193,"(1, 1, 1)(1, 0, 2, 7)",add
2022-01-16,ECLAIR,9.0,11.673954476103079,14.118351395584106,"(1, 1, 1)(1, 0, 2, 7)",add
2022-01-17,ECLAIR,0.0,1.6872873772610548,0.8227985587022193,"(1, 1, 1)(1, 0, 2, 7)",add
2022-01-18,ECLAIR,0.0,1.0362199760760331,0.2562477930342508,"(1, 1, 1)(1, 0, 2, 7)",add
2022-01-19,ECLAIR,0.0,0.27854625146137013,-0.06395219999328905,"(1, 1, 1)(1, 0, 2, 7)",add
2022-01-20,ECLAIR,0.0,1.3612658322940767,0.5430744064801019,"(1, 1, 1)(1, 0, 2, 7)",add
2022-01-21,ECLAIR,0.0,1.4005048773715494,1.9275849948805994,"(1, 1, 1)(1, 0, 2, 7)",add
2022-01-22,ECLAIR,8.0,2.762894262283486,4.0167083849770755,"(1, 1, 1)(1, 0, 2, 7)",add
2022-01-23,ECLAIR,18.0,11.887028074776092,13.681130296299937,"(1, 1, 1)(1, 0, 2, 7)",add
2022-01-24,ECLAIR,0.0,2.6417427176201578,1.4128084534101277,"(1, 1, 1)(1, 0, 2, 7)",add
2022-01-25,ECLAIR,0.0,0.7774634889445413,0.7820357685744566,"(1, 1, 1)(1, 0, 2, 7)",add
2022-01-26,ECLAIR,0.0,0.5272126996267592,0.4046043406720661,"(1, 1, 1)(1, 0, 2, 7)",add
2022-01-27,ECLAIR,0.0,1.4812774212491098,0.9606290901426928,"(1, 1, 1)(1, 0, 2, 7)",add
2022-01-28,ECLAIR,0.0,1.2792496880931061,2.299689316807223,"(1, 1, 1)(1, 0, 2, 7)",add
2022-01-29,ECLAIR,2.0,3.4849087863242545,4.348309566364751,"(1, 1, 1)(1, 0, 2, 7)",add
2022-01-30,ECLAIR,20.0,12.160550177665234,13.323543748938562,"(1, 1, 1)(1, 0, 2, 7)",add
2022-01-31,ECLAIR,3.0,2.541635962828291,1.3118425729791978,"(1, 1, 1)(1, 0, 2, 7)",add
2022-02-01,ECLAIR,0.0,1.2378234057492827,1.0186065665977595,"(1, 1, 1)(1, 0, 2, 7)",add
2022-02-02,ECLAIR,0.0,0.5598073288174226,0.6154246711110702,"(1, 1, 1)(1, 0, 2, 7)",add
2022-02-03,ECLAIR,0.0,1.4443666655185612,1.1485018626817318,"(1, 1, 1)(1, 0, 2, 7)",add
2022-02-04,ECLAIR,3.0,1.2751382785229464,2.4671123475367835,"(1, 1, 1)(1, 0, 2, 7)",add
2022-02-05,ECLAIR,9.0,3.3682550621029357,4.82405544182701,"(1, 1, 1)(1, 0, 2, 7)",add
2022-02-06,ECLAIR,11.0,14.427892999759013,14.509447411200387,"(1, 1, 1)(1, 0, 2, 7)",add
2022-02-07,ECLAIR,4.0,1.774870506258532,1.3890219790628549,"(1, 1, 1)(1, 0, 2, 7)",add
2022-02-08,ECLAIR,2.0,1.3636069520867373,1.196233965368263,"(1, 1, 1)(1, 0, 2, 7)",add
2022-02-09,ECLAIR,0.0,1.0140953507061043,0.9914152955483857,"(1, 1, 1)(1, 0, 2, 7)",add
2022-02-10,ECLAIR,0.0,1.5579777085188726,1.483566326885105,"(1, 1, 1)(1, 0, 2, 7)",add
2022-02-11,ECLAIR,16.0,1.895341172204335,2.765705418414301,"(1, 1, 1)(1, 0, 2, 7)",add
2022-02-12,ECLAIR,5.0,7.095475645146351,6.505182494650762,"(1, 1, 1)(1, 0, 2, 7)",add
2022-02-13,ECLAIR,17.0,13.184661468183767,15.572190118879348,"(1, 1, 1)(1, 0, 2, 7)",add
2022-02-14,ECLAIR,1.0,3.843939343845655,2.9891796378835545,"(1, 1, 1)(1, 0, 2, 7)",add
2022-02-15,ECLAIR,3.0,1.9110397236682564,2.295669592281806,"(1, 1, 1)(1, 0, 2, 7)",add
2022-02-16,ECLAIR,0.0,1.7503584008635171,2.080027465344836,"(1, 1, 1)(1, 0, 2, 7)",add
2022-02-17,ECLAIR,0.0,2.1042446717020806,2.453684275820638,"(1, 1, 1)(1, 0, 2, 7)",add
2022-02-18,ECLAIR,14.0,4.763974817821341,3.630227110306519,"(1, 1, 1)(1, 0, 2, 7)",add
2022-02-19,ECLAIR,8.0,6.410923737294347,7.05790419437182,"(1, 1, 1)(1, 0, 2, 7)",add
2022-02-20,ECLAIR,4.0,15.134414147879005,16.391295332828072,"(1, 1, 1)(1, 0, 2, 7)",add
2022-02-21,ECLAIR,0.0,1.288409002816461,2.304090657835657,"(1, 1, 1)(1, 0, 2, 7)",add
2022-02-22,ECLAIR,0.0,1.6992269275983212,1.5763028988433652,"(1, 1, 1)(1, 0, 2, 7)",add
2022-02-23,ECLAIR,0.0,0.7937815909951025,1.1124163794328137,"(1, 1, 1)(1, 0, 2, 7)",add
2022-02-24,ECLAIR,0.0,1.5525057611831674,1.5913965777070174,"(1, 1, 1)(1, 0, 2, 7)",add
2022-02-25,ECLAIR,18.0,4.674976545024182,2.861798466666846,"(1, 1, 1)(1, 0, 2, 7)",add
2022-02-26,ECLAIR,10.0,7.3269906629394335,6.808513691711784,"(1, 1, 1)(1, 0, 2, 7)",add
2022-02-27,ECLAIR,28.0,13.151011933024343,16.386748478273205,"(1, 1, 1)(1, 0, 2, 7)",add
2022-02-28,ECLAIR,7.0,5.895942179413556,4.91241196291352,"(1, 1, 1)(1, 0, 2, 7)",add
2022-03-01,ECLAIR,6.0,3.9417612177515697,4.662653533065682,"(1, 1, 1)(1, 0, 2, 7)",add
2022-03-02,ECLAIR,8.0,3.5595908064424893,4.515914498350516,"(1, 1, 1)(1, 0, 2, 7)",add
2022-03-03,ECLAIR,1.0,4.809046740557031,5.495218801201306,"(1, 1, 1)(1, 0, 2, 7)",add
2022-03-04,ECLAIR,1.0,8.37392676933386,6.449542878945863,"(1, 1, 1)(1, 0, 2, 7)",add
2022-03-05,ECLAIR,13.0,6.471960216367741,8.155305080405887,"(1, 1, 1)(1, 0, 2, 7)",add
2022-03-06,ECLAIR,22.0,18.271239542381416,17.913489780951714,"(1, 1, 1)(1, 0, 2, 7)",add
2022-03-07,ECLAIR,2.0,6.182720676147325,5.61987586724241,"(1, 1, 1)(1, 0, 2, 7)",add
2022-03-08,ECLAIR,0.0,4.224924821190065,4.748866355329494,"(1, 1, 1)(1, 0, 2, 7)",add
2022-03-09,ECLAIR,1.0,3.6641462544123264,3.9396498411436385,"(1, 1, 1)(1, 0, 2, 7)",add
2022-03-10,ECLAIR,4.0,3.0453161406764266,4.2197377145075805,"(1, 1, 1)(1, 0, 2, 7)",add
2022-03-11,ECLAIR,2.0,6.082226895697316,5.639443141303275,"(1, 1, 1)(1, 0, 2, 7)",add
2022-03-12,ECLAIR,2.0,7.366676337162495,7.5422326809131315,"(1, 1, 1)(1, 0, 2, 7)",add
2022-03-13,ECLAIR,11.0,15.315380939943743,16.16981189374795,"(1, 1, 1)(1, 0, 2, 7)",add
2022-03-14,ECLAIR,3.0,2.6464268491999814,2.868657639020277,"(1, 1, 1)(1, 0, 2, 7)",add
2022-03-15,ECLAIR,1.0,2.299903818193302,2.4059640485760347,"(1, 1, 1)(1, 0, 2, 7)",add
2022-03-16,ECLAIR,3.0,1.9112003348013347,1.9606187230863128,"(1, 1, 1)(1, 0, 2, 7)",add
2022-03-17,ECLAIR,0.0,3.0018751434485225,2.673819696962171,"(1, 1, 1)(1, 0, 2, 7)",add
2022-03-18,ECLAIR,4.0,4.551335662149241,3.826401036311604,"(1, 1, 1)(1, 0, 2, 7)",add
2022-03-19,ECLAIR,8.0,5.260799741844645,6.144235957441803,"(1, 1, 1)(1, 0, 2, 7)",add
2022-03-20,ECLAIR,13.0,14.54626875133664,15.577078864731977,"(1, 1, 1)(1, 0, 2, 7)",add
2022-03-21,ECLAIR,1.0,3.085090303867551,2.5581407092704507,"(1, 1, 1)(1, 0, 2, 7)",add
2022-03-22,ECLAIR,0.0,1.8399967548529887,1.9115487704323657,"(1, 1, 1)(1, 0, 2, 7)",add
2022-03-23,ECLAIR,4.0,1.8092867774483263,1.4111711117043049,"(1, 1, 1)(1, 0, 2, 7)",add
2022-03-24,ECLAIR,2.0,2.2036631546360512,2.2930277304181668,"(1, 1, 1)(1, 0, 2, 7)",add
2022-03-25,ECLAIR,4.0,4.9064100055143625,3.704755620701631,"(1, 1, 1)(1, 0, 2, 7)",add
2022-03-26,ECLAIR,5.0,6.048297578099932,6.035831509684231,"(1, 1, 1)(1, 0, 2, 7)",add
2022-03-27,ECLAIR,8.0,13.925793139651706,15.153927465291947,"(1, 1, 1)(1, 0, 2, 7)",add
2022-03-28,ECLAIR,4.0,1.4476687376733857,1.6368044429249413,"(1, 1, 1)(1, 0, 2, 7)",add
2022-03-29,ECLAIR,1.0,1.6561832191944323,1.4170455843207002,"(1, 1, 1)(1, 0, 2, 7)",add
2022-03-30,ECLAIR,0.0,1.905599413802908,1.0793429310039535,"(1, 1, 1)(1, 0, 2, 7)",add
2022-03-31,ECLAIR,0.0,1.418111318231746,1.5619231372621702,"(1, 1, 1)(1, 0, 2, 7)",add
2022-04-01,ECLAIR,7.0,3.941297827172424,2.8355331773510235,"(1, 1, 1)(1, 0, 2, 7)",add
2022-04-02,ECLAIR,7.0,5.034641581115444,5.134472044849593,"(1, 1, 1)(1, 0, 2, 7)",add
2022-04-03,ECLAIR,14.0,12.51327095114619,14.365317105316361,"(1, 1, 1)(1, 0, 2, 7)",add
2022-04-04,ECLAIR,0.0,2.4490453705305715,1.6268911107933341,"(1, 1, 1)(1, 0, 2, 7)",add
2022-04-05,ECLAIR,5.0,1.2187842931815676,1.1499010508054561,"(1, 1, 1)(1, 0, 2, 7)",add
2022-04-06,ECLAIR,3.0,1.1353467347191235,0.8575933443289663,"(1, 1, 1)(1, 0, 2, 7)",add
2022-04-07,ECLAIR,3.0,1.160227532508602,1.4576588251408982,"(1, 1, 1)(1, 0, 2, 7)",add
2022-04-08,ECLAIR,3.0,4.064347062084336,2.9012824571493843,"(1, 1, 1)(1, 0, 2, 7)",add
2022-04-09,ECLAIR,5.0,5.0479024930046315,5.200221324647954,"(1, 1, 1)(1, 0, 2, 7)",add
2022-04-10,ECLAIR,14.0,12.957642611052748,14.431066385114722,"(1, 1, 1)(1, 0, 2, 7)",add
2022-04-11,ECLAIR,1.0,2.215689161892209,1.6926403905916945,"(1, 1, 1)(1, 0, 2, 7)",add
2022-04-12,ECLAIR,0.0,1.1903505248196482,1.2156503306038164,"(1, 1, 1)(1, 0, 2, 7)",add
2022-04-13,ECLAIR,8.0,1.2540617502093654,0.9233426241273266,"(1, 1, 1)(1, 0, 2, 7)",add
2022-04-14,ECLAIR,3.0,1.262495370914856,1.5234081049392585,"(1, 1, 1)(1, 0, 2, 7)",add
2022-04-15,ECLAIR,6.0,4.02989573145344,2.967031736947744,"(1, 1, 1)(1, 0, 2, 7)",add
2022-04-16,ECLAIR,11.0,4.99471572296078,5.265970604446314,"(1, 1, 1)(1, 0, 2, 7)",add
2022-04-17,ECLAIR,2.0,12.877224743815411,14.49681566491308,"(1, 1, 1)(1, 0, 2, 7)",add
2022-04-18,ECLAIR,16.0,2.1694304881337274,1.7583896703900543,"(1, 1, 1)(1, 0, 2, 7)",add
2022-04-19,ECLAIR,0.0,1.147346140560793,1.2813996104021763,"(1, 1, 1)(1, 0, 2, 7)",add
2022-04-20,ECLAIR,1.0,1.2108498928355733,0.9890919039256874,"(1, 1, 1)(1, 0, 2, 7)",add
2022-04-21,ECLAIR,15.0,1.2192560848565934,1.5891573847376192,"(1, 1, 1)(1, 0, 2, 7)",add
2022-04-22,ECLAIR,13.0,3.9777960344334216,3.032781016746105,"(1, 1, 1)(1, 0, 2, 7)",add
2022-04-23,ECLAIR,8.0,4.939526964795191,5.3317198842446745,"(1, 1, 1)(1, 0, 2, 7)",add
2022-04-24,ECLAIR,13.0,12.796798632598804,14.562564944711442,"(1, 1, 1)(1, 0, 2, 7)",add
2022-04-25,ECLAIR,5.0,2.123287417278352,1.824138950188415,"(1, 1, 1)(1, 0, 2, 7)",add
2022-04-26,ECLAIR,0.0,1.1044754671830155,1.347148890200537,"(1, 1, 1)(1, 0, 2, 7)",add
2022-04-27,ECLAIR,11.0,1.1677759001119326,1.0548411837240472,"(1, 1, 1)(1, 0, 2, 7)",add
2022-04-28,ECLAIR,2.0,1.1761551781097528,1.6549066645359791,"(1, 1, 1)(1, 0, 2, 7)",add
2022-04-29,ECLAIR,4.0,3.9258631372285024,3.0985302965444648,"(1, 1, 1)(1, 0, 2, 7)",add
2022-04-30,ECLAIR,4.0,4.884514903048361,5.397469164043034,"(1, 1, 1)(1, 0, 2, 7)",add
2022-05-01,ECLAIR,9.0,12.716630020769367,14.6283142245098,"(1, 1, 1)(1, 0, 2, 7)",add
2022-05-02,ECLAIR,7.0,2.0772920822296754,1.889888229986775,"(1, 1, 1)(1, 0, 2, 7)",add
2022-05-03,ECLAIR,6.0,1.0617420524205317,1.4128981699988978,"(1, 1, 1)(1, 0, 2, 7)",add
2022-05-04,ECLAIR,0.0,1.1248398169705822,1.120590463522408,"(1, 1, 1)(1, 0, 2, 7)",add
2022-05-05,ECLAIR,0.0,1.133192267115743,1.7206559443343399,"(1, 1, 1)(1, 0, 2, 7)",add
2022-05-06,ECLAIR,3.0,3.8740965130741647,3.1642795763428255,"(1, 1, 1)(1, 0, 2, 7)",add
2022-05-07,ECLAIR,6.0,4.829678972883205,5.463218443841395,"(1, 1, 1)(1, 0, 2, 7)",add
2022-05-08,ECLAIR,14.0,12.636718084002702,14.694063504308161,"(1, 1, 1)(1, 0, 2, 7)",add
2022-05-09,ECLAIR,7.0,2.0314440099967257,1.9556375097851357,"(1, 1, 1)(1, 0, 2, 7)",add
2022-05-10,ECLAIR,0.0,1.0191454568154008,1.4786474497972577,"(1, 1, 1)(1, 0, 2, 7)",add
2022-05-11,ECLAIR,5.0,1.0820412018679573,1.1863397433207679,"(1, 1, 1)(1, 0, 2, 7)",add
2022-05-12,ECLAIR,6.0,1.0903669100549331,1.7864052241326998,"(1, 1, 1)(1, 0, 2, 7)",add
2022-05-13,ECLAIR,5.0,3.822495629615607,3.2300288561411854,"(1, 1, 1)(1, 0, 2, 7)",add
2022-05-14,ECLAIR,0.0,4.775018610380954,5.528967723639755,"(1, 1, 1)(1, 0, 2, 7)",add
2022-05-15,ECLAIR,18.0,12.557062000504763,14.759812784106522,"(1, 1, 1)(1, 0, 2, 7)",add
2022-05-16,ECLAIR,1.0,1.98574272908958,2.0213867895834965,"(1, 1, 1)(1, 0, 2, 7)",add
2022-05-17,ECLAIR,1.0,0.9766852423150596,1.5443967295956185,"(1, 1, 1)(1, 0, 2, 7)",add
2022-05-18,ECLAIR,1.0,1.0393796146739773,1.2520890231191286,"(1, 1, 1)(1, 0, 2, 7)",add
2022-05-19,ECLAIR,0.0,1.0476786665222348,1.8521545039310605,"(1, 1, 1)(1, 0, 2, 7)",add
2022-05-20,ECLAIR,6.0,3.7710599562024587,3.295778135939546,"(1, 1, 1)(1, 0, 2, 7)",add
2022-05-21,ECLAIR,2.0,4.720533253428334,5.594717003438116,"(1, 1, 1)(1, 0, 2, 7)",add
2022-05-22,ECLAIR,14.0,12.477660951112632,14.825562063904883,"(1, 1, 1)(1, 0, 2, 7)",add
2022-05-23,ECLAIR,0.0,1.9401877695278813,2.0871360693818564,"(1, 1, 1)(1, 0, 2, 7)",add
2022-05-24,ECLAIR,0.0,0.9343609722694546,1.6101460093939783,"(1, 1, 1)(1, 0, 2, 7)",add
2022-05-25,ECLAIR,0.0,0.9968546166677231,1.3178383029174885,"(1, 1, 1)(1, 0, 2, 7)",add
2022-05-26,ECLAIR,5.0,1.005127097522602,1.9179037837294204,"(1, 1, 1)(1, 0, 2, 7)",add
2022-05-27,ECLAIR,3.0,3.719788963883328,3.361527415737906,"(1, 1, 1)(1, 0, 2, 7)",add
2022-05-28,ECLAIR,4.0,4.666222341711783,5.660466283236476,"(1, 1, 1)(1, 0, 2, 7)",add
2022-05-29,ECLAIR,27.0,12.398514119286101,14.891311343703244,"(1, 1, 1)(1, 0, 2, 7)",add
2022-05-30,ECLAIR,6.0,1.8947786628360053,2.152885349180217,"(1, 1, 1)(1, 0, 2, 7)",add
2022-05-31,ECLAIR,3.0,0.8921722114265509,1.675895289192339,"(1, 1, 1)(1, 0, 2, 7)",add
2022-06-01,ECLAIR,6.0,0.9544657705329246,1.3835875827158493,"(1, 1, 1)(1, 0, 2, 7)",add
2022-06-02,ECLAIR,0.0,0.9627117654665154,1.9836530635277811,"(1, 1, 1)(1, 0, 2, 7)",add
2022-06-03,ECLAIR,5.0,3.6686821254003625,3.427276695536267,"(1, 1, 1)(1, 0, 2, 7)",add
2022-06-04,ECLAIR,5.0,4.612085316711688,5.726215563034836,"(1, 1, 1)(1, 0, 2, 7)",add
2022-06-05,ECLAIR,17.0,12.319620691099269,14.957060623501604,"(1, 1, 1)(1, 0, 2, 7)",add
2022-06-06,ECLAIR,11.0,1.8495149420382404,2.218634628978577,"(1, 1, 1)(1, 0, 2, 7)",add
2022-06-07,ECLAIR,4.0,0.8501185259278554,1.741644568990699,"(1, 1, 1)(1, 0, 2, 7)",add
2022-06-08,ECLAIR,0.0,0.9122126403534623,1.4493368625142091,"(1, 1, 1)(1, 0, 2, 7)",add
2022-06-09,ECLAIR,4.0,0.9204322341654808,2.049402343326141,"(1, 1, 1)(1, 0, 2, 7)",add
2022-06-10,ECLAIR,1.0,3.6177389151838253,3.4930259753346267,"(1, 1, 1)(1, 0, 2, 7)",add
2022-06-11,ECLAIR,1.0,4.558121621696648,5.791964842833197,"(1, 1, 1)(1, 0, 2, 7)",add
2022-06-12,ECLAIR,12.0,12.240979855232172,15.022809903299963,"(1, 1, 1)(1, 0, 2, 7)",add
2022-06-13,ECLAIR,6.0,1.8043961416539869,2.2843839087769378,"(1, 1, 1)(1, 0, 2, 7)",add
2022-06-14,ECLAIR,0.0,0.808199483303955,1.8073938487890597,"(1, 1, 1)(1, 0, 2, 7)",add
2022-06-15,ECLAIR,7.0,0.8700947916088846,1.5150861423125699,"(1, 1, 1)(1, 0, 2, 7)",add
2022-06-16,ECLAIR,2.0,0.8782880688275444,2.115151623124502,"(1, 1, 1)(1, 0, 2, 7)",add
2022-06-17,ECLAIR,3.0,3.5669588093466906,3.5587752551329874,"(1, 1, 1)(1, 0, 2, 7)",add
2022-06-18,ECLAIR,3.0,4.504330701717736,5.857714122631557,"(1, 1, 1)(1, 0, 2, 7)",add
2022-06-19,ECLAIR,19.0,12.162590802962447,15.088559183098324,"(1, 1, 1)(1, 0, 2, 7)",add
2022-06-20,ECLAIR,0.0,1.759421797692971,2.3501331885752976,"(1, 1, 1)(1, 0, 2, 7)",add
2022-06-21,ECLAIR,0.0,0.7664146524700717,1.8731431285874196,"(1, 1, 1)(1, 0, 2, 7)",add
2022-06-22,ECLAIR,0.0,0.828111791169942,1.5808354221109298,"(1, 1, 1)(1, 0, 2, 7)",add
2022-06-23,ECLAIR,10.0,0.8362788360528235,2.1809009029228617,"(1, 1, 1)(1, 0, 2, 7)",add
2022-06-24,ECLAIR,3.0,3.5163412856792586,3.624524534931348,"(1, 1, 1)(1, 0, 2, 7)",add
2022-06-25,ECLAIR,0.0,4.450712003602806,5.923463402429917,"(1, 1, 1)(1, 0, 2, 7)",add
2022-06-26,ECLAIR,16.0,12.084452728157,15.154308462896685,"(1, 1, 1)(1, 0, 2, 7)",add
2022-06-27,ECLAIR,0.0,1.71459144765047,2.4158824683736584,"(1, 1, 1)(1, 0, 2, 7)",add
2022-06-28,ECLAIR,0.0,0.7247636037216254,1.9388924083857804,"(1, 1, 1)(1, 0, 2, 7)",add
2022-06-29,ECLAIR,8.0,0.7862632072941288,1.6465847019092905,"(1, 1, 1)(1, 0, 2, 7)",add
2022-06-30,ECLAIR,0.0,0.7944041038290455,2.2466501827212224,"(1, 1, 1)(1, 0, 2, 7)",add
2022-07-01,ECLAIR,8.0,3.7850151961335774,3.815338808081623,"(1, 1, 1)(1, 0, 2, 7)",add
2022-07-02,ECLAIR,5.0,4.034620616336969,5.649816251558027,"(1, 1, 1)(1, 0, 2, 7)",add
2022-07-03,ECLAIR,22.0,14.204931060633765,15.047655939756254,"(1, 1, 1)(1, 0, 2, 7)",add
2022-07-04,ECLAIR,3.0,3.0114313586269077,2.7765644564789063,"(1, 1, 1)(1, 0, 2, 7)",add
2022-07-05,ECLAIR,6.0,1.2548489253581152,1.855234637307447,"(1, 1, 1)(1, 0, 2, 7)",add
2022-07-06,ECLAIR,0.0,3.1144772428666636,2.008496604868378,"(1, 1, 1)(1, 0, 2, 7)",add
2022-07-07,ECLAIR,9.0,2.2847308932902832,2.5096213194998143,"(1, 1, 1)(1, 0, 2, 7)",add
2022-07-08,ECLAIR,5.0,4.098606494604741,3.8790976566004116,"(1, 1, 1)(1, 0, 2, 7)",add
2022-07-09,ECLAIR,6.0,4.441516293625925,5.713575100076817,"(1, 1, 1)(1, 0, 2, 7)",add
2022-07-10,ECLAIR,18.0,14.040636278492995,15.111414788275042,"(1, 1, 1)(1, 0, 2, 7)",add
2022-07-11,ECLAIR,3.0,3.2728831547088415,2.840323304997694,"(1, 1, 1)(1, 0, 2, 7)",add
2022-07-12,ECLAIR,0.0,1.3601746148740648,1.9189934858262356,"(1, 1, 1)(1, 0, 2, 7)",add
2022-07-13,ECLAIR,5.0,2.570229297317926,2.0722554533871667,"(1, 1, 1)(1, 0, 2, 7)",add
2022-07-14,ECLAIR,11.0,2.5772332088873218,2.573380168018602,"(1, 1, 1)(1, 0, 2, 7)",add
2022-07-15,ECLAIR,6.0,4.104910504821989,3.9428565051191993,"(1, 1, 1)(1, 0, 2, 7)",add
2022-07-16,ECLAIR,13.0,4.425428716742975,5.777333948595604,"(1, 1, 1)(1, 0, 2, 7)",add
2022-07-17,ECLAIR,19.0,14.0073735912104,15.17517363679383,"(1, 1, 1)(1, 0, 2, 7)",add
2022-07-18,ECLAIR,9.0,3.2568682165972334,2.9040821535164825,"(1, 1, 1)(1, 0, 2, 7)",add
2022-07-19,ECLAIR,4.0,1.3472364958137688,1.9827523343450233,"(1, 1, 1)(1, 0, 2, 7)",add
2022-07-20,ECLAIR,3.0,2.5553375598936223,2.1360143019059543,"(1, 1, 1)(1, 0, 2, 7)",add
2022-07-21,ECLAIR,9.0,2.5623301087303303,2.6371390165373905,"(1, 1, 1)(1, 0, 2, 7)",add
2022-07-22,ECLAIR,2.0,4.087541957792723,4.006615353637988,"(1, 1, 1)(1, 0, 2, 7)",add
2022-07-23,ECLAIR,9.0,4.4075429009844544,5.841092797114392,"(1, 1, 1)(1, 0, 2, 7)",add
2022-07-24,ECLAIR,21.0,13.97402395191007,15.238932485312617,"(1, 1, 1)(1, 0, 2, 7)",add
2022-07-25,ECLAIR,4.0,3.2408682823894672,2.96784100203527,"(1, 1, 1)(1, 0, 2, 7)",add
2022-07-26,ECLAIR,3.0,1.3343184211129526,2.046511182863812,"(1, 1, 1)(1, 0, 2, 7)",add
2022-07-27,ECLAIR,10.0,2.5404697910662426,2.199773150424743,"(1, 1, 1)(1, 0, 2, 7)",add
2022-07-28,ECLAIR,13.0,2.5474510549767113,2.700897865056178,"(1, 1, 1)(1, 0, 2, 7)",add
2022-07-29,ECLAIR,7.0,4.070201440613338,4.070374202156776,"(1, 1, 1)(1, 0, 2, 7)",add
2022-07-30,ECLAIR,4.0,4.389685950223491,5.904851645633181,"(1, 1, 1)(1, 0, 2, 7)",add
2022-07-31,ECLAIR,16.0,13.94072813392904,15.302691333831406,"(1, 1, 1)(1, 0, 2, 7)",add
2022-08-01,ECLAIR,3.0,3.2248941696783184,3.0315998505540587,"(1, 1, 1)(1, 0, 2, 7)",add
2022-08-02,ECLAIR,5.0,1.3214211942493783,2.1102700313825995,"(1, 1, 1)(1, 0, 2, 7)",add
2022-08-03,ECLAIR,5.0,2.525626016590346,2.2635319989435305,"(1, 1, 1)(1, 0, 2, 7)",add
2022-08-04,ECLAIR,11.0,2.5325960137867565,2.7646567135749667,"(1, 1, 1)(1, 0, 2, 7)",add
2022-08-05,ECLAIR,8.0,4.052888908430822,4.1341330506755645,"(1, 1, 1)(1, 0, 2, 7)",add
2022-08-06,ECLAIR,14.0,4.371857817905829,5.968610494151969,"(1, 1, 1)(1, 0, 2, 7)",add
2022-08-07,ECLAIR,7.0,13.907486050410041,15.366450182350194,"(1, 1, 1)(1, 0, 2, 7)",add
2022-08-08,ECLAIR,6.0,3.2089458367919335,3.095358699072847,"(1, 1, 1)(1, 0, 2, 7)",add
2022-08-09,ECLAIR,5.0,1.3085447815777715,2.174028879901388,"(1, 1, 1)(1, 0, 2, 7)",add
2022-08-10,ECLAIR,6.0,2.5108061977426415,2.327290847462319,"(1, 1, 1)(1, 0, 2, 7)",add
2022-08-11,ECLAIR,2.0,2.5177649464077825,2.8284155620937543,"(1, 1, 1)(1, 0, 2, 7)",add
2022-08-12,ECLAIR,2.0,4.035604316081582,4.197891899194352,"(1, 1, 1)(1, 0, 2, 7)",add
2022-08-13,ECLAIR,5.0,4.354058457522815,6.032369342670757,"(1, 1, 1)(1, 0, 2, 7)",add
2022-08-14,ECLAIR,23.0,13.8742976146337,15.430209030868983,"(1, 1, 1)(1, 0, 2, 7)",add
2022-08-15,ECLAIR,12.0,3.1930232421255393,3.159117547591635,"(1, 1, 1)(1, 0, 2, 7)",add
2022-08-16,ECLAIR,4.0,1.2956891495071468,2.2377877284201757,"(1, 1, 1)(1, 0, 2, 7)",add
2022-08-17,ECLAIR,3.0,2.496010295862338,2.3910496959811067,"(1, 1, 1)(1, 0, 2, 7)",add
2022-08-18,ECLAIR,10.0,2.502957814149654,2.892174410612543,"(1, 1, 1)(1, 0, 2, 7)",add
2022-08-19,ECLAIR,0.0,4.018347618474917,4.261650747713141,"(1, 1, 1)(1, 0, 2, 7)",add
2022-08-20,ECLAIR,15.0,4.336287822640863,6.096128191189544,"(1, 1, 1)(1, 0, 2, 7)",add
2022-08-21,ECLAIR,10.0,13.8411627400206,15.493967879387771,"(1, 1, 1)(1, 0, 2, 7)",add
2022-08-22,ECLAIR,4.0,3.177126344141504,3.2228763961104234,"(1, 1, 1)(1, 0, 2, 7)",add
2022-08-23,ECLAIR,5.0,1.2828542645007261,2.3015465769389643,"(1, 1, 1)(1, 0, 2, 7)",add
2022-08-24,ECLAIR,5.0,2.481238272351031,2.4548085444998953,"(1, 1, 1)(1, 0, 2, 7)",add
2022-08-25,ECLAIR,4.0,2.488174578384669,2.9559332591313305,"(1, 1, 1)(1, 0, 2, 7)",add
2022-08-26,ECLAIR,3.0,4.001118770592887,4.325409596231929,"(1, 1, 1)(1, 0, 2, 7)",add
2022-08-27,ECLAIR,7.0,4.318545866901315,6.159887039708334,"(1, 1, 1)(1, 0, 2, 7)",add
2022-08-28,ECLAIR,17.0,13.808081340131043,15.557726727906559,"(1, 1, 1)(1, 0, 2, 7)",add
2022-08-29,ECLAIR,6.0,3.1612551013692283,3.286635244629211,"(1, 1, 1)(1, 0, 2, 7)",add
2022-08-30,ECLAIR,1.0,1.2700400930758526,2.365305425457752,"(1, 1, 1)(1, 0, 2, 7)",add
2022-08-31,ECLAIR,2.0,2.4664900886726064,2.518567393018684,"(1, 1, 1)(1, 0, 2, 7)",add
2022-09-01,ECLAIR,0.0,2.4734152005474646,3.019692107650119,"(1, 1, 1)(1, 0, 2, 7)",add
2022-09-02,ECLAIR,3.0,3.983917727490208,4.389168444750717,"(1, 1, 1)(1, 0, 2, 7)",add
2022-09-03,ECLAIR,6.0,4.300832544020327,6.2236458882271215,"(1, 1, 1)(1, 0, 2, 7)",add
2022-09-04,ECLAIR,10.0,13.775053328664841,15.621485576425346,"(1, 1, 1)(1, 0, 2, 7)",add
2022-09-05,ECLAIR,6.0,3.145409472405049,3.3503940931479996,"(1, 1, 1)(1, 0, 2, 7)",add
2022-09-06,ECLAIR,1.0,1.2572466018039146,2.4290642739765405,"(1, 1, 1)(1, 0, 2, 7)",add
2022-09-07,ECLAIR,0.0,2.451765706353152,2.5823262415374715,"(1, 1, 1)(1, 0, 2, 7)",add
2022-09-08,ECLAIR,5.0,2.4586796421349253,3.0834509561689067,"(1, 1, 1)(1, 0, 2, 7)",add
2022-09-09,ECLAIR,1.0,3.9667444442941355,4.4529272932695045,"(1, 1, 1)(1, 0, 2, 7)",add
2022-09-10,ECLAIR,6.0,4.283147807788762,6.287404736745909,"(1, 1, 1)(1, 0, 2, 7)",add
2022-09-11,ECLAIR,26.0,13.742078619461076,15.685244424944134,"(1, 1, 1)(1, 0, 2, 7)",add
2022-09-12,ECLAIR,0.0,3.1295894159121165,3.4141529416667873,"(1, 1, 1)(1, 0, 2, 7)",add
2022-09-13,ECLAIR,0.0,1.2444737573102413,2.492823122495328,"(1, 1, 1)(1, 0, 2, 7)",add
2022-09-14,ECLAIR,2.0,2.437065086980838,2.64608509005626,"(1, 1, 1)(1, 0, 2, 7)",add
2022-09-15,ECLAIR,2.0,2.4439678647060665,3.1472098046876953,"(1, 1, 1)(1, 0, 2, 7)",add
2022-09-16,ECLAIR,8.0,3.949598876204338,4.516686141788293,"(1, 1, 1)(1, 0, 2, 7)",add
2022-09-17,ECLAIR,2.0,4.265491612072048,6.351163585264697,"(1, 1, 1)(1, 0, 2, 7)",add
2022-09-18,ECLAIR,12.0,13.709157126497882,15.749003273462924,"(1, 1, 1)(1, 0, 2, 7)",add
2022-09-19,ECLAIR,0.0,3.1137948906202926,3.477911790185576,"(1, 1, 1)(1, 0, 2, 7)",add
2022-09-20,ECLAIR,0.0,1.2317215262740262,2.5565819710141167,"(1, 1, 1)(1, 0, 2, 7)",add
2022-09-21,ECLAIR,0.0,2.422388192205828,2.7098439385750477,"(1, 1, 1)(1, 0, 2, 7)",add
2022-09-22,ECLAIR,1.0,2.429279829881943,3.210968653206483,"(1, 1, 1)(1, 0, 2, 7)",add
2022-09-23,ECLAIR,0.0,3.9324809784927854,4.580444990307082,"(1, 1, 1)(1, 0, 2, 7)",add
2022-09-24,ECLAIR,8.0,4.24786391081007,6.414922433783486,"(1, 1, 1)(1, 0, 2, 7)",add
2022-09-25,ECLAIR,13.0,13.67628876389222,15.812762121981711,"(1, 1, 1)(1, 0, 2, 7)",add
2022-09-26,ECLAIR,0.0,3.0980258553260427,3.5416706387043635,"(1, 1, 1)(1, 0, 2, 7)",add
2022-09-27,ECLAIR,4.0,1.2189898754282358,2.6203408195329043,"(1, 1, 1)(1, 0, 2, 7)",add
2022-09-28,ECLAIR,11.0,2.4077349837401743,2.7736027870938362,"(1, 1, 1)(1, 0, 2, 7)",add
2022-09-29,ECLAIR,10.0,2.414615499345546,3.2747275017252715,"(1, 1, 1)(1, 0, 2, 7)",add
2022-09-30,ECLAIR,6.0,3.915390706503632,4.644203838825869,"(1, 1, 1)(1, 0, 2, 7)",add
2021-01-02,PAIN AU CHOCOLAT,48.0,0.0,31.92133428076795,"(5, 1, 1)(1, 0, 1, 7)",add
2021-01-03,PAIN AU CHOCOLAT,45.0,47.986094782595465,64.28021982160402,"(5, 1, 1)(1, 0, 1, 7)",add
2021-01-04,PAIN AU CHOCOLAT,17.0,46.06667192037789,13.274662274249764,"(5, 1, 1)(1, 0, 1, 7)",add
2021-01-05,PAIN AU CHOCOLAT,6.0,30.045767158045884,13.32049139430178,"(5, 1, 1)(1, 0, 1, 7)",add
2021-01-06,PAIN AU CHOCOLAT,0.0,20.708141925217145,1.6851872191507056,"(5, 1, 1)(1, 0, 1, 7)",add
2021-01-07,PAIN AU CHOCOLAT,15.0,15.246764330300156,11.475640818802168,"(5, 1, 1)(1, 0, 1, 7)",add
2021-01-08,PAIN AU CHOCOLAT,22.0,23.07110093263789,19.006238480349648,"(5, 1, 1)(1, 0, 1, 7)",add
2021-01-09,PAIN AU CHOCOLAT,25.0,35.39025112359281,31.516118645094043,"(5, 1, 1)(1, 0, 1, 7)",add
2021-01-10,PAIN AU CHOCOLAT,42.0,29.92683848321375,58.125287186672395,"(5, 1, 1)(1, 0, 1, 7)",add
2021-01-11,PAIN AU CHOCOLAT,17.0,18.00244680275046,7.92256844981901,"(5, 1, 1)(1, 0, 1, 7)",add
2021-01-12,PAIN AU CHOCOLAT,12.0,9.430544826746484,9.330350149181228,"(5, 1, 1)(1, 0, 1, 7)",add
2021-01-13,PAIN AU CHOCOLAT,0.0,6.44948718008373,0.2372470420228936,"(5, 1, 1)(1, 0, 1, 7)",add
2021-01-14,PAIN AU CHOCOLAT,18.0,13.403512794311622,10.396159402603464,"(5, 1, 1)(1, 0, 1, 7)",add
2021-01-15,PAIN AU CHOCOLAT,26.0,18.74382989861635,18.964866712318557,"(5, 1, 1)(1, 0, 1, 7)",add
2021-01-16,PAIN AU CHOCOLAT,16.0,29.35217490014007,32.50315872558035,"(5, 1, 1)(1, 0, 1, 7)",add
2021-01-17,PAIN AU CHOCOLAT,47.0,28.168170425457788,56.57091535558045,"(5, 1, 1)(1, 0, 1, 7)",add
2021-01-18,PAIN AU CHOCOLAT,14.0,16.84793607081323,8.036094064837936,"(5, 1, 1)(1, 0, 1, 7)",add
2021-01-19,PAIN AU CHOCOLAT,11.0,8.929302068578231,8.65157383878045,"(5, 1, 1)(1, 0, 1, 7)",add
2021-01-20,PAIN AU CHOCOLAT,0.0,2.9989363918832694,-0.5232713765950834,"(5, 1, 1)(1, 0, 1, 7)",add
2021-01-21,PAIN AU CHOCOLAT,0.0,15.511909469999345,9.829170853944342,"(5, 1, 1)(1, 0, 1, 7)",add
2021-01-22,PAIN AU CHOCOLAT,23.0,13.566090922476468,13.961682594194937,"(5, 1, 1)(1, 0, 1, 7)",add
2021-01-23,PAIN AU CHOCOLAT,33.0,21.387775624912393,28.009726840135848,"(5, 1, 1)(1, 0, 1, 7)",add
2021-01-24,PAIN AU CHOCOLAT,22.0,38.449384368919965,57.546938220907776,"(5, 1, 1)(1, 0, 1, 7)",add
2021-01-25,PAIN AU CHOCOLAT,21.0,8.478774696347827,2.401972844095133,"(5, 1, 1)(1, 0, 1, 7)",add
2021-01-26,PAIN AU CHOCOLAT,19.0,9.119547786657673,6.232469870792661,"(5, 1, 1)(1, 0, 1, 7)",add
2021-01-27,PAIN AU CHOCOLAT,0.0,3.25679318551836,-0.29101571061542586,"(5, 1, 1)(1, 0, 1, 7)",add
2021-01-28,PAIN AU CHOCOLAT,20.0,9.834141439335466,10.002324192177708,"(5, 1, 1)(1, 0, 1, 7)",add
2021-01-29,PAIN AU CHOCOLAT,18.0,25.467301560697926,19.180193102237073,"(5, 1, 1)(1, 0, 1, 7)",add
2021-01-30,PAIN AU CHOCOLAT,28.0,22.97248300897597,30.62792292924744,"(5, 1, 1)(1, 0, 1, 7)",add
2021-01-31,PAIN AU CHOCOLAT,48.0,32.123879602332,58.2265244586945,"(5, 1, 1)(1, 0, 1, 7)",add
2021-02-01,PAIN AU CHOCOLAT,14.0,20.763328545178727,9.524869674688176,"(5, 1, 1)(1, 0, 1, 7)",add
2021-02-02,PAIN AU CHOCOLAT,11.0,12.17711227759412,9.76149925497488,"(5, 1, 1)(1, 0, 1, 7)",add
2021-02-03,PAIN AU CHOCOLAT,0.0,2.582897131846021,0.304210227323928,"(5, 1, 1)(1, 0, 1, 7)",add
2021-02-04,PAIN AU CHOCOLAT,19.0,12.624330927062449,10.446082400282362,"(5, 1, 1)(1, 0, 1, 7)",add
2021-02-05,PAIN AU CHOCOLAT,27.0,22.482223720692936,19.25655673918293,"(5, 1, 1)(1, 0, 1, 7)",add
2021-02-06,PAIN AU CHOCOLAT,35.0,30.770720822988444,32.975093087934454,"(5, 1, 1)(1, 0, 1, 7)",add
2021-02-07,PAIN AU CHOCOLAT,47.0,40.872815671808816,61.757704803178605,"(5, 1, 1)(1, 0, 1, 7)",add
2021-02-08,PAIN AU CHOCOLAT,14.0,20.92222135555635,11.902996100476042,"(5, 1, 1)(1, 0, 1, 7)",add
2021-02-09,PAIN AU CHOCOLAT,19.0,12.646750383105838,11.534461510294932,"(5, 1, 1)(1, 0, 1, 7)",add
2021-02-10,PAIN AU CHOCOLAT,0.0,4.948182516154803,3.6617729018511085,"(5, 1, 1)(1, 0, 1, 7)",add
2021-02-11,PAIN AU CHOCOLAT,26.0,15.909353951281217,12.949242798845274,"(5, 1, 1)(1, 0, 1, 7)",add
2021-02-12,PAIN AU CHOCOLAT,14.0,27.928200074127815,22.904032333784635,"(5, 1, 1)(1, 0, 1, 7)",add
2021-02-13,PAIN AU CHOCOLAT,30.0,29.107674844373648,32.38626919511397,"(5, 1, 1)(1, 0, 1, 7)",add
2021-02-14,PAIN AU CHOCOLAT,72.0,38.905217245302914,60.04636458795346,"(5, 1, 1)(1, 0, 1, 7)",add
2021-02-15,PAIN AU CHOCOLAT,11.0,29.373939817378037,16.988916900537298,"(5, 1, 1)(1, 0, 1, 7)",add
2021-02-16,PAIN AU CHOCOLAT,21.0,16.8253752373206,14.562750091826693,"(5, 1, 1)(1, 0, 1, 7)",add
2021-02-17,PAIN AU CHOCOLAT,0.0,7.628811900218288,6.428391876714237,"(5, 1, 1)(1, 0, 1, 7)",add
2021-02-18,PAIN AU CHOCOLAT,5.0,18.056700551082237,15.011837522193312,"(5, 1, 1)(1, 0, 1, 7)",add
2021-02-19,PAIN AU CHOCOLAT,28.0,16.46227220696998,19.09786589572113,"(5, 1, 1)(1, 0, 1, 7)",add
2021-02-20,PAIN AU CHOCOLAT,30.0,33.82103715163199,33.11125544298581,"(5, 1, 1)(1, 0, 1, 7)",add
2021-02-21,PAIN AU CHOCOLAT,63.0,45.92336186416047,60.58686287230226,"(5, 1, 1)(1, 0, 1, 7)",add
2021-02-22,PAIN AU CHOCOLAT,43.0,24.922687376054064,15.101635203346738,"(5, 1, 1)(1, 0, 1, 7)",add
2021-02-23,PAIN AU CHOCOLAT,38.0,29.610624430418603,21.298798296407604,"(5, 1, 1)(1, 0, 1, 7)",add
2021-02-24,PAIN AU CHOCOLAT,0.0,14.986414660822216,15.776317989316201,"(5, 1, 1)(1, 0, 1, 7)",add
2021-02-25,PAIN AU CHOCOLAT,36.0,20.62362439533446,21.98098768319589,"(5, 1, 1)(1, 0, 1, 7)",add
2021-02-26,PAIN AU CHOCOLAT,61.0,31.579196649996035,32.182170049697625,"(5, 1, 1)(1, 0, 1, 7)",add
2021-02-27,PAIN AU CHOCOLAT,47.0,48.91590072583175,51.26352630607248,"(5, 1, 1)(1, 0, 1, 7)",add
2021-02-28,PAIN AU CHOCOLAT,136.0,63.796653454190846,78.4459142355959,"(5, 1, 1)(1, 0, 1, 7)",add
2021-03-01,PAIN AU CHOCOLAT,36.0,63.57232429399707,46.99245799758333,"(5, 1, 1)(1, 0, 1, 7)",add
2021-03-02,PAIN AU CHOCOLAT,26.0,43.52080306632219,43.293035164903216,"(5, 1, 1)(1, 0, 1, 7)",add
2021-03-03,PAIN AU CHOCOLAT,0.0,17.090984487780197,29.120007968407474,"(5, 1, 1)(1, 0, 1, 7)",add
2021-03-04,PAIN AU CHOCOLAT,35.0,30.27969517071206,31.92909574973128,"(5, 1, 1)(1, 0, 1, 7)",add
2021-03-05,PAIN AU CHOCOLAT,36.0,40.19123356699941,39.344302289030345,"(5, 1, 1)(1, 0, 1, 7)",add
2021-03-06,PAIN AU CHOCOLAT,51.0,54.31075717134759,50.24132912286673,"(5, 1, 1)(1, 0, 1, 7)",add
2021-03-07,PAIN AU CHOCOLAT,79.0,79.85777854758646,78.70172050895306,"(5, 1, 1)(1, 0, 1, 7)",add
2021-03-08,PAIN AU CHOCOLAT,24.0,44.36782864216822,32.67832293722742,"(5, 1, 1)(1, 0, 1, 7)",add
2021-03-09,PAIN AU CHOCOLAT,32.0,31.914640563747362,29.567780329317866,"(5, 1, 1)(1, 0, 1, 7)",add
2021-03-10,PAIN AU CHOCOLAT,0.0,16.118356450768353,20.414258130706553,"(5, 1, 1)(1, 0, 1, 7)",add
2021-03-11,PAIN AU CHOCOLAT,28.0,28.346295035254105,25.438706635372547,"(5, 1, 1)(1, 0, 1, 7)",add
2021-03-12,PAIN AU CHOCOLAT,38.0,38.35037098235925,32.72423199139798,"(5, 1, 1)(1, 0, 1, 7)",add
2021-03-13,PAIN AU CHOCOLAT,51.0,46.684694199386946,45.81481659174911,"(5, 1, 1)(1, 0, 1, 7)",add
2021-03-14,PAIN AU CHOCOLAT,71.0,72.74700443583843,75.40162697512307,"(5, 1, 1)(1, 0, 1, 7)",add
2021-03-15,PAIN AU CHOCOLAT,31.0,35.13269718204097,28.182239582572908,"(5, 1, 1)(1, 0, 1, 7)",add
2021-03-16,PAIN AU CHOCOLAT,30.0,30.61727050161086,27.99711661236974,"(5, 1, 1)(1, 0, 1, 7)",add
2021-03-17,PAIN AU CHOCOLAT,0.0,11.36265008713848,18.734340787556132,"(5, 1, 1)(1, 0, 1, 7)",add
2021-03-18,PAIN AU CHOCOLAT,16.0,26.275207731687907,24.186279510739553,"(5, 1, 1)(1, 0, 1, 7)",add
2021-03-19,PAIN AU CHOCOLAT,35.0,32.86776009758821,28.73685942688617,"(5, 1, 1)(1, 0, 1, 7)",add
2021-03-20,PAIN AU CHOCOLAT,38.0,41.96496494240086,42.07870169481379,"(5, 1, 1)(1, 0, 1, 7)",add
2021-03-21,PAIN AU CHOCOLAT,50.0,66.20004251998198,69.30812212494001,"(5, 1, 1)(1, 0, 1, 7)",add
2021-03-22,PAIN AU CHOCOLAT,19.0,23.97301064218638,18.295464251013808,"(5, 1, 1)(1, 0, 1, 7)",add
2021-03-23,PAIN AU CHOCOLAT,13.0,22.105650622219535,17.57258692106693,"(5, 1, 1)(1, 0, 1, 7)",add
2021-03-24,PAIN AU CHOCOLAT,0.0,-0.9156668720283871,6.636544699795802,"(5, 1, 1)(1, 0, 1, 7)",add
2021-03-25,PAIN AU CHOCOLAT,15.0,20.16459965428059,15.167021491666114,"(5, 1, 1)(1, 0, 1, 7)",add
2021-03-26,PAIN AU CHOCOLAT,35.0,29.31426085202215,21.75826988290113,"(5, 1, 1)(1, 0, 1, 7)",add
2021-03-27,PAIN AU CHOCOLAT,22.0,36.64851642211436,36.87596069555947,"(5, 1, 1)(1, 0, 1, 7)",add
2021-03-28,PAIN AU CHOCOLAT,43.0,54.33480931109051,61.35779200861525,"(5, 1, 1)(1, 0, 1, 7)",add
2021-03-29,PAIN AU CHOCOLAT,13.0,12.94866871564287,10.586965574043965,"(5, 1, 1)(1, 0, 1, 7)",add
2021-03-30,PAIN AU CHOCOLAT,26.0,13.233458199380062,10.298851582741406,"(5, 1, 1)(1, 0, 1, 7)",add
2021-03-31,PAIN AU CHOCOLAT,0.0,-0.6788444010968071,4.521886732319935,"(5, 1, 1)(1, 0, 1, 7)",add
2021-04-01,PAIN AU CHOCOLAT,16.0,19.5006656059503,13.590482616949044,"(5, 1, 1)(1, 0, 1, 7)",add
2021-04-02,PAIN AU CHOCOLAT,31.0,27.40321708954336,20.83738538967038,"(5, 1, 1)(1, 0, 1, 7)",add
2021-04-03,PAIN AU CHOCOLAT,40.0,31.072440423526547,35.171530650997795,"(5, 1, 1)(1, 0, 1, 7)",add
2021-04-04,PAIN AU CHOCOLAT,103.0,55.753230037107464,64.66756765688494,"(5, 1, 1)(1, 0, 1, 7)",add
2021-04-05,PAIN AU CHOCOLAT,43.0,36.882867158824354,28.32275836817809,"(5, 1, 1)(1, 0, 1, 7)",add
2021-04-06,PAIN AU CHOCOLAT,24.0,34.90461617043336,31.155529246452783,"(5, 1, 1)(1, 0, 1, 7)",add
2021-04-07,PAIN AU CHOCOLAT,0.0,6.6919977059202935,19.56220315130582,"(5, 1, 1)(1, 0, 1, 7)",add
2021-04-08,PAIN AU CHOCOLAT,31.0,20.78069889827732,24.80347492457966,"(5, 1, 1)(1, 0, 1, 7)",add
2021-04-09,PAIN AU CHOCOLAT,10.0,33.93642462227864,33.01406126931659,"(5, 1, 1)(1, 0, 1, 7)",add
2021-04-10,PAIN AU CHOCOLAT,35.0,34.35179833053141,38.905705190146925,"(5, 1, 1)(1, 0, 1, 7)",add
2021-04-11,PAIN AU CHOCOLAT,40.0,65.59945913078623,66.17914821095854,"(5, 1, 1)(1, 0, 1, 7)",add
2021-04-12,PAIN AU CHOCOLAT,20.0,19.8553575862947,13.418013571239474,"(5, 1, 1)(1, 0, 1, 7)",add
2021-04-13,PAIN AU CHOCOLAT,36.0,19.59886374497919,14.190776896272812,"(5, 1, 1)(1, 0, 1, 7)",add
2021-04-14,PAIN AU CHOCOLAT,12.0,9.675356814111744,9.968139818634743,"(5, 1, 1)(1, 0, 1, 7)",add
2021-04-15,PAIN AU CHOCOLAT,14.0,26.501661995522788,20.704474126027613,"(5, 1, 1)(1, 0, 1, 7)",add
2021-04-16,PAIN AU CHOCOLAT,38.0,29.499794179106445,25.632130515783857,"(5, 1, 1)(1, 0, 1, 7)",add
2021-04-17,PAIN AU CHOCOLAT,46.0,35.95234570356186,40.527449153746836,"(5, 1, 1)(1, 0, 1, 7)",add
2021-04-18,PAIN AU CHOCOLAT,82.0,62.47972476789317,70.18738621169635,"(5, 1, 1)(1, 0, 1, 7)",add
2021-04-19,PAIN AU CHOCOLAT,19.0,33.1246767577492,27.09405261299096,"(5, 1, 1)(1, 0, 1, 7)",add
2021-04-20,PAIN AU CHOCOLAT,41.0,27.132036403821445,24.132189849122238,"(5, 1, 1)(1, 0, 1, 7)",add
2021-04-21,PAIN AU CHOCOLAT,21.0,9.870641509389003,18.652106557471665,"(5, 1, 1)(1, 0, 1, 7)",add
2021-04-22,PAIN AU CHOCOLAT,30.0,31.299223176496852,29.46886215965278,"(5, 1, 1)(1, 0, 1, 7)",add
2021-04-23,PAIN AU CHOCOLAT,27.0,38.611091729788285,36.237771842747925,"(5, 1, 1)(1, 0, 1, 7)",add
2021-04-24,PAIN AU CHOCOLAT,50.0,42.57782968668657,45.635081682997125,"(5, 1, 1)(1, 0, 1, 7)",add
2021-04-25,PAIN AU CHOCOLAT,94.0,69.42433314319385,75.01315840186696,"(5, 1, 1)(1, 0, 1, 7)",add
2021-04-26,PAIN AU CHOCOLAT,38.0,40.58116987230237,33.745457609812775,"(5, 1, 1)(1, 0, 1, 7)",add
2021-04-27,PAIN AU CHOCOLAT,20.0,40.50052385865361,33.92595396129913,"(5, 1, 1)(1, 0, 1, 7)",add
2021-04-28,PAIN AU CHOCOLAT,18.0,11.901211438778214,20.609751230223377,"(5, 1, 1)(1, 0, 1, 7)",add
2021-04-29,PAIN AU CHOCOLAT,25.0,30.106745617930734,30.164930116664493,"(5, 1, 1)(1, 0, 1, 7)",add
2021-04-30,PAIN AU CHOCOLAT,17.0,36.425496365574325,35.48435578463152,"(5, 1, 1)(1, 0, 1, 7)",add
2021-05-01,PAIN AU CHOCOLAT,35.0,40.44345372764327,42.5286783151345,"(5, 1, 1)(1, 0, 1, 7)",add
2021-05-02,PAIN AU CHOCOLAT,73.0,69.03734060163097,68.88017980162087,"(5, 1, 1)(1, 0, 1, 7)",add
2021-05-03,PAIN AU CHOCOLAT,26.0,30.46715432477253,23.82925345219178,"(5, 1, 1)(1, 0, 1, 7)",add
2021-05-04,PAIN AU CHOCOLAT,17.0,30.42767565749285,23.47948422624577,"(5, 1, 1)(1, 0, 1, 7)",add
2021-05-05,PAIN AU CHOCOLAT,32.0,7.752917362084904,12.058191972284078,"(5, 1, 1)(1, 0, 1, 7)",add
2021-05-06,PAIN AU CHOCOLAT,27.0,31.96273247627887,27.352088322648584,"(5, 1, 1)(1, 0, 1, 7)",add
2021-05-07,PAIN AU CHOCOLAT,25.0,34.80553514021009,33.89624257538946,"(5, 1, 1)(1, 0, 1, 7)",add
2021-05-08,PAIN AU CHOCOLAT,73.0,39.40537742836019,43.380461704198865,"(5, 1, 1)(1, 0, 1, 7)",add
2021-05-09,PAIN AU CHOCOLAT,49.0,80.05013489671313,79.18510640710093,"(5, 1, 1)(1, 0, 1, 7)",add
2021-05-10,PAIN AU CHOCOLAT,21.0,23.381768431088783,25.40457164533238,"(5, 1, 1)(1, 0, 1, 7)",add
2021-05-11,PAIN AU CHOCOLAT,30.0,24.892055220204522,23.381574731924143,"(5, 1, 1)(1, 0, 1, 7)",add
2021-05-12,PAIN AU CHOCOLAT,25.0,12.737066914877186,15.293320388832829,"(5, 1, 1)(1, 0, 1, 7)",add
2021-05-13,PAIN AU CHOCOLAT,65.0,29.685578487629016,27.98267354474533,"(5, 1, 1)(1, 0, 1, 7)",add
2021-05-14,PAIN AU CHOCOLAT,110.0,53.19411489229503,44.0362595289995,"(5, 1, 1)(1, 0, 1, 7)",add
2021-05-15,PAIN AU CHOCOLAT,123.0,79.72712464824787,72.57017216873926,"(5, 1, 1)(1, 0, 1, 7)",add
2021-05-16,PAIN AU CHOCOLAT,144.0,110.11190090116193,113.67043171673906,"(5, 1, 1)(1, 0, 1, 7)",add
2021-05-17,PAIN AU CHOCOLAT,0.0,72.57946914408424,75.28912573986989,"(5, 1, 1)(1, 0, 1, 7)",add
2021-05-18,PAIN AU CHOCOLAT,0.0,36.0087354900694,55.22806663076068,"(5, 1, 1)(1, 0, 1, 7)",add
2021-05-19,PAIN AU CHOCOLAT,0.0,8.054199118760192,31.401674667881483,"(5, 1, 1)(1, 0, 1, 7)",add
2021-05-20,PAIN AU CHOCOLAT,0.0,32.663382901975915,33.63014448016112,"(5, 1, 1)(1, 0, 1, 7)",add
2021-05-21,PAIN AU CHOCOLAT,17.0,41.48415852755036,31.705999053388332,"(5, 1, 1)(1, 0, 1, 7)",add
2021-05-22,PAIN AU CHOCOLAT,63.0,61.054758841611104,39.71180373732088,"(5, 1, 1)(1, 0, 1, 7)",add
2021-05-23,PAIN AU CHOCOLAT,100.0,87.56591013816842,73.90530560615224,"(5, 1, 1)(1, 0, 1, 7)",add
2021-05-24,PAIN AU CHOCOLAT,107.0,42.60461499572676,34.4463471056274,"(5, 1, 1)(1, 0, 1, 7)",add
2021-05-25,PAIN AU CHOCOLAT,30.0,63.567778711938224,52.006985279582935,"(5, 1, 1)(1, 0, 1, 7)",add
2021-05-26,PAIN AU CHOCOLAT,8.0,26.70050607946051,36.63439456121442,"(5, 1, 1)(1, 0, 1, 7)",add
2021-05-27,PAIN AU CHOCOLAT,12.0,27.082675462885447,39.567056863869524,"(5, 1, 1)(1, 0, 1, 7)",add
2021-05-28,PAIN AU CHOCOLAT,23.0,31.43842498163095,39.185791305887214,"(5, 1, 1)(1, 0, 1, 7)",add
2021-05-29,PAIN AU CHOCOLAT,49.0,44.12188814710085,46.81503179994431,"(5, 1, 1)(1, 0, 1, 7)",add
2021-05-30,PAIN AU CHOCOLAT,78.0,83.6964557349834,75.63837446856428,"(5, 1, 1)(1, 0, 1, 7)",add
2021-05-31,PAIN AU CHOCOLAT,19.0,41.06351992039751,30.140038593046075,"(5, 1, 1)(1, 0, 1, 7)",add
2021-06-01,PAIN AU CHOCOLAT,9.0,28.05775954248412,26.403060781092403,"(5, 1, 1)(1, 0, 1, 7)",add
2021-06-02,PAIN AU CHOCOLAT,21.0,6.492085301130605,12.202035257834336,"(5, 1, 1)(1, 0, 1, 7)",add
2021-06-03,PAIN AU CHOCOLAT,14.0,26.451269952463214,24.66014684730704,"(5, 1, 1)(1, 0, 1, 7)",add
2021-06-04,PAIN AU CHOCOLAT,42.0,31.625857916111848,28.581199309258157,"(5, 1, 1)(1, 0, 1, 7)",add
2021-06-05,PAIN AU CHOCOLAT,46.0,52.161610148761696,43.743949444941094,"(5, 1, 1)(1, 0, 1, 7)",add
2021-06-06,PAIN AU CHOCOLAT,93.0,73.60020695810051,72.58538051034853,"(5, 1, 1)(1, 0, 1, 7)",add
2021-06-07,PAIN AU CHOCOLAT,16.0,33.62116492216645,31.68100776257474,"(5, 1, 1)(1, 0, 1, 7)",add
2021-06-08,PAIN AU CHOCOLAT,30.0,21.527523112263555,26.788485059988385,"(5, 1, 1)(1, 0, 1, 7)",add
2021-06-09,PAIN AU CHOCOLAT,34.0,10.471901900407474,17.833270895003597,"(5, 1, 1)(1, 0, 1, 7)",add
2021-06-10,PAIN AU CHOCOLAT,36.0,32.94342811975325,32.1665191990973,"(5, 1, 1)(1, 0, 1, 7)",add
2021-06-11,PAIN AU CHOCOLAT,32.0,41.96941227376936,39.775779343233516,"(5, 1, 1)(1, 0, 1, 7)",add
2021-06-12,PAIN AU CHOCOLAT,67.0,53.82096781797826,49.54512385271006,"(5, 1, 1)(1, 0, 1, 7)",add
2021-06-13,PAIN AU CHOCOLAT,112.0,82.40595533826868,82.2542150146829,"(5, 1, 1)(1, 0, 1, 7)",add
2021-06-14,PAIN AU CHOCOLAT,28.0,45.14280116818932,43.72435312783257,"(5, 1, 1)(1, 0, 1, 7)",add
2021-06-15,PAIN AU CHOCOLAT,30.0,33.34174085551399,38.82080028751871,"(5, 1, 1)(1, 0, 1, 7)",add
2021-06-16,PAIN AU CHOCOLAT,21.0,21.218812698666753,26.803711032750467,"(5, 1, 1)(1, 0, 1, 7)",add
2021-06-17,PAIN AU CHOCOLAT,23.0,31.513098442804996,35.546119826969296,"(5, 1, 1)(1, 0, 1, 7)",add
2021-06-18,PAIN AU CHOCOLAT,20.0,38.71247139989855,38.98724688992321,"(5, 1, 1)(1, 0, 1, 7)",add
2021-06-19,PAIN AU CHOCOLAT,46.0,52.95031270983863,45.90359822626705,"(5, 1, 1)(1, 0, 1, 7)",add
2021-06-20,PAIN AU CHOCOLAT,86.0,79.46414586229992,74.19546134226658,"(5, 1, 1)(1, 0, 1, 7)",add
2021-06-21,PAIN AU CHOCOLAT,10.0,34.56887088979926,31.100072857143058,"(5, 1, 1)(1, 0, 1, 7)",add
2021-06-22,PAIN AU CHOCOLAT,30.0,22.76718574339521,24.828555330268063,"(5, 1, 1)(1, 0, 1, 7)",add
2021-06-23,PAIN AU CHOCOLAT,9.0,16.219658894270665,16.372086411204524,"(5, 1, 1)(1, 0, 1, 7)",add
2021-06-24,PAIN AU CHOCOLAT,22.0,23.50366879599366,24.71538918036422,"(5, 1, 1)(1, 0, 1, 7)",add
2021-06-25,PAIN AU CHOCOLAT,33.0,31.354336787724424,30.65815193952563,"(5, 1, 1)(1, 0, 1, 7)",add
2021-06-26,PAIN AU CHOCOLAT,48.0,50.80180848143016,43.00213904515381,"(5, 1, 1)(1, 0, 1, 7)",add
2021-06-27,PAIN AU CHOCOLAT,84.0,75.61906554750036,72.54128129957743,"(5, 1, 1)(1, 0, 1, 7)",add
2021-06-28,PAIN AU CHOCOLAT,23.0,28.654622836444503,29.357891669801607,"(5, 1, 1)(1, 0, 1, 7)",add
2021-06-29,PAIN AU CHOCOLAT,16.0,23.35495962923518,26.837831488668034,"(5, 1, 1)(1, 0, 1, 7)",add
2021-06-30,PAIN AU CHOCOLAT,13.0,8.578829920425628,14.30746632038446,"(5, 1, 1)(1, 0, 1, 7)",add
2021-07-01,PAIN AU CHOCOLAT,34.0,22.287980694345944,24.194038928635095,"(5, 1, 1)(1, 0, 1, 7)",add
2021-07-02,PAIN AU CHOCOLAT,41.0,35.696224192335684,33.32312200115587,"(5, 1, 1)(1, 0, 1, 7)",add
2021-07-03,PAIN AU CHOCOLAT,46.0,54.23687922020926,47.024719422225914,"(5, 1, 1)(1, 0, 1, 7)",add
2021-07-04,PAIN AU CHOCOLAT,79.0,78.94742035496333,75.03128972486229,"(5, 1, 1)(1, 0, 1, 7)",add
2021-07-05,PAIN AU CHOCOLAT,22.0,25.89075175796428,29.941910284648696,"(5, 1, 1)(1, 0, 1, 7)",add
2021-07-06,PAIN AU CHOCOLAT,30.0,21.357121832273243,27.018763328705862,"(5, 1, 1)(1, 0, 1, 7)",add
2021-07-07,PAIN AU CHOCOLAT,36.0,14.755750707853398,18.00495002620087,"(5, 1, 1)(1, 0, 1, 7)",add
2021-07-08,PAIN AU CHOCOLAT,25.0,35.535066928124145,32.80345293994025,"(5, 1, 1)(1, 0, 1, 7)",add
2021-07-09,PAIN AU CHOCOLAT,37.0,38.28198265496884,37.45145111006974,"(5, 1, 1)(1, 0, 1, 7)",add
2021-07-10,PAIN AU CHOCOLAT,66.0,52.54226740204777,49.084624628547814,"(5, 1, 1)(1, 0, 1, 7)",add
2021-07-11,PAIN AU CHOCOLAT,93.0,85.34855365684736,81.65642849749189,"(5, 1, 1)(1, 0, 1, 7)",add
2021-07-12,PAIN AU CHOCOLAT,59.0,34.51227791869471,38.443737247014994,"(5, 1, 1)(1, 0, 1, 7)",add
2021-07-13,PAIN AU CHOCOLAT,42.0,42.91559981164849,42.77254841203464,"(5, 1, 1)(1, 0, 1, 7)",add
2021-07-14,PAIN AU CHOCOLAT,70.0,29.49347275772538,32.80350572751118,"(5, 1, 1)(1, 0, 1, 7)",add
2021-07-15,PAIN AU CHOCOLAT,59.0,51.479531573407684,52.48821905664123,"(5, 1, 1)(1, 0, 1, 7)",add
2021-07-16,PAIN AU CHOCOLAT,65.0,59.99246861230206,60.779028872147954,"(5, 1, 1)(1, 0, 1, 7)",add
2021-07-17,PAIN AU CHOCOLAT,103.0,73.78028929787192,73.60119827285736,"(5, 1, 1)(1, 0, 1, 7)",add
2021-07-18,PAIN AU CHOCOLAT,120.0,113.23240162147165,109.34967192403754,"(5, 1, 1)(1, 0, 1, 7)",add
2021-07-19,PAIN AU CHOCOLAT,43.0,59.90014494614277,65.9605703369997,"(5, 1, 1)(1, 0, 1, 7)",add
2021-07-20,PAIN AU CHOCOLAT,65.0,51.80927307629142,59.215610186618306,"(5, 1, 1)(1, 0, 1, 7)",add
2021-07-21,PAIN AU CHOCOLAT,32.0,50.546151312486984,50.915118021093505,"(5, 1, 1)(1, 0, 1, 7)",add
2021-07-22,PAIN AU CHOCOLAT,68.0,51.59557704807068,56.32105418386349,"(5, 1, 1)(1, 0, 1, 7)",add
2021-07-23,PAIN AU CHOCOLAT,74.0,70.31573867093034,65.92675752647486,"(5, 1, 1)(1, 0, 1, 7)",add
2021-07-24,PAIN AU CHOCOLAT,112.0,91.93999190755918,79.72921820524314,"(5, 1, 1)(1, 0, 1, 7)",add
2021-07-25,PAIN AU CHOCOLAT,112.0,123.94891493999816,116.20852744883386,"(5, 1, 1)(1, 0, 1, 7)",add
2021-07-26,PAIN AU CHOCOLAT,44.0,66.6956102560771,69.03827828265273,"(5, 1, 1)(1, 0, 1, 7)",add
2021-07-27,PAIN AU CHOCOLAT,35.0,53.15870579846469,61.7646017479063,"(5, 1, 1)(1, 0, 1, 7)",add
2021-07-28,PAIN AU CHOCOLAT,64.0,39.72649191963686,45.18133568770726,"(5, 1, 1)(1, 0, 1, 7)",add
2021-07-29,PAIN AU CHOCOLAT,40.0,61.7794424010519,60.18942455219136,"(5, 1, 1)(1, 0, 1, 7)",add
2021-07-30,PAIN AU CHOCOLAT,61.0,66.75771894638316,61.68555234449493,"(5, 1, 1)(1, 0, 1, 7)",add
2021-07-31,PAIN AU CHOCOLAT,88.0,86.1050177224554,73.25915389160924,"(5, 1, 1)(1, 0, 1, 7)",add
2021-08-01,PAIN AU CHOCOLAT,104.0,113.38605882482777,105.27760316032321,"(5, 1, 1)(1, 0, 1, 7)",add
2021-08-02,PAIN AU CHOCOLAT,109.0,53.166810641430004,58.853189180416045,"(5, 1, 1)(1, 0, 1, 7)",add
2021-08-03,PAIN AU CHOCOLAT,96.0,75.4157247457479,70.7119362143745,"(5, 1, 1)(1, 0, 1, 7)",add
2021-08-04,PAIN AU CHOCOLAT,74.0,70.80901657255376,67.37456314651388,"(5, 1, 1)(1, 0, 1, 7)",add
2021-08-05,PAIN AU CHOCOLAT,55.0,73.73777056629687,79.27982942746377,"(5, 1, 1)(1, 0, 1, 7)",add
2021-08-06,PAIN AU CHOCOLAT,74.0,73.01904001315847,79.73506786822598,"(5, 1, 1)(1, 0, 1, 7)",add
2021-08-07,PAIN AU CHOCOLAT,54.0,88.7032485921701,90.02371423379621,"(5, 1, 1)(1, 0, 1, 7)",add
2021-08-08,PAIN AU CHOCOLAT,117.0,106.13653839556694,109.12405590507028,"(5, 1, 1)(1, 0, 1, 7)",add
2021-08-09,PAIN AU CHOCOLAT,97.0,68.33102856063621,65.02895409776045,"(5, 1, 1)(1, 0, 1, 7)",add
2021-08-10,PAIN AU CHOCOLAT,59.0,81.71575833973722,72.26249635725924,"(5, 1, 1)(1, 0, 1, 7)",add
2021-08-11,PAIN AU CHOCOLAT,68.0,63.429558378615845,59.115124335196924,"(5, 1, 1)(1, 0, 1, 7)",add
2021-08-12,PAIN AU CHOCOLAT,91.0,72.82362580128006,71.59535223263045,"(5, 1, 1)(1, 0, 1, 7)",add
2021-08-13,PAIN AU CHOCOLAT,94.0,83.96950547654274,83.16702254903322,"(5, 1, 1)(1, 0, 1, 7)",add
2021-08-14,PAIN AU CHOCOLAT,98.0,100.59586095485642,97.6717557017223,"(5, 1, 1)(1, 0, 1, 7)",add
2021-08-15,PAIN AU CHOCOLAT,189.0,128.93060752941813,126.02261601296088,"(5, 1, 1)(1, 0, 1, 7)",add
2021-08-16,PAIN AU CHOCOLAT,54.0,101.11954006285514,95.94923180749939,"(5, 1, 1)(1, 0, 1, 7)",add
2021-08-17,PAIN AU CHOCOLAT,63.0,73.24973040013599,84.37220829728966,"(5, 1, 1)(1, 0, 1, 7)",add
2021-08-18,PAIN AU CHOCOLAT,56.0,64.50307276949954,69.16114990191122,"(5, 1, 1)(1, 0, 1, 7)",add
2021-08-19,PAIN AU CHOCOLAT,72.0,72.44507881111801,76.03130399102193,"(5, 1, 1)(1, 0, 1, 7)",add
2021-08-20,PAIN AU CHOCOLAT,65.0,81.01784658585844,81.6392046141074,"(5, 1, 1)(1, 0, 1, 7)",add
2021-08-21,PAIN AU CHOCOLAT,119.0,102.31253376682986,89.15306457768777,"(5, 1, 1)(1, 0, 1, 7)",add
2021-08-22,PAIN AU CHOCOLAT,154.0,140.1224538445469,125.01557525101917,"(5, 1, 1)(1, 0, 1, 7)",add
2021-08-23,PAIN AU CHOCOLAT,60.0,90.90103033020645,86.29196927602729,"(5, 1, 1)(1, 0, 1, 7)",add
2021-08-24,PAIN AU CHOCOLAT,43.0,71.77514601209742,78.69926476118634,"(5, 1, 1)(1, 0, 1, 7)",add
2021-08-25,PAIN AU CHOCOLAT,23.0,55.888483893866635,59.84238621671841,"(5, 1, 1)(1, 0, 1, 7)",add
2021-08-26,PAIN AU CHOCOLAT,72.0,51.61677841211909,60.6863528102023,"(5, 1, 1)(1, 0, 1, 7)",add
2021-08-27,PAIN AU CHOCOLAT,34.0,74.36987511359902,70.19909825209646,"(5, 1, 1)(1, 0, 1, 7)",add
2021-08-28,PAIN AU CHOCOLAT,67.0,85.02283966023617,72.73553284437818,"(5, 1, 1)(1, 0, 1, 7)",add
2021-08-29,PAIN AU CHOCOLAT,74.0,114.33545642468181,99.54333782237418,"(5, 1, 1)(1, 0, 1, 7)",add
2021-08-30,PAIN AU CHOCOLAT,36.0,46.627856493165254,46.94399847756043,"(5, 1, 1)(1, 0, 1, 7)",add
2021-08-31,PAIN AU CHOCOLAT,52.0,38.18491263031499,43.256907186600685,"(5, 1, 1)(1, 0, 1, 7)",add
2021-09-01,PAIN AU CHOCOLAT,16.0,43.61666355194512,35.70931908338751,"(5, 1, 1)(1, 0, 1, 7)",add
2021-09-02,PAIN AU CHOCOLAT,22.0,42.557940685628274,40.91315412073536,"(5, 1, 1)(1, 0, 1, 7)",add
2021-09-03,PAIN AU CHOCOLAT,38.0,42.48669765587857,42.73405570494901,"(5, 1, 1)(1, 0, 1, 7)",add
2021-09-04,PAIN AU CHOCOLAT,66.0,59.74906543215566,53.277430620208094,"(5, 1, 1)(1, 0, 1, 7)",add
2021-09-05,PAIN AU CHOCOLAT,77.0,92.63869038825194,84.78228702481164,"(5, 1, 1)(1, 0, 1, 7)",add
2021-09-06,PAIN AU CHOCOLAT,18.0,35.59746206184597,36.70261974452352,"(5, 1, 1)(1, 0, 1, 7)",add
2021-09-07,PAIN AU CHOCOLAT,27.0,26.226691038054984,31.041184469122268,"(5, 1, 1)(1, 0, 1, 7)",add
2021-09-08,PAIN AU CHOCOLAT,27.0,17.710262047567667,20.240368752434097,"(5, 1, 1)(1, 0, 1, 7)",add
2021-09-09,PAIN AU CHOCOLAT,12.0,32.33554115745533,32.179783612826235,"(5, 1, 1)(1, 0, 1, 7)",add
2021-09-10,PAIN AU CHOCOLAT,24.0,32.417804095307325,33.67836474445195,"(5, 1, 1)(1, 0, 1, 7)",add
2021-09-11,PAIN AU CHOCOLAT,33.0,50.033422786714226,42.96355647567951,"(5, 1, 1)(1, 0, 1, 7)",add
2021-09-12,PAIN AU CHOCOLAT,89.0,72.74947623819082,68.69545212193884,"(5, 1, 1)(1, 0, 1, 7)",add
2021-09-13,PAIN AU CHOCOLAT,31.0,25.812105849452564,27.76306934290776,"(5, 1, 1)(1, 0, 1, 7)",add
2021-09-14,PAIN AU CHOCOLAT,23.0,27.745706897902046,27.684613035847914,"(5, 1, 1)(1, 0, 1, 7)",add
2021-09-15,PAIN AU CHOCOLAT,20.0,15.38354976654442,16.7200634189703,"(5, 1, 1)(1, 0, 1, 7)",add
2021-09-16,PAIN AU CHOCOLAT,23.0,25.27500473542449,27.773996955274292,"(5, 1, 1)(1, 0, 1, 7)",add
2021-09-17,PAIN AU CHOCOLAT,30.0,27.34948696518387,33.19290376930473,"(5, 1, 1)(1, 0, 1, 7)",add
2021-09-18,PAIN AU CHOCOLAT,43.0,48.19687096109956,44.12845713335679,"(5, 1, 1)(1, 0, 1, 7)",add
2021-09-19,PAIN AU CHOCOLAT,43.0,77.8425825284983,72.1086291986152,"(5, 1, 1)(1, 0, 1, 7)",add
2021-09-20,PAIN AU CHOCOLAT,23.0,10.515809626312631,18.602026650809975,"(5, 1, 1)(1, 0, 1, 7)",add
2021-09-21,PAIN AU CHOCOLAT,23.0,16.09315958464843,18.819022019498743,"(5, 1, 1)(1, 0, 1, 7)",add
2021-09-22,PAIN AU CHOCOLAT,0.0,12.412490103925997,10.110508067898426,"(5, 1, 1)(1, 0, 1, 7)",add
2021-09-23,PAIN AU CHOCOLAT,31.0,16.77923684624669,17.756961984829736,"(5, 1, 1)(1, 0, 1, 7)",add
2021-09-24,PAIN AU CHOCOLAT,32.0,30.32610861117854,27.76068140762064,"(5, 1, 1)(1, 0, 1, 7)",add
2021-09-25,PAIN AU CHOCOLAT,45.0,44.60176131978551,40.58751970567313,"(5, 1, 1)(1, 0, 1, 7)",add
2021-09-26,PAIN AU CHOCOLAT,67.0,72.14102135374355,69.97769956769001,"(5, 1, 1)(1, 0, 1, 7)",add
2021-09-27,PAIN AU CHOCOLAT,19.0,18.432737891675906,23.12066038294808,"(5, 1, 1)(1, 0, 1, 7)",add
2021-09-28,PAIN AU CHOCOLAT,27.0,14.143361441941316,21.16991064770673,"(5, 1, 1)(1, 0, 1, 7)",add
2021-09-29,PAIN AU CHOCOLAT,27.0,11.331458615446898,12.88104768879446,"(5, 1, 1)(1, 0, 1, 7)",add
2021-09-30,PAIN AU CHOCOLAT,19.0,27.20533790767917,26.69319621817492,"(5, 1, 1)(1, 0, 1, 7)",add
2021-10-01,PAIN AU CHOCOLAT,24.0,28.84399601661074,31.369251524729997,"(5, 1, 1)(1, 0, 1, 7)",add
2021-10-02,PAIN AU CHOCOLAT,42.0,43.852355242428274,41.24204556800299,"(5, 1, 1)(1, 0, 1, 7)",add
2021-10-03,PAIN AU CHOCOLAT,48.0,70.61817512232466,69.70225463959089,"(5, 1, 1)(1, 0, 1, 7)",add
2021-10-04,PAIN AU CHOCOLAT,22.0,11.043379358513064,18.080359510021836,"(5, 1, 1)(1, 0, 1, 7)",add
2021-10-05,PAIN AU CHOCOLAT,23.0,17.58016419146448,18.17563304558454,"(5, 1, 1)(1, 0, 1, 7)",add
2021-10-06,PAIN AU CHOCOLAT,23.0,12.263687091410612,9.630842918951995,"(5, 1, 1)(1, 0, 1, 7)",add
2021-10-07,PAIN AU CHOCOLAT,27.0,24.477954555710294,23.252190318687433,"(5, 1, 1)(1, 0, 1, 7)",add
2021-10-08,PAIN AU CHOCOLAT,27.0,30.97422060975498,30.839649648763633,"(5, 1, 1)(1, 0, 1, 7)",add
2021-10-09,PAIN AU CHOCOLAT,38.0,43.095139413893335,41.61062495279243,"(5, 1, 1)(1, 0, 1, 7)",add
2021-10-10,PAIN AU CHOCOLAT,70.0,66.94666117208482,68.95915733181633,"(5, 1, 1)(1, 0, 1, 7)",add
2021-10-11,PAIN AU CHOCOLAT,22.0,18.225629156072742,23.12472054209075,"(5, 1, 1)(1, 0, 1, 7)",add
2021-10-12,PAIN AU CHOCOLAT,17.0,19.40628532119566,21.93635056467209,"(5, 1, 1)(1, 0, 1, 7)",add
2021-10-13,PAIN AU CHOCOLAT,24.0,11.61379226290199,10.907741051249651,"(5, 1, 1)(1, 0, 1, 7)",add
2021-10-14,PAIN AU CHOCOLAT,15.0,25.04558642189363,24.458625910928788,"(5, 1, 1)(1, 0, 1, 7)",add
2021-10-15,PAIN AU CHOCOLAT,31.0,25.231548003249625,28.68543058726109,"(5, 1, 1)(1, 0, 1, 7)",add
2021-10-16,PAIN AU CHOCOLAT,23.0,44.748517675530174,41.02247606857137,"(5, 1, 1)(1, 0, 1, 7)",add
2021-10-17,PAIN AU CHOCOLAT,58.0,63.61265479687944,64.7036105200454,"(5, 1, 1)(1, 0, 1, 7)",add
2021-10-18,PAIN AU CHOCOLAT,8.0,12.271804967282662,16.898435110808137,"(5, 1, 1)(1, 0, 1, 7)",add
2021-10-19,PAIN AU CHOCOLAT,23.0,12.522205863177513,13.731880341606232,"(5, 1, 1)(1, 0, 1, 7)",add
2021-10-20,PAIN AU CHOCOLAT,20.0,10.333538961595423,6.3178963360049565,"(5, 1, 1)(1, 0, 1, 7)",add
2021-10-21,PAIN AU CHOCOLAT,19.0,22.91847687350859,20.018879560487235,"(5, 1, 1)(1, 0, 1, 7)",add
2021-10-22,PAIN AU CHOCOLAT,21.0,24.68165261491805,26.393354791143263,"(5, 1, 1)(1, 0, 1, 7)",add
2021-10-23,PAIN AU CHOCOLAT,45.0,37.55650694583449,36.768957219515016,"(5, 1, 1)(1, 0, 1, 7)",add
2021-10-24,PAIN AU CHOCOLAT,68.0,65.73204649614064,67.1308504329572,"(5, 1, 1)(1, 0, 1, 7)",add
2021-10-25,PAIN AU CHOCOLAT,26.0,16.741881445684264,21.252722730923402,"(5, 1, 1)(1, 0, 1, 7)",add
2021-10-26,PAIN AU CHOCOLAT,39.0,20.16921752917642,21.558605811647617,"(5, 1, 1)(1, 0, 1, 7)",add
2021-10-27,PAIN AU CHOCOLAT,47.0,20.077646138478837,16.224483014135583,"(5, 1, 1)(1, 0, 1, 7)",add
2021-10-28,PAIN AU CHOCOLAT,28.0,33.608183760081275,34.27524393807953,"(5, 1, 1)(1, 0, 1, 7)",add
2021-10-29,PAIN AU CHOCOLAT,42.0,34.188980295379594,39.312126955912646,"(5, 1, 1)(1, 0, 1, 7)",add
2021-10-30,PAIN AU CHOCOLAT,45.0,50.57010202262085,51.74416737943788,"(5, 1, 1)(1, 0, 1, 7)",add
2021-10-31,PAIN AU CHOCOLAT,96.0,73.53701232798068,78.29530413530085,"(5, 1, 1)(1, 0, 1, 7)",add
2021-11-01,PAIN AU CHOCOLAT,76.0,32.890261347171794,36.701334457463894,"(5, 1, 1)(1, 0, 1, 7)",add
2021-11-02,PAIN AU CHOCOLAT,38.0,51.03312325711698,45.799543293574416,"(5, 1, 1)(1, 0, 1, 7)",add
2021-11-03,PAIN AU CHOCOLAT,20.0,35.96014144391264,34.04233431046582,"(5, 1, 1)(1, 0, 1, 7)",add
2021-11-04,PAIN AU CHOCOLAT,20.0,33.25697143189706,40.68825253648298,"(5, 1, 1)(1, 0, 1, 7)",add
2021-11-05,PAIN AU CHOCOLAT,23.0,32.993833759934454,42.05744308102439,"(5, 1, 1)(1, 0, 1, 7)",add
2021-11-06,PAIN AU CHOCOLAT,59.0,46.16604727799293,48.955931523580446,"(5, 1, 1)(1, 0, 1, 7)",add
2021-11-07,PAIN AU CHOCOLAT,44.0,87.34582698219505,79.77918716898566,"(5, 1, 1)(1, 0, 1, 7)",add
2021-11-08,PAIN AU CHOCOLAT,30.0,26.55435146318012,24.5751211739378,"(5, 1, 1)(1, 0, 1, 7)",add
2021-11-09,PAIN AU CHOCOLAT,12.0,28.135112006830283,25.053434189292187,"(5, 1, 1)(1, 0, 1, 7)",add
2021-11-10,PAIN AU CHOCOLAT,29.0,17.29311028875489,11.959262422725992,"(5, 1, 1)(1, 0, 1, 7)",add
2021-11-11,PAIN AU CHOCOLAT,41.0,25.737686597176644,26.514920522351275,"(5, 1, 1)(1, 0, 1, 7)",add
2021-11-12,PAIN AU CHOCOLAT,19.0,40.72340252795743,36.83470345765219,"(5, 1, 1)(1, 0, 1, 7)",add
2021-11-13,PAIN AU CHOCOLAT,21.0,43.70819604568399,44.04434365473746,"(5, 1, 1)(1, 0, 1, 7)",add
2021-11-14,PAIN AU CHOCOLAT,70.0,61.70035797814014,66.44755852253142,"(5, 1, 1)(1, 0, 1, 7)",add
2021-11-15,PAIN AU CHOCOLAT,3.0,20.161326037042087,21.252250751972817,"(5, 1, 1)(1, 0, 1, 7)",add
2021-11-16,PAIN AU CHOCOLAT,19.0,12.194302803549885,15.705421317045793,"(5, 1, 1)(1, 0, 1, 7)",add
2021-11-17,PAIN AU CHOCOLAT,0.0,15.051448856572962,6.7713444644211584,"(5, 1, 1)(1, 0, 1, 7)",add
2021-11-18,PAIN AU CHOCOLAT,13.0,15.781578731439103,15.267518627611109,"(5, 1, 1)(1, 0, 1, 7)",add
2021-11-19,PAIN AU CHOCOLAT,13.0,17.420934563415003,21.324251446814223,"(5, 1, 1)(1, 0, 1, 7)",add
2021-11-20,PAIN AU CHOCOLAT,32.0,34.02948552132791,30.954025720667914,"(5, 1, 1)(1, 0, 1, 7)",add
2021-11-21,PAIN AU CHOCOLAT,44.0,58.83208687391407,59.48752748607592,"(5, 1, 1)(1, 0, 1, 7)",add
2021-11-22,PAIN AU CHOCOLAT,12.0,8.921492154174743,9.44710008747273,"(5, 1, 1)(1, 0, 1, 7)",add
2021-11-23,PAIN AU CHOCOLAT,16.0,8.111025717953613,9.194577804096262,"(5, 1, 1)(1, 0, 1, 7)",add
2021-11-24,PAIN AU CHOCOLAT,0.0,6.355214838608559,1.1539087531416001,"(5, 1, 1)(1, 0, 1, 7)",add
2021-11-25,PAIN AU CHOCOLAT,12.0,8.779926362515768,11.079557306553054,"(5, 1, 1)(1, 0, 1, 7)",add
2021-11-26,PAIN AU CHOCOLAT,16.0,14.76029868154498,17.947533778499494,"(5, 1, 1)(1, 0, 1, 7)",add
2021-11-27,PAIN AU CHOCOLAT,21.0,29.253501803944523,29.199997668938504,"(5, 1, 1)(1, 0, 1, 7)",add
2021-11-28,PAIN AU CHOCOLAT,64.0,51.59423387540216,55.3806678592169,"(5, 1, 1)(1, 0, 1, 7)",add
2021-11-29,PAIN AU CHOCOLAT,19.0,12.683062251150062,11.47473673906071,"(5, 1, 1)(1, 0, 1, 7)",add
2021-11-30,PAIN AU CHOCOLAT,22.0,12.240587757518274,12.4875366472954,"(5, 1, 1)(1, 0, 1, 7)",add
2021-12-01,PAIN AU CHOCOLAT,0.0,8.559146337487173,5.135731021898479,"(5, 1, 1)(1, 0, 1, 7)",add
2021-12-02,PAIN AU CHOCOLAT,18.0,10.555958618272747,14.048121346440036,"(5, 1, 1)(1, 0, 1, 7)",add
2021-12-03,PAIN AU CHOCOLAT,31.0,15.195611884725025,21.68751030858675,"(5, 1, 1)(1, 0, 1, 7)",add
2021-12-04,PAIN AU CHOCOLAT,21.0,36.23886637294369,35.805323445696,"(5, 1, 1)(1, 0, 1, 7)",add
2021-12-05,PAIN AU CHOCOLAT,47.0,56.553620215188545,60.30512988919658,"(5, 1, 1)(1, 0, 1, 7)",add
2021-12-06,PAIN AU CHOCOLAT,0.0,9.852171407695401,10.8200593534687,"(5, 1, 1)(1, 0, 1, 7)",add
2021-12-07,PAIN AU CHOCOLAT,0.0,5.038420415117639,7.164506973311244,"(5, 1, 1)(1, 0, 1, 7)",add
2021-12-08,PAIN AU CHOCOLAT,0.0,-2.462615599174873,-4.431103692819018,"(5, 1, 1)(1, 0, 1, 7)",add
2021-12-09,PAIN AU CHOCOLAT,16.0,9.444228096809637,6.915768470599813,"(5, 1, 1)(1, 0, 1, 7)",add
2021-12-10,PAIN AU CHOCOLAT,25.0,16.681909522320822,15.861192316752728,"(5, 1, 1)(1, 0, 1, 7)",add
2021-12-11,PAIN AU CHOCOLAT,39.0,32.13935439214199,29.93480842242698,"(5, 1, 1)(1, 0, 1, 7)",add
2021-12-12,PAIN AU CHOCOLAT,48.0,59.29545943516865,60.50896830065308,"(5, 1, 1)(1, 0, 1, 7)",add
2021-12-13,PAIN AU CHOCOLAT,11.0,7.314840092710945,11.226497787390215,"(5, 1, 1)(1, 0, 1, 7)",add
2021-12-14,PAIN AU CHOCOLAT,18.0,6.348324641704705,10.266699437766146,"(5, 1, 1)(1, 0, 1, 7)",add
2021-12-15,PAIN AU CHOCOLAT,0.0,4.031437793691829,2.4621485072638727,"(5, 1, 1)(1, 0, 1, 7)",add
2021-12-16,PAIN AU CHOCOLAT,17.0,10.083526559743937,12.054888003784404,"(5, 1, 1)(1, 0, 1, 7)",add
2021-12-17,PAIN AU CHOCOLAT,43.0,19.117639699774017,19.94702603148596,"(5, 1, 1)(1, 0, 1, 7)",add
2021-12-18,PAIN AU CHOCOLAT,28.0,39.84416140718212,37.56139371641447,"(5, 1, 1)(1, 0, 1, 7)",add
2021-12-19,PAIN AU CHOCOLAT,62.0,58.35160977690255,63.39562811555278,"(5, 1, 1)(1, 0, 1, 7)",add
2021-12-20,PAIN AU CHOCOLAT,34.0,15.370046391400493,16.941180209210287,"(5, 1, 1)(1, 0, 1, 7)",add
2021-12-21,PAIN AU CHOCOLAT,33.0,20.0246131396367,20.379993623889895,"(5, 1, 1)(1, 0, 1, 7)",add
2021-12-22,PAIN AU CHOCOLAT,16.0,14.536849391697046,13.81896752794091,"(5, 1, 1)(1, 0, 1, 7)",add
2021-12-23,PAIN AU CHOCOLAT,29.0,24.07730276411821,24.593261854858227,"(5, 1, 1)(1, 0, 1, 7)",add
2021-12-24,PAIN AU CHOCOLAT,37.0,29.71116880994359,32.34839935918402,"(5, 1, 1)(1, 0, 1, 7)",add
2021-12-25,PAIN AU CHOCOLAT,61.0,41.76025285578608,45.28015147558334,"(5, 1, 1)(1, 0, 1, 7)",add
2021-12-26,PAIN AU CHOCOLAT,59.0,74.95408801203126,77.54772845195649,"(5, 1, 1)(1, 0, 1, 7)",add
2021-12-27,PAIN AU CHOCOLAT,37.0,25.416261002180967,26.72856870384484,"(5, 1, 1)(1, 0, 1, 7)",add
2021-12-28,PAIN AU CHOCOLAT,27.0,28.446585990201513,28.44018869286899,"(5, 1, 1)(1, 0, 1, 7)",add
2021-12-29,PAIN AU CHOCOLAT,38.0,19.36413009904754,18.30125092945453,"(5, 1, 1)(1, 0, 1, 7)",add
2021-12-30,PAIN AU CHOCOLAT,22.0,33.91139995090077,33.533295827938346,"(5, 1, 1)(1, 0, 1, 7)",add
2021-12-31,PAIN AU CHOCOLAT,30.0,37.276102255807224,37.23215721004244,"(5, 1, 1)(1, 0, 1, 7)",add
2022-01-01,PAIN AU CHOCOLAT,0.0,44.519387027646005,47.13983777840683,"(5, 1, 1)(1, 0, 1, 7)",add
2022-01-02,PAIN AU CHOCOLAT,71.0,54.20767709256609,63.41144855852848,"(5, 1, 1)(1, 0, 1, 7)",add
2022-01-03,PAIN AU CHOCOLAT,22.0,21.84645623945113,19.24321366004122,"(5, 1, 1)(1, 0, 1, 7)",add
2022-01-04,PAIN AU CHOCOLAT,6.0,25.614705541723644,19.04257455637643,"(5, 1, 1)(1, 0, 1, 7)",add
2022-01-05,PAIN AU CHOCOLAT,0.0,11.89526343198778,5.951166251278806,"(5, 1, 1)(1, 0, 1, 7)",add
2022-01-06,PAIN AU CHOCOLAT,23.0,17.81347659476509,14.656051971015893,"(5, 1, 1)(1, 0, 1, 7)",add
2022-01-07,PAIN AU CHOCOLAT,12.0,22.367069778961973,23.41309514674592,"(5, 1, 1)(1, 0, 1, 7)",add
2022-01-08,PAIN AU CHOCOLAT,19.0,29.345622798806595,32.25684832638692,"(5, 1, 1)(1, 0, 1, 7)",add
2022-01-09,PAIN AU CHOCOLAT,33.0,54.7062335440118,57.15069675643003,"(5, 1, 1)(1, 0, 1, 7)",add
2022-01-10,PAIN AU CHOCOLAT,14.0,5.334822117450237,4.905744153335564,"(5, 1, 1)(1, 0, 1, 7)",add
2022-01-11,PAIN AU CHOCOLAT,17.0,7.163651097913448,6.317807147970695,"(5, 1, 1)(1, 0, 1, 7)",add
2022-01-12,PAIN AU CHOCOLAT,0.0,6.7807112127752145,-0.7363362612990727,"(5, 1, 1)(1, 0, 1, 7)",add
2022-01-13,PAIN AU CHOCOLAT,7.0,11.272358678489226,9.67032480000121,"(5, 1, 1)(1, 0, 1, 7)",add
2022-01-14,PAIN AU CHOCOLAT,19.0,14.807106030705144,15.624555136354616,"(5, 1, 1)(1, 0, 1, 7)",add
2022-01-15,PAIN AU CHOCOLAT,22.0,22.805785292094146,28.23156263703264,"(5, 1, 1)(1, 0, 1, 7)",add
2022-01-16,PAIN AU CHOCOLAT,52.0,48.60503329779238,54.91314242584444,"(5, 1, 1)(1, 0, 1, 7)",add
2022-01-17,PAIN AU CHOCOLAT,10.0,10.676757135314872,8.072531160480175,"(5, 1, 1)(1, 0, 1, 7)",add
2022-01-18,PAIN AU CHOCOLAT,14.0,8.20400688830479,7.660854816841351,"(5, 1, 1)(1, 0, 1, 7)",add
2022-01-19,PAIN AU CHOCOLAT,0.0,2.125615409285409,-0.4984682041320063,"(5, 1, 1)(1, 0, 1, 7)",add
2022-01-20,PAIN AU CHOCOLAT,23.0,9.202487411017065,9.847662338716711,"(5, 1, 1)(1, 0, 1, 7)",add
2022-01-21,PAIN AU CHOCOLAT,30.0,19.425907532726576,19.828301153249807,"(5, 1, 1)(1, 0, 1, 7)",add
2022-01-22,PAIN AU CHOCOLAT,12.0,31.081648681565714,34.16475808915355,"(5, 1, 1)(1, 0, 1, 7)",add
2022-01-23,PAIN AU CHOCOLAT,38.0,48.51770169751555,56.79180196089784,"(5, 1, 1)(1, 0, 1, 7)",add
2022-01-24,PAIN AU CHOCOLAT,7.0,5.206766836385121,5.91053258691855,"(5, 1, 1)(1, 0, 1, 7)",add
2022-01-25,PAIN AU CHOCOLAT,23.0,4.871611643069702,5.285609196115946,"(5, 1, 1)(1, 0, 1, 7)",add
2022-01-26,PAIN AU CHOCOLAT,0.0,5.6555348255393305,0.02095611585160384,"(5, 1, 1)(1, 0, 1, 7)",add
2022-01-27,PAIN AU CHOCOLAT,23.0,14.165813661832095,10.234908241138038,"(5, 1, 1)(1, 0, 1, 7)",add
2022-01-28,PAIN AU CHOCOLAT,29.0,21.7252562635807,20.117004210023968,"(5, 1, 1)(1, 0, 1, 7)",add
2022-01-29,PAIN AU CHOCOLAT,29.0,28.54760973639528,34.12552361162538,"(5, 1, 1)(1, 0, 1, 7)",add
2022-01-30,PAIN AU CHOCOLAT,47.0,52.334354716678504,61.08855823902671,"(5, 1, 1)(1, 0, 1, 7)",add
2022-01-31,PAIN AU CHOCOLAT,12.0,11.46373025968039,11.404127920612407,"(5, 1, 1)(1, 0, 1, 7)",add
2022-02-01,PAIN AU CHOCOLAT,12.0,10.35305421468177,10.653598839791588,"(5, 1, 1)(1, 0, 1, 7)",add
2022-02-02,PAIN AU CHOCOLAT,0.0,3.080258052297051,1.2237673369128501,"(5, 1, 1)(1, 0, 1, 7)",add
2022-02-03,PAIN AU CHOCOLAT,20.0,13.059788837869283,11.131638907805817,"(5, 1, 1)(1, 0, 1, 7)",add
2022-02-04,PAIN AU CHOCOLAT,8.0,22.526355730867337,20.02212999149342,"(5, 1, 1)(1, 0, 1, 7)",add
2022-02-05,PAIN AU CHOCOLAT,19.0,22.62475221358187,28.71090147520313,"(5, 1, 1)(1, 0, 1, 7)",add
2022-02-06,PAIN AU CHOCOLAT,38.0,47.693835882729175,54.50709048792096,"(5, 1, 1)(1, 0, 1, 7)",add
2022-02-07,PAIN AU CHOCOLAT,14.0,6.014321950188929,4.207213889493663,"(5, 1, 1)(1, 0, 1, 7)",add
2022-02-08,PAIN AU CHOCOLAT,23.0,9.18490407381231,5.797032567376164,"(5, 1, 1)(1, 0, 1, 7)",add
2022-02-09,PAIN AU CHOCOLAT,0.0,6.948341450604932,0.4022370788401517,"(5, 1, 1)(1, 0, 1, 7)",add
2022-02-10,PAIN AU CHOCOLAT,27.0,12.656781960363912,10.519164262483423,"(5, 1, 1)(1, 0, 1, 7)",add
2022-02-11,PAIN AU CHOCOLAT,23.0,21.746192118554646,21.34680925606779,"(5, 1, 1)(1, 0, 1, 7)",add
2022-02-12,PAIN AU CHOCOLAT,17.0,25.74997688008705,33.515553057058064,"(5, 1, 1)(1, 0, 1, 7)",add
2022-02-13,PAIN AU CHOCOLAT,52.0,46.39036830586009,57.58015568933716,"(5, 1, 1)(1, 0, 1, 7)",add
2022-02-14,PAIN AU CHOCOLAT,18.0,12.14878602657489,10.06086693579288,"(5, 1, 1)(1, 0, 1, 7)",add
2022-02-15,PAIN AU CHOCOLAT,46.0,13.700455649540647,11.178984699907872,"(5, 1, 1)(1, 0, 1, 7)",add
2022-02-16,PAIN AU CHOCOLAT,0.0,16.495068071147642,10.267471179632416,"(5, 1, 1)(1, 0, 1, 7)",add
2022-02-17,PAIN AU CHOCOLAT,26.0,20.177358778884877,17.873982539146887,"(5, 1, 1)(1, 0, 1, 7)",add
2022-02-18,PAIN AU CHOCOLAT,46.0,23.785358136376693,26.575568708868964,"(5, 1, 1)(1, 0, 1, 7)",add
2022-02-19,PAIN AU CHOCOLAT,28.0,36.647428643929544,43.26657756999647,"(5, 1, 1)(1, 0, 1, 7)",add
2022-02-20,PAIN AU CHOCOLAT,87.0,56.038775761421896,67.64900822284089,"(5, 1, 1)(1, 0, 1, 7)",add
2022-02-21,PAIN AU CHOCOLAT,16.0,32.80944309306946,26.473973084986742,"(5, 1, 1)(1, 0, 1, 7)",add
2022-02-22,PAIN AU CHOCOLAT,20.0,25.038797985952797,22.906489617947226,"(5, 1, 1)(1, 0, 1, 7)",add
2022-02-23,PAIN AU CHOCOLAT,0.0,9.202632627545011,12.394420816014843,"(5, 1, 1)(1, 0, 1, 7)",add
2022-02-24,PAIN AU CHOCOLAT,34.0,21.535195458271556,19.459685209694953,"(5, 1, 1)(1, 0, 1, 7)",add
2022-02-25,PAIN AU CHOCOLAT,37.0,30.430799932845883,29.7935239293317,"(5, 1, 1)(1, 0, 1, 7)",add
2022-02-26,PAIN AU CHOCOLAT,38.0,40.95919904774073,43.375417709096524,"(5, 1, 1)(1, 0, 1, 7)",add
2022-02-27,PAIN AU CHOCOLAT,68.0,66.71644406520139,70.27486153974245,"(5, 1, 1)(1, 0, 1, 7)",add
2022-02-28,PAIN AU CHOCOLAT,15.0,26.51652244169643,23.596674239216554,"(5, 1, 1)(1, 0, 1, 7)",add
2022-03-01,PAIN AU CHOCOLAT,17.0,21.823887279968183,20.50690885579167,"(5, 1, 1)(1, 0, 1, 7)",add
2022-03-02,PAIN AU CHOCOLAT,15.0,8.147976105514337,9.842050779890101,"(5, 1, 1)(1, 0, 1, 7)",add
2022-03-03,PAIN AU CHOCOLAT,22.0,26.3609150170066,21.37388403949435,"(5, 1, 1)(1, 0, 1, 7)",add
2022-03-04,PAIN AU CHOCOLAT,23.0,30.220508873739092,28.166962898237607,"(5, 1, 1)(1, 0, 1, 7)",add
2022-03-05,PAIN AU CHOCOLAT,45.0,32.92212169336592,38.600175494254465,"(5, 1, 1)(1, 0, 1, 7)",add
2022-03-06,PAIN AU CHOCOLAT,76.0,65.77499773430114,68.49607679231265,"(5, 1, 1)(1, 0, 1, 7)",add
2022-03-07,PAIN AU CHOCOLAT,23.0,27.05088566115733,24.306306463942096,"(5, 1, 1)(1, 0, 1, 7)",add
2022-03-08,PAIN AU CHOCOLAT,20.0,26.92959721984038,23.07172813839939,"(5, 1, 1)(1, 0, 1, 7)",add
2022-03-09,PAIN AU CHOCOLAT,31.0,11.138816567686945,12.517610927654744,"(5, 1, 1)(1, 0, 1, 7)",add
2022-03-10,PAIN AU CHOCOLAT,18.0,30.44796982373277,27.44012750110126,"(5, 1, 1)(1, 0, 1, 7)",add
2022-03-11,PAIN AU CHOCOLAT,12.0,30.032626426102368,31.67163948597564,"(5, 1, 1)(1, 0, 1, 7)",add
2022-03-12,PAIN AU CHOCOLAT,27.0,30.200101824872583,38.41383276529895,"(5, 1, 1)(1, 0, 1, 7)",add
2022-03-13,PAIN AU CHOCOLAT,50.0,59.5864489921228,63.77667517778585,"(5, 1, 1)(1, 0, 1, 7)",add
2022-03-14,PAIN AU CHOCOLAT,13.0,14.760026301374822,14.17161004870384,"(5, 1, 1)(1, 0, 1, 7)",add
2022-03-15,PAIN AU CHOCOLAT,20.0,20.682482155780995,12.971308052421318,"(5, 1, 1)(1, 0, 1, 7)",add
2022-03-16,PAIN AU CHOCOLAT,24.0,11.150322521742714,4.987454674762141,"(5, 1, 1)(1, 0, 1, 7)",add
2022-03-17,PAIN AU CHOCOLAT,18.0,26.14560363774658,20.04488063129319,"(5, 1, 1)(1, 0, 1, 7)",add
2022-03-18,PAIN AU CHOCOLAT,28.0,25.799497715218337,26.158268360384756,"(5, 1, 1)(1, 0, 1, 7)",add
2022-03-19,PAIN AU CHOCOLAT,31.0,30.82184780100661,38.37499034853027,"(5, 1, 1)(1, 0, 1, 7)",add
2022-03-20,PAIN AU CHOCOLAT,80.0,57.826202407441585,64.76560096303119,"(5, 1, 1)(1, 0, 1, 7)",add
2022-03-21,PAIN AU CHOCOLAT,26.0,23.841573009654567,22.543012421894147,"(5, 1, 1)(1, 0, 1, 7)",add
2022-03-22,PAIN AU CHOCOLAT,17.0,27.28438160298337,22.52055421595157,"(5, 1, 1)(1, 0, 1, 7)",add
2022-03-23,PAIN AU CHOCOLAT,32.0,11.737198502911848,11.343281824821233,"(5, 1, 1)(1, 0, 1, 7)",add
2022-03-24,PAIN AU CHOCOLAT,29.0,29.63389868094029,26.819102063527822,"(5, 1, 1)(1, 0, 1, 7)",add
2022-03-25,PAIN AU CHOCOLAT,29.0,31.212318597163193,34.00782782083004,"(5, 1, 1)(1, 0, 1, 7)",add
2022-03-26,PAIN AU CHOCOLAT,42.0,37.04544740260012,44.48153567650483,"(5, 1, 1)(1, 0, 1, 7)",add
2022-03-27,PAIN AU CHOCOLAT,65.0,68.93342725538781,72.1173885141298,"(5, 1, 1)(1, 0, 1, 7)",add
2022-03-28,PAIN AU CHOCOLAT,11.0,23.27747080386063,24.20691861178543,"(5, 1, 1)(1, 0, 1, 7)",add
2022-03-29,PAIN AU CHOCOLAT,17.0,22.17265378719712,19.943979808677767,"(5, 1, 1)(1, 0, 1, 7)",add
2022-03-30,PAIN AU CHOCOLAT,20.0,13.944267986237756,9.422370841038415,"(5, 1, 1)(1, 0, 1, 7)",add
2022-03-31,PAIN AU CHOCOLAT,12.0,26.43640602487111,22.333355384960797,"(5, 1, 1)(1, 0, 1, 7)",add
2022-04-01,PAIN AU CHOCOLAT,33.0,26.32999176576486,26.33756679173597,"(5, 1, 1)(1, 0, 1, 7)",add
2022-04-02,PAIN AU CHOCOLAT,25.0,34.124537581055186,38.0856215181976,"(5, 1, 1)(1, 0, 1, 7)",add
2022-04-03,PAIN AU CHOCOLAT,32.0,62.6507077239605,66.35295318002377,"(5, 1, 1)(1, 0, 1, 7)",add
2022-04-04,PAIN AU CHOCOLAT,20.0,19.10753331329027,20.253652132852253,"(5, 1, 1)(1, 0, 1, 7)",add
2022-04-05,PAIN AU CHOCOLAT,22.0,22.197167891526583,19.35149089794692,"(5, 1, 1)(1, 0, 1, 7)",add
2022-04-06,PAIN AU CHOCOLAT,8.0,13.55828204325665,9.579039367638615,"(5, 1, 1)(1, 0, 1, 7)",add
2022-04-07,PAIN AU CHOCOLAT,28.0,21.455144203883638,19.79832421633624,"(5, 1, 1)(1, 0, 1, 7)",add
2022-04-08,PAIN AU CHOCOLAT,13.0,26.20825416262448,26.432074730821885,"(5, 1, 1)(1, 0, 1, 7)",add
2022-04-09,PAIN AU CHOCOLAT,32.0,32.57952492316471,38.18012945728351,"(5, 1, 1)(1, 0, 1, 7)",add
2022-04-10,PAIN AU CHOCOLAT,46.0,61.368717706403515,66.44746111910969,"(5, 1, 1)(1, 0, 1, 7)",add
2022-04-11,PAIN AU CHOCOLAT,21.0,18.93979089841347,20.348160071938167,"(5, 1, 1)(1, 0, 1, 7)",add
2022-04-12,PAIN AU CHOCOLAT,27.0,20.860684351025835,19.445998837032835,"(5, 1, 1)(1, 0, 1, 7)",add
2022-04-13,PAIN AU CHOCOLAT,14.0,13.602598415446547,9.67354730672453,"(5, 1, 1)(1, 0, 1, 7)",add
2022-04-14,PAIN AU CHOCOLAT,21.0,21.708190940496237,19.892832155422155,"(5, 1, 1)(1, 0, 1, 7)",add
2022-04-15,PAIN AU CHOCOLAT,31.0,26.38695208667093,26.5265826699078,"(5, 1, 1)(1, 0, 1, 7)",add
2022-04-16,PAIN AU CHOCOLAT,81.0,32.58025912824759,38.27463739636943,"(5, 1, 1)(1, 0, 1, 7)",add
2022-04-17,PAIN AU CHOCOLAT,105.0,61.315737491820144,66.5419690581956,"(5, 1, 1)(1, 0, 1, 7)",add
2022-04-18,PAIN AU CHOCOLAT,85.0,18.76347626883421,20.442668011024082,"(5, 1, 1)(1, 0, 1, 7)",add
2022-04-19,PAIN AU CHOCOLAT,47.0,20.65207082532038,19.54050677611875,"(5, 1, 1)(1, 0, 1, 7)",add
2022-04-20,PAIN AU CHOCOLAT,26.0,13.437106246479335,9.768055245810444,"(5, 1, 1)(1, 0, 1, 7)",add
2022-04-21,PAIN AU CHOCOLAT,43.0,21.571249161231247,19.98734009450807,"(5, 1, 1)(1, 0, 1, 7)",add
2022-04-22,PAIN AU CHOCOLAT,43.0,26.26569864129684,26.621090608993715,"(5, 1, 1)(1, 0, 1, 7)",add
2022-04-23,PAIN AU CHOCOLAT,36.0,32.477675839432614,38.36914533545534,"(5, 1, 1)(1, 0, 1, 7)",add
2022-04-24,PAIN AU CHOCOLAT,67.0,61.15509486220999,66.6364769972815,"(5, 1, 1)(1, 0, 1, 7)",add
2022-04-25,PAIN AU CHOCOLAT,27.0,18.67604254320991,20.537175950109997,"(5, 1, 1)(1, 0, 1, 7)",add
2022-04-26,PAIN AU CHOCOLAT,28.0,20.548373246923596,19.635014715204665,"(5, 1, 1)(1, 0, 1, 7)",add
2022-04-27,PAIN AU CHOCOLAT,25.0,13.34054620715331,9.86256318489636,"(5, 1, 1)(1, 0, 1, 7)",add
2022-04-28,PAIN AU CHOCOLAT,19.0,21.454860631759104,20.081848033593985,"(5, 1, 1)(1, 0, 1, 7)",add
2022-04-29,PAIN AU CHOCOLAT,43.0,26.14219920180237,26.71559854807963,"(5, 1, 1)(1, 0, 1, 7)",add
2022-04-30,PAIN AU CHOCOLAT,52.0,32.345599628975314,38.46365327454126,"(5, 1, 1)(1, 0, 1, 7)",add
2022-05-01,PAIN AU CHOCOLAT,90.0,60.968930243784655,66.73098493636743,"(5, 1, 1)(1, 0, 1, 7)",add
2022-05-02,PAIN AU CHOCOLAT,34.0,18.57588192729134,20.631683889195912,"(5, 1, 1)(1, 0, 1, 7)",add
2022-05-03,PAIN AU CHOCOLAT,17.0,20.44447419401541,19.72952265429058,"(5, 1, 1)(1, 0, 1, 7)",add
2022-05-04,PAIN AU CHOCOLAT,0.0,13.250012734128891,9.957071123982274,"(5, 1, 1)(1, 0, 1, 7)",add
2022-05-05,PAIN AU CHOCOLAT,32.0,21.347110355536312,20.1763559726799,"(5, 1, 1)(1, 0, 1, 7)",add
2022-05-06,PAIN AU CHOCOLAT,19.0,26.024478382017634,26.810106487165545,"(5, 1, 1)(1, 0, 1, 7)",add
2022-05-07,PAIN AU CHOCOLAT,37.0,32.21538822068552,38.55816121362717,"(5, 1, 1)(1, 0, 1, 7)",add
2022-05-08,PAIN AU CHOCOLAT,78.0,60.78186818264356,66.82549287545334,"(5, 1, 1)(1, 0, 1, 7)",add
2022-05-09,PAIN AU CHOCOLAT,16.0,18.473631201632664,20.726191828281827,"(5, 1, 1)(1, 0, 1, 7)",add
2022-05-10,PAIN AU CHOCOLAT,21.0,20.338742489994075,19.824030593376495,"(5, 1, 1)(1, 0, 1, 7)",add
2022-05-11,PAIN AU CHOCOLAT,21.0,13.15871634818252,10.05157906306819,"(5, 1, 1)(1, 0, 1, 7)",add
2022-05-12,PAIN AU CHOCOLAT,20.0,21.239648271145924,20.270863911765815,"(5, 1, 1)(1, 0, 1, 7)",add
2022-05-13,PAIN AU CHOCOLAT,25.0,25.90760837039186,26.90461442625146,"(5, 1, 1)(1, 0, 1, 7)",add
2022-05-14,PAIN AU CHOCOLAT,28.0,32.08609506172269,38.65266915271309,"(5, 1, 1)(1, 0, 1, 7)",add
2022-05-15,PAIN AU CHOCOLAT,77.0,60.595594370657416,66.92000081453926,"(5, 1, 1)(1, 0, 1, 7)",add
2022-05-16,PAIN AU CHOCOLAT,22.0,18.371674420383023,20.820699767367742,"(5, 1, 1)(1, 0, 1, 7)",add
2022-05-17,PAIN AU CHOCOLAT,11.0,20.233089078090725,19.91853853246241,"(5, 1, 1)(1, 0, 1, 7)",add
2022-05-18,PAIN AU CHOCOLAT,18.0,13.067399473219055,10.146087002154104,"(5, 1, 1)(1, 0, 1, 7)",add
2022-05-19,PAIN AU CHOCOLAT,29.0,21.13224444360837,20.36537185085173,"(5, 1, 1)(1, 0, 1, 7)",add
2022-05-20,PAIN AU CHOCOLAT,25.0,25.790907258356626,26.999122365337374,"(5, 1, 1)(1, 0, 1, 7)",add
2022-05-21,PAIN AU CHOCOLAT,57.0,31.957076354996016,38.747177091799,"(5, 1, 1)(1, 0, 1, 7)",add
2022-05-22,PAIN AU CHOCOLAT,66.0,60.40974737031299,67.01450875362517,"(5, 1, 1)(1, 0, 1, 7)",add
2022-05-23,PAIN AU CHOCOLAT,14.0,18.269974814958715,20.915207706453657,"(5, 1, 1)(1, 0, 1, 7)",add
2022-05-24,PAIN AU CHOCOLAT,21.0,20.127676288357836,20.013046471548325,"(5, 1, 1)(1, 0, 1, 7)",add
2022-05-25,PAIN AU CHOCOLAT,19.0,12.976268259993388,10.240594941240019,"(5, 1, 1)(1, 0, 1, 7)",add
2022-05-26,PAIN AU CHOCOLAT,75.0,21.025041593175295,20.459879789937645,"(5, 1, 1)(1, 0, 1, 7)",add
2022-05-27,PAIN AU CHOCOLAT,108.0,25.67442169003796,27.09363030442329,"(5, 1, 1)(1, 0, 1, 7)",add
2022-05-28,PAIN AU CHOCOLAT,97.0,31.828302751768366,38.84168503088492,"(5, 1, 1)(1, 0, 1, 7)",add
2022-05-29,PAIN AU CHOCOLAT,157.0,60.22426672969125,67.1090166927111,"(5, 1, 1)(1, 0, 1, 7)",add
2022-05-30,PAIN AU CHOCOLAT,28.0,18.168480145646072,21.009715645539572,"(5, 1, 1)(1, 0, 1, 7)",add
2022-05-31,PAIN AU CHOCOLAT,19.0,20.022478481704027,20.10755441063424,"(5, 1, 1)(1, 0, 1, 7)",add
2022-06-01,PAIN AU CHOCOLAT,29.0,12.885322989377293,10.335102880325934,"(5, 1, 1)(1, 0, 1, 7)",add
2022-06-02,PAIN AU CHOCOLAT,19.0,20.91805454674596,20.55438772902356,"(5, 1, 1)(1, 0, 1, 7)",add
2022-06-03,PAIN AU CHOCOLAT,26.0,25.558168271918326,27.188138243509204,"(5, 1, 1)(1, 0, 1, 7)",add
2022-06-04,PAIN AU CHOCOLAT,44.0,31.699784562611292,38.93619296997083,"(5, 1, 1)(1, 0, 1, 7)",add
2022-06-05,PAIN AU CHOCOLAT,129.0,60.039154348032724,67.203524631797,"(5, 1, 1)(1, 0, 1, 7)",add
2022-06-06,PAIN AU CHOCOLAT,118.0,18.06718685040854,21.104223584625487,"(5, 1, 1)(1, 0, 1, 7)",add
2022-06-07,PAIN AU CHOCOLAT,26.0,19.917490104827518,20.202062349720155,"(5, 1, 1)(1, 0, 1, 7)",add
2022-06-08,PAIN AU CHOCOLAT,16.0,12.794559228367437,10.429610819411849,"(5, 1, 1)(1, 0, 1, 7)",add
2022-06-09,PAIN AU CHOCOLAT,24.0,20.811281152149203,20.648895668109475,"(5, 1, 1)(1, 0, 1, 7)",add
2022-06-10,PAIN AU CHOCOLAT,21.0,25.44214689134712,27.282646182595116,"(5, 1, 1)(1, 0, 1, 7)",add
2022-06-11,PAIN AU CHOCOLAT,60.0,31.571522663165233,39.03070090905675,"(5, 1, 1)(1, 0, 1, 7)",add
2022-06-12,PAIN AU CHOCOLAT,84.0,59.854410878043396,67.29803257088292,"(5, 1, 1)(1, 0, 1, 7)",add
2022-06-13,PAIN AU CHOCOLAT,33.0,17.966095323849046,21.198731523711402,"(5, 1, 1)(1, 0, 1, 7)",add
2022-06-14,PAIN AU CHOCOLAT,27.0,19.81271085907222,20.29657028880607,"(5, 1, 1)(1, 0, 1, 7)",add
2022-06-15,PAIN AU CHOCOLAT,15.0,12.70397629618597,10.524118758497764,"(5, 1, 1)(1, 0, 1, 7)",add
2022-06-16,PAIN AU CHOCOLAT,29.0,20.704720550374525,20.74340360719539,"(5, 1, 1)(1, 0, 1, 7)",add
2022-06-17,PAIN AU CHOCOLAT,15.0,25.326356772052506,27.37715412168103,"(5, 1, 1)(1, 0, 1, 7)",add
2022-06-18,PAIN AU CHOCOLAT,44.0,31.443516430965214,39.12520884814266,"(5, 1, 1)(1, 0, 1, 7)",add
2022-06-19,PAIN AU CHOCOLAT,91.0,59.670035635992775,67.39254050996882,"(5, 1, 1)(1, 0, 1, 7)",add
2022-06-20,PAIN AU CHOCOLAT,28.0,17.86520528668192,21.293239462797317,"(5, 1, 1)(1, 0, 1, 7)",add
2022-06-21,PAIN AU CHOCOLAT,40.0,19.708140438858727,20.391078227891985,"(5, 1, 1)(1, 0, 1, 7)",add
2022-06-22,PAIN AU CHOCOLAT,30.0,12.613573889588826,10.618626697583679,"(5, 1, 1)(1, 0, 1, 7)",add
2022-06-23,PAIN AU CHOCOLAT,29.0,20.598372319175365,20.837911546281305,"(5, 1, 1)(1, 0, 1, 7)",add
2022-06-24,PAIN AU CHOCOLAT,34.0,25.210797422572334,27.471662060766946,"(5, 1, 1)(1, 0, 1, 7)",add
2022-06-25,PAIN AU CHOCOLAT,34.0,31.315765320408097,39.21971678722858,"(5, 1, 1)(1, 0, 1, 7)",add
2022-06-26,PAIN AU CHOCOLAT,68.0,59.48602786416964,67.48704844905475,"(5, 1, 1)(1, 0, 1, 7)",add
2022-06-27,PAIN AU CHOCOLAT,20.0,17.764516330662417,21.38774740188323,"(5, 1, 1)(1, 0, 1, 7)",add
2022-06-28,PAIN AU CHOCOLAT,19.0,19.60377843397029,20.4855861669779,"(5, 1, 1)(1, 0, 1, 7)",add
2022-06-29,PAIN AU CHOCOLAT,16.0,12.523351659443133,10.713134636669594,"(5, 1, 1)(1, 0, 1, 7)",add
2022-06-30,PAIN AU CHOCOLAT,41.0,20.49223604407917,20.93241948536722,"(5, 1, 1)(1, 0, 1, 7)",add
2022-07-01,PAIN AU CHOCOLAT,39.0,37.82774638345731,34.701005686246084,"(5, 1, 1)(1, 0, 1, 7)",add
2022-07-02,PAIN AU CHOCOLAT,38.0,46.89259431655869,46.94536370197447,"(5, 1, 1)(1, 0, 1, 7)",add
2022-07-03,PAIN AU CHOCOLAT,60.0,76.84477442448522,76.43333129194971,"(5, 1, 1)(1, 0, 1, 7)",add
2022-07-04,PAIN AU CHOCOLAT,26.0,28.58677661470891,30.02323241288278,"(5, 1, 1)(1, 0, 1, 7)",add
2022-07-05,PAIN AU CHOCOLAT,28.0,23.118594278972417,27.458510840641445,"(5, 1, 1)(1, 0, 1, 7)",add
2022-07-06,PAIN AU CHOCOLAT,37.0,17.21797488636373,18.19033033245713,"(5, 1, 1)(1, 0, 1, 7)",add
2022-07-07,PAIN AU CHOCOLAT,26.0,28.809080979757372,28.907013422626374,"(5, 1, 1)(1, 0, 1, 7)",add
2022-07-08,PAIN AU CHOCOLAT,33.0,33.57894691854509,34.89194620829753,"(5, 1, 1)(1, 0, 1, 7)",add
2022-07-09,PAIN AU CHOCOLAT,63.0,44.955382165849336,47.13630422402592,"(5, 1, 1)(1, 0, 1, 7)",add
2022-07-10,PAIN AU CHOCOLAT,106.0,76.87876759783438,76.62427181400116,"(5, 1, 1)(1, 0, 1, 7)",add
2022-07-11,PAIN AU CHOCOLAT,54.0,30.55640279370587,30.21417293493423,"(5, 1, 1)(1, 0, 1, 7)",add
2022-07-12,PAIN AU CHOCOLAT,57.0,25.69629702706161,27.649451362692893,"(5, 1, 1)(1, 0, 1, 7)",add
2022-07-13,PAIN AU CHOCOLAT,38.0,18.430567147545204,18.38127085450858,"(5, 1, 1)(1, 0, 1, 7)",add
2022-07-14,PAIN AU CHOCOLAT,81.0,29.11270329841227,29.097953944677823,"(5, 1, 1)(1, 0, 1, 7)",add
2022-07-15,PAIN AU CHOCOLAT,131.0,33.236462609727496,35.08288673034898,"(5, 1, 1)(1, 0, 1, 7)",add
2022-07-16,PAIN AU CHOCOLAT,112.0,44.310527333448704,47.32724474607737,"(5, 1, 1)(1, 0, 1, 7)",add
2022-07-17,PAIN AU CHOCOLAT,138.0,76.3515985929028,76.81521233605261,"(5, 1, 1)(1, 0, 1, 7)",add
2022-07-18,PAIN AU CHOCOLAT,86.0,30.43481250881694,30.405113456985678,"(5, 1, 1)(1, 0, 1, 7)",add
2022-07-19,PAIN AU CHOCOLAT,52.0,25.84518303881356,27.840391884744342,"(5, 1, 1)(1, 0, 1, 7)",add
2022-07-20,PAIN AU CHOCOLAT,64.0,18.724480830150984,18.572211376560027,"(5, 1, 1)(1, 0, 1, 7)",add
2022-07-21,PAIN AU CHOCOLAT,68.0,29.400802784840728,29.28889446672927,"(5, 1, 1)(1, 0, 1, 7)",add
2022-07-22,PAIN AU CHOCOLAT,67.0,33.43251009564426,35.27382725240043,"(5, 1, 1)(1, 0, 1, 7)",add
2022-07-23,PAIN AU CHOCOLAT,83.0,44.39341406602422,47.51818526812882,"(5, 1, 1)(1, 0, 1, 7)",add
2022-07-24,PAIN AU CHOCOLAT,97.0,76.33935475449813,77.00615285810406,"(5, 1, 1)(1, 0, 1, 7)",add
2022-07-25,PAIN AU CHOCOLAT,76.0,30.44829262153356,30.596053979037126,"(5, 1, 1)(1, 0, 1, 7)",add
2022-07-26,PAIN AU CHOCOLAT,39.0,25.880382943337427,28.03133240679579,"(5, 1, 1)(1, 0, 1, 7)",add
2022-07-27,PAIN AU CHOCOLAT,60.0,18.79857325159641,18.763151898611476,"(5, 1, 1)(1, 0, 1, 7)",add
2022-07-28,PAIN AU CHOCOLAT,54.0,29.491413305726287,29.47983498878072,"(5, 1, 1)(1, 0, 1, 7)",add
2022-07-29,PAIN AU CHOCOLAT,45.0,33.53155492802412,35.46476777445188,"(5, 1, 1)(1, 0, 1, 7)",add
2022-07-30,PAIN AU CHOCOLAT,102.0,44.48078408015179,47.709125790180266,"(5, 1, 1)(1, 0, 1, 7)",add
2022-07-31,PAIN AU CHOCOLAT,163.0,76.38728199390795,77.19709338015551,"(5, 1, 1)(1, 0, 1, 7)",add
2022-08-01,PAIN AU CHOCOLAT,84.0,30.530649111939475,30.786994501088575,"(5, 1, 1)(1, 0, 1, 7)",add
2022-08-02,PAIN AU CHOCOLAT,79.0,25.961068999094646,28.22227292884724,"(5, 1, 1)(1, 0, 1, 7)",add
2022-08-03,PAIN AU CHOCOLAT,47.0,18.88466120528762,18.954092420662924,"(5, 1, 1)(1, 0, 1, 7)",add
2022-08-04,PAIN AU CHOCOLAT,63.0,29.569163959819257,29.67077551083217,"(5, 1, 1)(1, 0, 1, 7)",add
2022-08-05,PAIN AU CHOCOLAT,77.0,33.60853516672446,35.65570829650333,"(5, 1, 1)(1, 0, 1, 7)",add
2022-08-06,PAIN AU CHOCOLAT,83.0,44.54975209234029,47.900066312231715,"(5, 1, 1)(1, 0, 1, 7)",add
2022-08-07,PAIN AU CHOCOLAT,154.0,76.42669626531705,77.38803390220696,"(5, 1, 1)(1, 0, 1, 7)",add
2022-08-08,PAIN AU CHOCOLAT,116.0,30.613896345741324,30.977935023140024,"(5, 1, 1)(1, 0, 1, 7)",add
2022-08-09,PAIN AU CHOCOLAT,70.0,26.04781906349664,28.413213450898688,"(5, 1, 1)(1, 0, 1, 7)",add
2022-08-10,PAIN AU CHOCOLAT,68.0,18.977288835745114,19.145032942714373,"(5, 1, 1)(1, 0, 1, 7)",add
2022-08-11,PAIN AU CHOCOLAT,94.0,29.650978715398526,29.861716032883617,"(5, 1, 1)(1, 0, 1, 7)",add
2022-08-12,PAIN AU CHOCOLAT,103.0,33.68636794557197,35.846648818554776,"(5, 1, 1)(1, 0, 1, 7)",add
2022-08-13,PAIN AU CHOCOLAT,92.0,44.617283914229496,48.091006834283164,"(5, 1, 1)(1, 0, 1, 7)",add
2022-08-14,PAIN AU CHOCOLAT,232.0,76.46391810249347,77.5789744242584,"(5, 1, 1)(1, 0, 1, 7)",add
2022-08-15,PAIN AU CHOCOLAT,109.0,30.695348142537405,31.168875545191472,"(5, 1, 1)(1, 0, 1, 7)",add
2022-08-16,PAIN AU CHOCOLAT,62.0,26.13374989638934,28.604153972950137,"(5, 1, 1)(1, 0, 1, 7)",add
2022-08-17,PAIN AU CHOCOLAT,70.0,19.069981744541693,19.33597346476582,"(5, 1, 1)(1, 0, 1, 7)",add
2022-08-18,PAIN AU CHOCOLAT,106.0,29.733332360478006,30.052656554935066,"(5, 1, 1)(1, 0, 1, 7)",add
2022-08-19,PAIN AU CHOCOLAT,70.0,33.76475876494723,36.037589340606225,"(5, 1, 1)(1, 0, 1, 7)",add
2022-08-20,PAIN AU CHOCOLAT,83.0,44.68512721405281,48.28194735633461,"(5, 1, 1)(1, 0, 1, 7)",add
2022-08-21,PAIN AU CHOCOLAT,141.0,76.50117054703897,77.76991494630985,"(5, 1, 1)(1, 0, 1, 7)",add
2022-08-22,PAIN AU CHOCOLAT,72.0,30.776576362512337,31.35981606724292,"(5, 1, 1)(1, 0, 1, 7)",add
2022-08-23,PAIN AU CHOCOLAT,61.0,26.219388322000498,28.795094495001585,"(5, 1, 1)(1, 0, 1, 7)",add
2022-08-24,PAIN AU CHOCOLAT,60.0,19.162425594807484,19.52691398681727,"(5, 1, 1)(1, 0, 1, 7)",add
2022-08-25,PAIN AU CHOCOLAT,30.0,29.815543596962243,30.243597076986514,"(5, 1, 1)(1, 0, 1, 7)",add
2022-08-26,PAIN AU CHOCOLAT,57.0,33.84309491044526,36.22852986265767,"(5, 1, 1)(1, 0, 1, 7)",add
2022-08-27,PAIN AU CHOCOLAT,59.0,44.75296709195163,48.47288787838607,"(5, 1, 1)(1, 0, 1, 7)",add
2022-08-28,PAIN AU CHOCOLAT,76.0,76.53844742151365,77.9608554683613,"(5, 1, 1)(1, 0, 1, 7)",add
2022-08-29,PAIN AU CHOCOLAT,38.0,30.857760604552865,31.55075658929437,"(5, 1, 1)(1, 0, 1, 7)",add
2022-08-30,PAIN AU CHOCOLAT,37.0,26.304948730285364,28.986035017053034,"(5, 1, 1)(1, 0, 1, 7)",add
2022-08-31,PAIN AU CHOCOLAT,43.0,19.25476544488065,19.71785450886872,"(5, 1, 1)(1, 0, 1, 7)",add
2022-09-01,PAIN AU CHOCOLAT,0.0,29.89765551664975,30.434537599037963,"(5, 1, 1)(1, 0, 1, 7)",add
2022-09-02,PAIN AU CHOCOLAT,26.0,33.92134095827499,36.41947038470912,"(5, 1, 1)(1, 0, 1, 7)",add
2022-09-03,PAIN AU CHOCOLAT,30.0,44.82073645245997,48.66382840043752,"(5, 1, 1)(1, 0, 1, 7)",add
2022-09-04,PAIN AU CHOCOLAT,39.0,76.57569101597313,78.15179599041275,"(5, 1, 1)(1, 0, 1, 7)",add
2022-09-05,PAIN AU CHOCOLAT,45.0,30.93887301894719,31.741697111345818,"(5, 1, 1)(1, 0, 1, 7)",add
2022-09-06,PAIN AU CHOCOLAT,16.0,26.390432678023934,29.176975539104482,"(5, 1, 1)(1, 0, 1, 7)",add
2022-09-07,PAIN AU CHOCOLAT,31.0,19.347019672885757,19.908795030920167,"(5, 1, 1)(1, 0, 1, 7)",add
2022-09-08,PAIN AU CHOCOLAT,27.0,29.979688781707807,30.62547812108941,"(5, 1, 1)(1, 0, 1, 7)",add
2022-09-09,PAIN AU CHOCOLAT,40.0,33.99951028632474,36.61041090676057,"(5, 1, 1)(1, 0, 1, 7)",add
2022-09-10,PAIN AU CHOCOLAT,40.0,44.88843876172201,48.854768922488965,"(5, 1, 1)(1, 0, 1, 7)",add
2022-09-11,PAIN AU CHOCOLAT,92.0,76.6128974680939,78.3427365124642,"(5, 1, 1)(1, 0, 1, 7)",add
2022-09-12,PAIN AU CHOCOLAT,18.0,31.01990709040229,31.932637633397267,"(5, 1, 1)(1, 0, 1, 7)",add
2022-09-13,PAIN AU CHOCOLAT,26.0,26.475834822793743,29.36791606115593,"(5, 1, 1)(1, 0, 1, 7)",add
2022-09-14,PAIN AU CHOCOLAT,20.0,19.43918591122744,20.099735552971616,"(5, 1, 1)(1, 0, 1, 7)",add
2022-09-15,PAIN AU CHOCOLAT,25.0,30.061643804909565,30.81641864314086,"(5, 1, 1)(1, 0, 1, 7)",add
2022-09-16,PAIN AU CHOCOLAT,27.0,34.0776048166493,36.80135142881202,"(5, 1, 1)(1, 0, 1, 7)",add
2022-09-17,PAIN AU CHOCOLAT,36.0,44.95607605279245,49.045709444540414,"(5, 1, 1)(1, 0, 1, 7)",add
2022-09-18,PAIN AU CHOCOLAT,63.0,76.65006802724432,78.53367703451565,"(5, 1, 1)(1, 0, 1, 7)",add
2022-09-19,PAIN AU CHOCOLAT,0.0,31.1008631507527,32.12357815544871,"(5, 1, 1)(1, 0, 1, 7)",add
2022-09-20,PAIN AU CHOCOLAT,14.0,26.56115482450445,29.55885658320738,"(5, 1, 1)(1, 0, 1, 7)",add
2022-09-21,PAIN AU CHOCOLAT,23.0,19.531263601060612,20.290676075023065,"(5, 1, 1)(1, 0, 1, 7)",add
2022-09-22,PAIN AU CHOCOLAT,23.0,30.143520154833073,31.00735916519231,"(5, 1, 1)(1, 0, 1, 7)",add
2022-09-23,PAIN AU CHOCOLAT,38.0,34.15562440824593,36.99229195086347,"(5, 1, 1)(1, 0, 1, 7)",add
2022-09-24,PAIN AU CHOCOLAT,38.0,45.02364843878467,49.23664996659186,"(5, 1, 1)(1, 0, 1, 7)",add
2022-09-25,PAIN AU CHOCOLAT,62.0,76.68720291355545,78.7246175565671,"(5, 1, 1)(1, 0, 1, 7)",add
2022-09-26,PAIN AU CHOCOLAT,22.0,31.181741462698113,32.31451867750016,"(5, 1, 1)(1, 0, 1, 7)",add
2022-09-27,PAIN AU CHOCOLAT,22.0,26.646392872265203,29.74979710525883,"(5, 1, 1)(1, 0, 1, 7)",add
2022-09-28,PAIN AU CHOCOLAT,17.0,19.623252845391733,20.481616597074513,"(5, 1, 1)(1, 0, 1, 7)",add
2022-09-29,PAIN AU CHOCOLAT,36.0,30.22531786275377,31.198299687243757,"(5, 1, 1)(1, 0, 1, 7)",add
2022-09-30,PAIN AU CHOCOLAT,32.0,34.23356907047654,37.183232472914916,"(5, 1, 1)(1, 0, 1, 7)",add
2021-01-02,SPECIAL BREAD,8.0,0.0,8.194786639358671,"(2, 1, 1)(1, 0, 1, 7)",add
2021-01-03,SPECIAL BREAD,7.0,7.9999176734011845,8.657171175992826,"(2, 1, 1)(1, 0, 1, 7)",add
2021-01-04,SPECIAL BREAD,7.0,7.479926160157954,4.4755147684803,"(2, 1, 1)(1, 0, 1, 7)",add
2021-01-05,SPECIAL BREAD,7.0,7.1902041335565965,6.062121479707115,"(2, 1, 1)(1, 0, 1, 7)",add
2021-01-06,SPECIAL BREAD,0.0,7.1638015845140925,-0.18091774095958968,"(2, 1, 1)(1, 0, 1, 7)",add
2021-01-07,SPECIAL BREAD,6.0,4.621216186131357,6.09550182271115,"(2, 1, 1)(1, 0, 1, 7)",add
2021-01-08,SPECIAL BREAD,6.0,4.8023648669853705,6.230868409037462,"(2, 1, 1)(1, 0, 1, 7)",add
2021-01-09,SPECIAL BREAD,8.0,6.660636809804689,8.590888853179614,"(2, 1, 1)(1, 0, 1, 7)",add
2021-01-10,SPECIAL BREAD,8.0,6.7149577397658256,8.778544078351185,"(2, 1, 1)(1, 0, 1, 7)",add
2021-01-11,SPECIAL BREAD,1.0,7.221018910465192,5.312847535418503,"(2, 1, 1)(1, 0, 1, 7)",add
2021-01-12,SPECIAL BREAD,4.0,5.039056085012498,4.845167887645626,"(2, 1, 1)(1, 0, 1, 7)",add
2021-01-13,SPECIAL BREAD,0.0,1.2268689132447,-1.9725867878055992,"(2, 1, 1)(1, 0, 1, 7)",add
2021-01-14,SPECIAL BREAD,8.0,4.140283330054813,4.763493481028034,"(2, 1, 1)(1, 0, 1, 7)",add
2021-01-15,SPECIAL BREAD,7.0,5.5842232638860185,5.796731271130811,"(2, 1, 1)(1, 0, 1, 7)",add
2021-01-16,SPECIAL BREAD,10.0,7.636071804790832,8.508919250976657,"(2, 1, 1)(1, 0, 1, 7)",add
2021-01-17,SPECIAL BREAD,8.0,7.893785217614492,9.245887969418822,"(2, 1, 1)(1, 0, 1, 7)",add
2021-01-18,SPECIAL BREAD,7.0,5.72507000725099,5.250513596113012,"(2, 1, 1)(1, 0, 1, 7)",add
2021-01-19,SPECIAL BREAD,7.0,6.686681869745667,6.8384423936514676,"(2, 1, 1)(1, 0, 1, 7)",add
2021-01-20,SPECIAL BREAD,0.0,3.4888777639865283,0.61678373169332,"(2, 1, 1)(1, 0, 1, 7)",add
2021-01-21,SPECIAL BREAD,6.0,6.23121933661233,6.786770521475564,"(2, 1, 1)(1, 0, 1, 7)",add
2021-01-22,SPECIAL BREAD,8.0,5.5611672156289575,6.486262806450357,"(2, 1, 1)(1, 0, 1, 7)",add
2021-01-23,SPECIAL BREAD,7.0,8.290582871087736,9.31624812754253,"(2, 1, 1)(1, 0, 1, 7)",add
2021-01-24,SPECIAL BREAD,10.0,7.292612242884479,8.698697822022673,"(2, 1, 1)(1, 0, 1, 7)",add
2021-01-25,SPECIAL BREAD,4.0,6.150458383530392,5.741819221821967,"(2, 1, 1)(1, 0, 1, 7)",add
2021-01-26,SPECIAL BREAD,9.0,6.352842329956052,6.192406039147315,"(2, 1, 1)(1, 0, 1, 7)",add
2021-01-27,SPECIAL BREAD,0.0,2.7158225540224716,0.6075460486193389,"(2, 1, 1)(1, 0, 1, 7)",add
2021-01-28,SPECIAL BREAD,8.0,6.680314400876803,6.760749956702987,"(2, 1, 1)(1, 0, 1, 7)",add
2021-01-29,SPECIAL BREAD,4.0,6.88787729869208,7.276939058047235,"(2, 1, 1)(1, 0, 1, 7)",add
2021-01-30,SPECIAL BREAD,8.0,7.212891100024159,8.35869069032055,"(2, 1, 1)(1, 0, 1, 7)",add
2021-01-31,SPECIAL BREAD,8.0,7.283789414190947,8.688721781781371,"(2, 1, 1)(1, 0, 1, 7)",add
2021-02-01,SPECIAL BREAD,5.0,5.302058427330885,4.840632828210375,"(2, 1, 1)(1, 0, 1, 7)",add
2021-02-02,SPECIAL BREAD,4.0,6.743879979839551,6.3292337427177205,"(2, 1, 1)(1, 0, 1, 7)",add
2021-02-03,SPECIAL BREAD,0.0,0.7461215314893077,-1.051597833003381,"(2, 1, 1)(1, 0, 1, 7)",add
2021-02-04,SPECIAL BREAD,7.0,5.545880500705094,5.766194543618106,"(2, 1, 1)(1, 0, 1, 7)",add
2021-02-05,SPECIAL BREAD,7.0,5.693755285853084,5.7677383278664625,"(2, 1, 1)(1, 0, 1, 7)",add
2021-02-06,SPECIAL BREAD,9.0,7.916371409353861,8.416979211759578,"(2, 1, 1)(1, 0, 1, 7)",add
2021-02-07,SPECIAL BREAD,10.0,8.358335997431507,8.967619082915254,"(2, 1, 1)(1, 0, 1, 7)",add
2021-02-08,SPECIAL BREAD,8.0,6.17998886961831,5.687622225771594,"(2, 1, 1)(1, 0, 1, 7)",add
2021-02-09,SPECIAL BREAD,12.0,7.740531199073852,7.483562389223845,"(2, 1, 1)(1, 0, 1, 7)",add
2021-02-10,SPECIAL BREAD,0.0,4.306121662838952,2.3631718694134722,"(2, 1, 1)(1, 0, 1, 7)",add
2021-02-11,SPECIAL BREAD,6.0,8.094265305976107,8.265731749321763,"(2, 1, 1)(1, 0, 1, 7)",add
2021-02-12,SPECIAL BREAD,8.0,6.00624222565011,7.307930770800883,"(2, 1, 1)(1, 0, 1, 7)",add
2021-02-13,SPECIAL BREAD,10.0,8.556222912161086,9.73534306363609,"(2, 1, 1)(1, 0, 1, 7)",add
2021-02-14,SPECIAL BREAD,7.0,9.56468699693873,10.249782946580817,"(2, 1, 1)(1, 0, 1, 7)",add
2021-02-15,SPECIAL BREAD,4.0,6.133040692689996,5.941550745139665,"(2, 1, 1)(1, 0, 1, 7)",add
2021-02-16,SPECIAL BREAD,8.0,6.674279457277633,6.821991309572405,"(2, 1, 1)(1, 0, 1, 7)",add
2021-02-17,SPECIAL BREAD,0.0,1.391714380070999,0.004891513082571741,"(2, 1, 1)(1, 0, 1, 7)",add
2021-02-18,SPECIAL BREAD,8.0,6.6115925428562665,6.564891441331794,"(2, 1, 1)(1, 0, 1, 7)",add
2021-02-19,SPECIAL BREAD,8.0,6.910547919104252,6.957514724203323,"(2, 1, 1)(1, 0, 1, 7)",add
2021-02-20,SPECIAL BREAD,10.0,9.1993435013704,9.432405847069544,"(2, 1, 1)(1, 0, 1, 7)",add
2021-02-21,SPECIAL BREAD,12.0,9.053271402296442,9.630547113002565,"(2, 1, 1)(1, 0, 1, 7)",add
2021-02-22,SPECIAL BREAD,10.0,7.479155948298831,7.011109258279343,"(2, 1, 1)(1, 0, 1, 7)",add
2021-02-23,SPECIAL BREAD,8.0,10.248526787373857,9.597368707046854,"(2, 1, 1)(1, 0, 1, 7)",add
2021-02-24,SPECIAL BREAD,0.0,3.0543439434514497,1.8851733202074001,"(2, 1, 1)(1, 0, 1, 7)",add
2021-02-25,SPECIAL BREAD,9.0,7.162312193934442,8.093437254441412,"(2, 1, 1)(1, 0, 1, 7)",add
2021-02-26,SPECIAL BREAD,9.0,7.721697225556419,8.296582343189733,"(2, 1, 1)(1, 0, 1, 7)",add
2021-02-27,SPECIAL BREAD,16.0,10.196544094533943,10.62458062960698,"(2, 1, 1)(1, 0, 1, 7)",add
2021-02-28,SPECIAL BREAD,19.0,12.137899695627546,12.34520949599478,"(2, 1, 1)(1, 0, 1, 7)",add
2021-03-01,SPECIAL BREAD,8.0,12.24309811034723,10.970700574530731,"(2, 1, 1)(1, 0, 1, 7)",add
2021-03-02,SPECIAL BREAD,8.0,11.54145604396033,11.402412860842281,"(2, 1, 1)(1, 0, 1, 7)",add
2021-03-03,SPECIAL BREAD,0.0,2.830296235656025,3.162780754006925,"(2, 1, 1)(1, 0, 1, 7)",add
2021-03-04,SPECIAL BREAD,8.0,7.987013101844989,9.338083792536883,"(2, 1, 1)(1, 0, 1, 7)",add
2021-03-05,SPECIAL BREAD,8.0,8.072282967245062,8.902923363930132,"(2, 1, 1)(1, 0, 1, 7)",add
2021-03-06,SPECIAL BREAD,10.0,10.988997773425453,11.321505554651825,"(2, 1, 1)(1, 0, 1, 7)",add
2021-03-07,SPECIAL BREAD,10.0,11.339472077308052,11.351979093801647,"(2, 1, 1)(1, 0, 1, 7)",add
2021-03-08,SPECIAL BREAD,10.0,7.25691090941806,6.689239045293249,"(2, 1, 1)(1, 0, 1, 7)",add
2021-03-09,SPECIAL BREAD,10.0,9.29559619576497,8.793549963087344,"(2, 1, 1)(1, 0, 1, 7)",add
2021-03-10,SPECIAL BREAD,0.0,3.4917122991335834,1.844364578780973,"(2, 1, 1)(1, 0, 1, 7)",add
2021-03-11,SPECIAL BREAD,8.0,8.330788292195347,8.588356840661381,"(2, 1, 1)(1, 0, 1, 7)",add
2021-03-12,SPECIAL BREAD,8.0,7.957498673198842,8.408130249211279,"(2, 1, 1)(1, 0, 1, 7)",add
2021-03-13,SPECIAL BREAD,10.0,10.698810973377181,10.91476612724795,"(2, 1, 1)(1, 0, 1, 7)",add
2021-03-14,SPECIAL BREAD,10.0,11.006172177561961,11.053258127679902,"(2, 1, 1)(1, 0, 1, 7)",add
2021-03-15,SPECIAL BREAD,10.0,7.71400988017586,7.002197828826784,"(2, 1, 1)(1, 0, 1, 7)",add
2021-03-16,SPECIAL BREAD,6.0,9.37138852841713,8.781628736526724,"(2, 1, 1)(1, 0, 1, 7)",add
2021-03-17,SPECIAL BREAD,0.0,1.6919409575489377,0.3927227469381398,"(2, 1, 1)(1, 0, 1, 7)",add
2021-03-18,SPECIAL BREAD,7.0,7.117105207112889,7.677301890993752,"(2, 1, 1)(1, 0, 1, 7)",add
2021-03-19,SPECIAL BREAD,5.0,7.4167165981272,7.49317511706469,"(2, 1, 1)(1, 0, 1, 7)",add
2021-03-20,SPECIAL BREAD,10.0,9.087291839364129,9.37076563032628,"(2, 1, 1)(1, 0, 1, 7)",add
2021-03-21,SPECIAL BREAD,10.0,9.809303999444465,9.916708245308216,"(2, 1, 1)(1, 0, 1, 7)",add
2021-03-22,SPECIAL BREAD,8.0,7.863743507245749,6.637461468006207,"(2, 1, 1)(1, 0, 1, 7)",add
2021-03-23,SPECIAL BREAD,5.0,7.913848379311205,7.312002566734577,"(2, 1, 1)(1, 0, 1, 7)",add
2021-03-24,SPECIAL BREAD,0.0,0.4935176347264578,-0.6767461092422602,"(2, 1, 1)(1, 0, 1, 7)",add
2021-03-25,SPECIAL BREAD,8.0,6.510082787803508,6.868622635828138,"(2, 1, 1)(1, 0, 1, 7)",add
2021-03-26,SPECIAL BREAD,6.0,7.038203321067011,6.973898022374872,"(2, 1, 1)(1, 0, 1, 7)",add
2021-03-27,SPECIAL BREAD,7.0,9.518371563193508,9.622683537415782,"(2, 1, 1)(1, 0, 1, 7)",add
2021-03-28,SPECIAL BREAD,10.0,8.84543859310049,9.215292588682654,"(2, 1, 1)(1, 0, 1, 7)",add
2021-03-29,SPECIAL BREAD,5.0,6.963378086974506,6.273647773352227,"(2, 1, 1)(1, 0, 1, 7)",add
2021-03-30,SPECIAL BREAD,7.0,6.2121093995492185,5.808130142699981,"(2, 1, 1)(1, 0, 1, 7)",add
2021-03-31,SPECIAL BREAD,0.0,0.2323538368225453,-0.880663701563642,"(2, 1, 1)(1, 0, 1, 7)",add
2021-04-01,SPECIAL BREAD,5.0,6.930777128572783,6.7722533030818886,"(2, 1, 1)(1, 0, 1, 7)",add
2021-04-02,SPECIAL BREAD,6.0,5.6223852613729,5.842475754451302,"(2, 1, 1)(1, 0, 1, 7)",add
2021-04-03,SPECIAL BREAD,14.0,8.055740686622626,8.614023081312626,"(2, 1, 1)(1, 0, 1, 7)",add
2021-04-04,SPECIAL BREAD,16.0,11.05189780658877,10.788848437909536,"(2, 1, 1)(1, 0, 1, 7)",add
2021-04-05,SPECIAL BREAD,15.0,10.30471394043058,8.826542829133597,"(2, 1, 1)(1, 0, 1, 7)",add
2021-04-06,SPECIAL BREAD,10.0,11.321936509365985,10.682307195409905,"(2, 1, 1)(1, 0, 1, 7)",add
2021-04-07,SPECIAL BREAD,0.0,4.23750565634465,3.4444693606026053,"(2, 1, 1)(1, 0, 1, 7)",add
2021-04-08,SPECIAL BREAD,7.0,7.886885170241755,9.61049556975886,"(2, 1, 1)(1, 0, 1, 7)",add
2021-04-09,SPECIAL BREAD,9.0,6.904422463990694,8.670240125938033,"(2, 1, 1)(1, 0, 1, 7)",add
2021-04-10,SPECIAL BREAD,9.0,11.025160826087184,12.08307874472807,"(2, 1, 1)(1, 0, 1, 7)",add
2021-04-11,SPECIAL BREAD,10.0,11.462541606782263,11.916801566326889,"(2, 1, 1)(1, 0, 1, 7)",add
2021-04-12,SPECIAL BREAD,9.0,8.350049465514585,8.110175781758704,"(2, 1, 1)(1, 0, 1, 7)",add
2021-04-13,SPECIAL BREAD,7.0,7.90521177209051,7.738789756231937,"(2, 1, 1)(1, 0, 1, 7)",add
2021-04-14,SPECIAL BREAD,7.0,1.2673236845921592,0.17161959982953068,"(2, 1, 1)(1, 0, 1, 7)",add
2021-04-15,SPECIAL BREAD,6.0,9.18389998227066,9.248036470971368,"(2, 1, 1)(1, 0, 1, 7)",add
2021-04-16,SPECIAL BREAD,10.0,8.586213422735531,8.467128077283693,"(2, 1, 1)(1, 0, 1, 7)",add
2021-04-17,SPECIAL BREAD,6.0,10.784117123119398,11.82193662953416,"(2, 1, 1)(1, 0, 1, 7)",add
2021-04-18,SPECIAL BREAD,19.0,10.464125207457737,11.037499125488665,"(2, 1, 1)(1, 0, 1, 7)",add
2021-04-19,SPECIAL BREAD,4.0,10.764893543655125,10.257541775170484,"(2, 1, 1)(1, 0, 1, 7)",add
2021-04-20,SPECIAL BREAD,10.0,8.481864801365486,7.742120964308633,"(2, 1, 1)(1, 0, 1, 7)",add
2021-04-21,SPECIAL BREAD,4.0,2.3040579194199253,1.8561131293697866,"(2, 1, 1)(1, 0, 1, 7)",add
2021-04-22,SPECIAL BREAD,11.0,8.51177133001178,8.50364712233249,"(2, 1, 1)(1, 0, 1, 7)",add
2021-04-23,SPECIAL BREAD,7.0,9.828694361854971,9.840419371810155,"(2, 1, 1)(1, 0, 1, 7)",add
2021-04-24,SPECIAL BREAD,13.0,10.344177661825487,11.160884174142964,"(2, 1, 1)(1, 0, 1, 7)",add
2021-04-25,SPECIAL BREAD,13.0,13.529605679717502,14.042483300287238,"(2, 1, 1)(1, 0, 1, 7)",add
2021-04-26,SPECIAL BREAD,5.0,9.65767703076016,9.178642559437474,"(2, 1, 1)(1, 0, 1, 7)",add
2021-04-27,SPECIAL BREAD,10.0,7.817874797252024,8.200582739701115,"(2, 1, 1)(1, 0, 1, 7)",add
2021-04-28,SPECIAL BREAD,6.0,3.08864987404211,2.175965193699798,"(2, 1, 1)(1, 0, 1, 7)",add
2021-04-29,SPECIAL BREAD,4.0,9.676720372333925,9.324050939245785,"(2, 1, 1)(1, 0, 1, 7)",add
2021-04-30,SPECIAL BREAD,6.0,7.638279440596163,7.9109787340349005,"(2, 1, 1)(1, 0, 1, 7)",add
2021-05-01,SPECIAL BREAD,7.0,8.69313585074179,10.017902204749177,"(2, 1, 1)(1, 0, 1, 7)",add
2021-05-02,SPECIAL BREAD,4.0,10.990723837416944,11.240844982818935,"(2, 1, 1)(1, 0, 1, 7)",add
2021-05-03,SPECIAL BREAD,8.0,4.2348269438880815,4.3217817648314725,"(2, 1, 1)(1, 0, 1, 7)",add
2021-05-04,SPECIAL BREAD,8.0,6.497816068902733,6.176425146595658,"(2, 1, 1)(1, 0, 1, 7)",add
2021-05-05,SPECIAL BREAD,7.0,3.245887613764576,0.3884764661649305,"(2, 1, 1)(1, 0, 1, 7)",add
2021-05-06,SPECIAL BREAD,8.0,8.112554055365361,7.2611166444680535,"(2, 1, 1)(1, 0, 1, 7)",add
2021-05-07,SPECIAL BREAD,7.0,8.500580499409134,7.897612649382207,"(2, 1, 1)(1, 0, 1, 7)",add
2021-05-08,SPECIAL BREAD,14.0,9.386330091925775,10.156509748066014,"(2, 1, 1)(1, 0, 1, 7)",add
2021-05-09,SPECIAL BREAD,15.0,12.176456495039194,12.780221861096173,"(2, 1, 1)(1, 0, 1, 7)",add
2021-05-10,SPECIAL BREAD,7.0,10.278586543041957,9.694851106984206,"(2, 1, 1)(1, 0, 1, 7)",add
2021-05-11,SPECIAL BREAD,9.0,9.42812053148296,9.591999868212252,"(2, 1, 1)(1, 0, 1, 7)",add
2021-05-12,SPECIAL BREAD,10.0,4.474131367505835,3.6860110761125746,"(2, 1, 1)(1, 0, 1, 7)",add
2021-05-13,SPECIAL BREAD,16.0,9.724243997979428,9.809821482432035,"(2, 1, 1)(1, 0, 1, 7)",add
2021-05-14,SPECIAL BREAD,20.0,12.094286050528044,11.75448644876931,"(2, 1, 1)(1, 0, 1, 7)",add
2021-05-15,SPECIAL BREAD,19.0,17.006296979732067,17.058082804831827,"(2, 1, 1)(1, 0, 1, 7)",add
2021-05-16,SPECIAL BREAD,16.0,18.375021251170615,18.976108308375082,"(2, 1, 1)(1, 0, 1, 7)",add
2021-05-17,SPECIAL BREAD,0.0,12.514754727069322,13.908199061254628,"(2, 1, 1)(1, 0, 1, 7)",add
2021-05-18,SPECIAL BREAD,0.0,8.414882594254625,10.970878492544033,"(2, 1, 1)(1, 0, 1, 7)",add
2021-05-19,SPECIAL BREAD,0.0,1.6403477410759448,3.0048932098749015,"(2, 1, 1)(1, 0, 1, 7)",add
2021-05-20,SPECIAL BREAD,0.0,5.703908655823678,6.560473295620229,"(2, 1, 1)(1, 0, 1, 7)",add
2021-05-21,SPECIAL BREAD,7.0,5.691035107231293,5.243918537279137,"(2, 1, 1)(1, 0, 1, 7)",add
2021-05-22,SPECIAL BREAD,10.0,8.651697398681414,8.052613713954958,"(2, 1, 1)(1, 0, 1, 7)",add
2021-05-23,SPECIAL BREAD,15.0,10.919427269619113,9.413326416827871,"(2, 1, 1)(1, 0, 1, 7)",add
2021-05-24,SPECIAL BREAD,14.0,6.9290849913858565,5.450182690639635,"(2, 1, 1)(1, 0, 1, 7)",add
2021-05-25,SPECIAL BREAD,9.0,10.37171584947317,9.002012897892364,"(2, 1, 1)(1, 0, 1, 7)",add
2021-05-26,SPECIAL BREAD,8.0,7.129416848809854,4.94756198594828,"(2, 1, 1)(1, 0, 1, 7)",add
2021-05-27,SPECIAL BREAD,9.0,9.321143040431712,9.759359825037729,"(2, 1, 1)(1, 0, 1, 7)",add
2021-05-28,SPECIAL BREAD,8.0,10.828304367521396,10.977771562136928,"(2, 1, 1)(1, 0, 1, 7)",add
2021-05-29,SPECIAL BREAD,8.0,11.638408844555798,12.510727453065849,"(2, 1, 1)(1, 0, 1, 7)",add
2021-05-30,SPECIAL BREAD,13.0,11.502237157832953,12.51488532779466,"(2, 1, 1)(1, 0, 1, 7)",add
2021-05-31,SPECIAL BREAD,8.0,7.353293113110853,7.490170626746308,"(2, 1, 1)(1, 0, 1, 7)",add
2021-06-01,SPECIAL BREAD,8.0,7.9500829038292045,7.866660037897501,"(2, 1, 1)(1, 0, 1, 7)",add
2021-06-02,SPECIAL BREAD,6.0,5.621328079155956,4.196369961076136,"(2, 1, 1)(1, 0, 1, 7)",add
2021-06-03,SPECIAL BREAD,5.0,8.308570031706463,8.232772313897504,"(2, 1, 1)(1, 0, 1, 7)",add
2021-06-04,SPECIAL BREAD,8.0,8.410104767775545,8.52119216059336,"(2, 1, 1)(1, 0, 1, 7)",add
2021-06-05,SPECIAL BREAD,10.0,9.811742192277492,10.55327623015663,"(2, 1, 1)(1, 0, 1, 7)",add
2021-06-06,SPECIAL BREAD,14.0,12.101465450581971,12.209764373632325,"(2, 1, 1)(1, 0, 1, 7)",add
2021-06-07,SPECIAL BREAD,5.0,8.18334784411665,7.545571476248279,"(2, 1, 1)(1, 0, 1, 7)",add
2021-06-08,SPECIAL BREAD,8.0,7.137580155224477,7.041843787915859,"(2, 1, 1)(1, 0, 1, 7)",add
2021-06-09,SPECIAL BREAD,7.0,4.873305578339584,3.7874102647493784,"(2, 1, 1)(1, 0, 1, 7)",add
2021-06-10,SPECIAL BREAD,7.0,7.927843737812632,7.637724418986851,"(2, 1, 1)(1, 0, 1, 7)",add
2021-06-11,SPECIAL BREAD,8.0,9.081173758651234,8.945510927257438,"(2, 1, 1)(1, 0, 1, 7)",add
2021-06-12,SPECIAL BREAD,9.0,10.201624139238735,10.857650186019015,"(2, 1, 1)(1, 0, 1, 7)",add
2021-06-13,SPECIAL BREAD,15.0,11.94725484520379,12.422911561301426,"(2, 1, 1)(1, 0, 1, 7)",add
2021-06-14,SPECIAL BREAD,9.0,7.775802772714124,7.4817258306769645,"(2, 1, 1)(1, 0, 1, 7)",add
2021-06-15,SPECIAL BREAD,8.0,8.859981298597601,8.48994763598734,"(2, 1, 1)(1, 0, 1, 7)",add
2021-06-16,SPECIAL BREAD,6.0,6.322114222068182,5.09477164432835,"(2, 1, 1)(1, 0, 1, 7)",add
2021-06-17,SPECIAL BREAD,5.0,7.554798388881481,7.875180671922562,"(2, 1, 1)(1, 0, 1, 7)",add
2021-06-18,SPECIAL BREAD,6.0,8.035745621360602,8.53474250377579,"(2, 1, 1)(1, 0, 1, 7)",add
2021-06-19,SPECIAL BREAD,9.0,8.807064417973223,9.907655782639669,"(2, 1, 1)(1, 0, 1, 7)",add
2021-06-20,SPECIAL BREAD,10.0,11.797546661759705,12.237194229811884,"(2, 1, 1)(1, 0, 1, 7)",add
2021-06-21,SPECIAL BREAD,6.0,6.292641466698919,5.856179611200589,"(2, 1, 1)(1, 0, 1, 7)",add
2021-06-22,SPECIAL BREAD,4.0,6.351193258733346,6.259500093843495,"(2, 1, 1)(1, 0, 1, 7)",add
2021-06-23,SPECIAL BREAD,7.0,3.9572800421095984,2.5378441740182227,"(2, 1, 1)(1, 0, 1, 7)",add
2021-06-24,SPECIAL BREAD,10.0,6.107221876675571,5.8636024837025005,"(2, 1, 1)(1, 0, 1, 7)",add
2021-06-25,SPECIAL BREAD,9.0,9.201287583722799,8.483612474632274,"(2, 1, 1)(1, 0, 1, 7)",add
2021-06-26,SPECIAL BREAD,7.0,10.771488298794704,10.877671697679533,"(2, 1, 1)(1, 0, 1, 7)",add
2021-06-27,SPECIAL BREAD,13.0,11.385676958702945,12.242105324380194,"(2, 1, 1)(1, 0, 1, 7)",add
2021-06-28,SPECIAL BREAD,5.0,6.74497627227232,6.952541872576997,"(2, 1, 1)(1, 0, 1, 7)",add
2021-06-29,SPECIAL BREAD,7.0,6.376806909450481,6.508203836479882,"(2, 1, 1)(1, 0, 1, 7)",add
2021-06-30,SPECIAL BREAD,7.0,5.242856319212613,4.30438564624148,"(2, 1, 1)(1, 0, 1, 7)",add
2021-07-01,SPECIAL BREAD,8.0,7.5102049178845895,7.10894773143371,"(2, 1, 1)(1, 0, 1, 7)",add
2021-07-02,SPECIAL BREAD,10.0,8.548817846042095,8.428134001272857,"(2, 1, 1)(1, 0, 1, 7)",add
2021-07-03,SPECIAL BREAD,12.0,9.987861077148207,10.612207644438081,"(2, 1, 1)(1, 0, 1, 7)",add
2021-07-04,SPECIAL BREAD,11.0,13.48895365262191,13.946541332372327,"(2, 1, 1)(1, 0, 1, 7)",add
2021-07-05,SPECIAL BREAD,10.0,7.226485150437872,7.333674934147455,"(2, 1, 1)(1, 0, 1, 7)",add
2021-07-06,SPECIAL BREAD,8.0,7.860259160973207,8.43303579954313,"(2, 1, 1)(1, 0, 1, 7)",add
2021-07-07,SPECIAL BREAD,8.0,7.345351997237269,6.226144741263953,"(2, 1, 1)(1, 0, 1, 7)",add
2021-07-08,SPECIAL BREAD,12.0,8.454989203309296,8.573023041017061,"(2, 1, 1)(1, 0, 1, 7)",add
2021-07-09,SPECIAL BREAD,12.0,10.643860703913512,10.664624902704057,"(2, 1, 1)(1, 0, 1, 7)",add
2021-07-10,SPECIAL BREAD,10.0,12.297974904393975,12.762964614727684,"(2, 1, 1)(1, 0, 1, 7)",add
2021-07-11,SPECIAL BREAD,24.0,13.259601320566876,14.467149950647988,"(2, 1, 1)(1, 0, 1, 7)",add
2021-07-12,SPECIAL BREAD,15.0,11.99626018429223,11.912456138330272,"(2, 1, 1)(1, 0, 1, 7)",add
2021-07-13,SPECIAL BREAD,12.0,13.397362495566266,12.775100999390204,"(2, 1, 1)(1, 0, 1, 7)",add
2021-07-14,SPECIAL BREAD,20.0,10.89459261056663,10.72521363937955,"(2, 1, 1)(1, 0, 1, 7)",add
2021-07-15,SPECIAL BREAD,13.0,14.942682296804144,15.315818181421168,"(2, 1, 1)(1, 0, 1, 7)",add
2021-07-16,SPECIAL BREAD,16.0,15.270351562808663,15.595749429582227,"(2, 1, 1)(1, 0, 1, 7)",add
2021-07-17,SPECIAL BREAD,14.0,14.725241816254986,16.973207417660824,"(2, 1, 1)(1, 0, 1, 7)",add
2021-07-18,SPECIAL BREAD,22.0,18.45268261367374,20.016883241136313,"(2, 1, 1)(1, 0, 1, 7)",add
2021-07-19,SPECIAL BREAD,19.0,14.126193856170838,14.660574177256127,"(2, 1, 1)(1, 0, 1, 7)",add
2021-07-20,SPECIAL BREAD,16.0,15.254618245179078,15.427446715890575,"(2, 1, 1)(1, 0, 1, 7)",add
2021-07-21,SPECIAL BREAD,16.0,15.842288739426575,14.88885147184613,"(2, 1, 1)(1, 0, 1, 7)",add
2021-07-22,SPECIAL BREAD,19.0,15.444457083402666,15.92494323982095,"(2, 1, 1)(1, 0, 1, 7)",add
2021-07-23,SPECIAL BREAD,16.0,17.4439349962394,17.991498881973374,"(2, 1, 1)(1, 0, 1, 7)",add
2021-07-24,SPECIAL BREAD,13.0,17.092597596273677,18.328554323554123,"(2, 1, 1)(1, 0, 1, 7)",add
2021-07-25,SPECIAL BREAD,22.0,19.59752609460021,21.289829258769963,"(2, 1, 1)(1, 0, 1, 7)",add
2021-07-26,SPECIAL BREAD,20.0,15.63374643838579,15.85236142709462,"(2, 1, 1)(1, 0, 1, 7)",add
2021-07-27,SPECIAL BREAD,19.0,16.59530268818178,16.13865625848937,"(2, 1, 1)(1, 0, 1, 7)",add
2021-07-28,SPECIAL BREAD,12.0,17.902711357391684,16.288581303560758,"(2, 1, 1)(1, 0, 1, 7)",add
2021-07-29,SPECIAL BREAD,7.0,16.196680742980476,16.06783966507978,"(2, 1, 1)(1, 0, 1, 7)",add
2021-07-30,SPECIAL BREAD,11.0,12.868610929896244,14.23052550299989,"(2, 1, 1)(1, 0, 1, 7)",add
2021-07-31,SPECIAL BREAD,15.0,12.116005469493093,13.848809092699577,"(2, 1, 1)(1, 0, 1, 7)",add
2021-08-01,SPECIAL BREAD,22.0,19.31058015705495,19.272234126311982,"(2, 1, 1)(1, 0, 1, 7)",add
2021-08-02,SPECIAL BREAD,14.0,16.8377827308723,14.778341187851797,"(2, 1, 1)(1, 0, 1, 7)",add
2021-08-03,SPECIAL BREAD,22.0,15.03278739885525,13.568345143493966,"(2, 1, 1)(1, 0, 1, 7)",add
2021-08-04,SPECIAL BREAD,15.0,16.383520911195646,14.432594933009245,"(2, 1, 1)(1, 0, 1, 7)",add
2021-08-05,SPECIAL BREAD,17.0,16.331466355361663,14.999760162392105,"(2, 1, 1)(1, 0, 1, 7)",add
2021-08-06,SPECIAL BREAD,20.0,16.62818637903761,16.85930262567636,"(2, 1, 1)(1, 0, 1, 7)",add
2021-08-07,SPECIAL BREAD,20.0,18.284844129486583,18.721714010304538,"(2, 1, 1)(1, 0, 1, 7)",add
2021-08-08,SPECIAL BREAD,20.0,24.041646644642093,24.359112550287445,"(2, 1, 1)(1, 0, 1, 7)",add
2021-08-09,SPECIAL BREAD,16.0,17.695041434533465,17.524432949675983,"(2, 1, 1)(1, 0, 1, 7)",add
2021-08-10,SPECIAL BREAD,13.0,17.064003948834394,17.15643257073466,"(2, 1, 1)(1, 0, 1, 7)",add
2021-08-11,SPECIAL BREAD,16.0,14.322075481156949,13.676903896532513,"(2, 1, 1)(1, 0, 1, 7)",add
2021-08-12,SPECIAL BREAD,15.0,15.024780396152678,14.888083233744046,"(2, 1, 1)(1, 0, 1, 7)",add
2021-08-13,SPECIAL BREAD,5.0,17.025791074198683,16.35965012572909,"(2, 1, 1)(1, 0, 1, 7)",add
2021-08-14,SPECIAL BREAD,15.0,13.26886802498543,14.036122245726128,"(2, 1, 1)(1, 0, 1, 7)",add
2021-08-15,SPECIAL BREAD,19.0,17.777591680321084,18.9467955983773,"(2, 1, 1)(1, 0, 1, 7)",add
2021-08-16,SPECIAL BREAD,15.0,15.459836451416354,13.643555374503457,"(2, 1, 1)(1, 0, 1, 7)",add
2021-08-17,SPECIAL BREAD,9.0,15.362853391964654,13.766097680818286,"(2, 1, 1)(1, 0, 1, 7)",add
2021-08-18,SPECIAL BREAD,14.0,12.554546281171335,10.855707128495332,"(2, 1, 1)(1, 0, 1, 7)",add
2021-08-19,SPECIAL BREAD,13.0,12.847906509238104,12.040718107927189,"(2, 1, 1)(1, 0, 1, 7)",add
2021-08-20,SPECIAL BREAD,9.0,13.333722415379635,12.441075291884399,"(2, 1, 1)(1, 0, 1, 7)",add
2021-08-21,SPECIAL BREAD,16.0,13.758550935821594,13.688170770509512,"(2, 1, 1)(1, 0, 1, 7)",add
2021-08-22,SPECIAL BREAD,15.0,18.66152221341265,18.864821428541884,"(2, 1, 1)(1, 0, 1, 7)",add
2021-08-23,SPECIAL BREAD,15.0,13.936453454451394,12.635791530446273,"(2, 1, 1)(1, 0, 1, 7)",add
2021-08-24,SPECIAL BREAD,15.0,12.969984888821948,12.33887111719515,"(2, 1, 1)(1, 0, 1, 7)",add
2021-08-25,SPECIAL BREAD,8.0,14.371892832150374,12.362989158383572,"(2, 1, 1)(1, 0, 1, 7)",add
2021-08-26,SPECIAL BREAD,11.0,12.068478153569625,11.242097160444104,"(2, 1, 1)(1, 0, 1, 7)",add
2021-08-27,SPECIAL BREAD,8.0,10.223737204296436,10.81318320392478,"(2, 1, 1)(1, 0, 1, 7)",add
2021-08-28,SPECIAL BREAD,11.0,12.856973361355191,12.886049368759446,"(2, 1, 1)(1, 0, 1, 7)",add
2021-08-29,SPECIAL BREAD,16.0,15.614963209082294,16.210302665715822,"(2, 1, 1)(1, 0, 1, 7)",add
2021-08-30,SPECIAL BREAD,8.0,12.741624101971974,11.69069515420577,"(2, 1, 1)(1, 0, 1, 7)",add
2021-08-31,SPECIAL BREAD,6.0,10.733059481492084,9.767956390502393,"(2, 1, 1)(1, 0, 1, 7)",add
2021-09-01,SPECIAL BREAD,9.0,8.037233934471192,7.231843942192242,"(2, 1, 1)(1, 0, 1, 7)",add
2021-09-02,SPECIAL BREAD,2.0,9.19893435739799,8.259641908301507,"(2, 1, 1)(1, 0, 1, 7)",add
2021-09-03,SPECIAL BREAD,8.0,6.26442571810986,5.88927119262043,"(2, 1, 1)(1, 0, 1, 7)",add
2021-09-04,SPECIAL BREAD,10.0,9.33569710250044,9.417051742940489,"(2, 1, 1)(1, 0, 1, 7)",add
2021-09-05,SPECIAL BREAD,9.0,14.211455541315903,13.608426443201374,"(2, 1, 1)(1, 0, 1, 7)",add
2021-09-06,SPECIAL BREAD,10.0,8.463202422308427,7.487900408449302,"(2, 1, 1)(1, 0, 1, 7)",add
2021-09-07,SPECIAL BREAD,9.0,7.932367603263983,7.256473503408575,"(2, 1, 1)(1, 0, 1, 7)",add
2021-09-08,SPECIAL BREAD,10.0,8.717647023686116,6.860015854381174,"(2, 1, 1)(1, 0, 1, 7)",add
2021-09-09,SPECIAL BREAD,10.0,8.309267926938858,7.351650394875522,"(2, 1, 1)(1, 0, 1, 7)",add
2021-09-10,SPECIAL BREAD,8.0,8.813853055339411,8.373908535041934,"(2, 1, 1)(1, 0, 1, 7)",add
2021-09-11,SPECIAL BREAD,15.0,10.915282284712504,11.047093764764375,"(2, 1, 1)(1, 0, 1, 7)",add
2021-09-12,SPECIAL BREAD,14.0,14.642776496860979,15.572250980089155,"(2, 1, 1)(1, 0, 1, 7)",add
2021-09-13,SPECIAL BREAD,11.0,11.477013097267388,11.092965395589149,"(2, 1, 1)(1, 0, 1, 7)",add
2021-09-14,SPECIAL BREAD,2.0,9.736103111957778,10.060200927973062,"(2, 1, 1)(1, 0, 1, 7)",add
2021-09-15,SPECIAL BREAD,7.0,6.959288628785669,7.13536512987437,"(2, 1, 1)(1, 0, 1, 7)",add
2021-09-16,SPECIAL BREAD,2.0,5.861635387621945,6.673414696407877,"(2, 1, 1)(1, 0, 1, 7)",add
2021-09-17,SPECIAL BREAD,4.0,5.107874411984188,5.3454850127632305,"(2, 1, 1)(1, 0, 1, 7)",add
2021-09-18,SPECIAL BREAD,9.0,7.8354522910756526,8.24401140292917,"(2, 1, 1)(1, 0, 1, 7)",add
2021-09-19,SPECIAL BREAD,11.0,10.908517133031232,11.265145362942688,"(2, 1, 1)(1, 0, 1, 7)",add
2021-09-20,SPECIAL BREAD,5.0,8.265842709497711,7.31220150346434,"(2, 1, 1)(1, 0, 1, 7)",add
2021-09-21,SPECIAL BREAD,5.0,5.027339785664441,4.765899540044762,"(2, 1, 1)(1, 0, 1, 7)",add
2021-09-22,SPECIAL BREAD,2.0,5.640285134182655,5.014865559733222,"(2, 1, 1)(1, 0, 1, 7)",add
2021-09-23,SPECIAL BREAD,3.0,3.512822308516792,3.2480513848410966,"(2, 1, 1)(1, 0, 1, 7)",add
2021-09-24,SPECIAL BREAD,9.0,3.2532695435760384,3.5111825402335834,"(2, 1, 1)(1, 0, 1, 7)",add
2021-09-25,SPECIAL BREAD,7.0,9.08563882860273,8.521666603674063,"(2, 1, 1)(1, 0, 1, 7)",add
2021-09-26,SPECIAL BREAD,11.0,10.782061053103767,10.802503703141042,"(2, 1, 1)(1, 0, 1, 7)",add
2021-09-27,SPECIAL BREAD,1.0,6.75189810288688,6.743765579246898,"(2, 1, 1)(1, 0, 1, 7)",add
2021-09-28,SPECIAL BREAD,4.0,3.2416653853894495,3.5462488100935734,"(2, 1, 1)(1, 0, 1, 7)",add
2021-09-29,SPECIAL BREAD,6.0,3.2073034446126782,3.486253196750562,"(2, 1, 1)(1, 0, 1, 7)",add
2021-09-30,SPECIAL BREAD,6.0,3.984581619372956,3.5491265852146663,"(2, 1, 1)(1, 0, 1, 7)",add
2021-10-01,SPECIAL BREAD,3.0,5.724832761996378,5.203844597721397,"(2, 1, 1)(1, 0, 1, 7)",add
2021-10-02,SPECIAL BREAD,4.0,7.111613388391985,7.309320363903805,"(2, 1, 1)(1, 0, 1, 7)",add
2021-10-03,SPECIAL BREAD,8.0,7.888522420260109,9.295529334547535,"(2, 1, 1)(1, 0, 1, 7)",add
2021-10-04,SPECIAL BREAD,7.0,3.6541014177754443,4.1524985714831075,"(2, 1, 1)(1, 0, 1, 7)",add
2021-10-05,SPECIAL BREAD,2.0,4.162160272133777,4.013910303918218,"(2, 1, 1)(1, 0, 1, 7)",add
2021-10-06,SPECIAL BREAD,5.0,4.071808147853753,3.51163409214158,"(2, 1, 1)(1, 0, 1, 7)",add
2021-10-07,SPECIAL BREAD,6.0,3.186148804546854,3.2863223368710166,"(2, 1, 1)(1, 0, 1, 7)",add
2021-10-08,SPECIAL BREAD,6.0,4.698467408017844,4.484177534427511,"(2, 1, 1)(1, 0, 1, 7)",add
2021-10-09,SPECIAL BREAD,9.0,7.228586724397382,7.483546918799927,"(2, 1, 1)(1, 0, 1, 7)",add
2021-10-10,SPECIAL BREAD,9.0,9.984738752574632,11.021243679639046,"(2, 1, 1)(1, 0, 1, 7)",add
2021-10-11,SPECIAL BREAD,5.0,5.731614708005928,6.150058607283203,"(2, 1, 1)(1, 0, 1, 7)",add
2021-10-12,SPECIAL BREAD,3.0,3.478226247039338,4.36342154667465,"(2, 1, 1)(1, 0, 1, 7)",add
2021-10-13,SPECIAL BREAD,3.0,4.0731651198481025,4.43738125440295,"(2, 1, 1)(1, 0, 1, 7)",add
2021-10-14,SPECIAL BREAD,1.0,3.227920595601483,3.5493935131341674,"(2, 1, 1)(1, 0, 1, 7)",add
2021-10-15,SPECIAL BREAD,4.0,2.7180480472957025,3.1686152340456757,"(2, 1, 1)(1, 0, 1, 7)",add
2021-10-16,SPECIAL BREAD,6.0,5.403113801615706,5.980462420616972,"(2, 1, 1)(1, 0, 1, 7)",add
2021-10-17,SPECIAL BREAD,8.0,7.9794209407995025,8.705906035182206,"(2, 1, 1)(1, 0, 1, 7)",add
2021-10-18,SPECIAL BREAD,6.0,4.253009779713583,4.2942233975215105,"(2, 1, 1)(1, 0, 1, 7)",add
2021-10-19,SPECIAL BREAD,1.0,3.1927270929287057,3.266083451607838,"(2, 1, 1)(1, 0, 1, 7)",add
2021-10-20,SPECIAL BREAD,2.0,3.1597757362755057,3.08423371872385,"(2, 1, 1)(1, 0, 1, 7)",add
2021-10-21,SPECIAL BREAD,6.0,1.7365516849482288,2.166685635923217,"(2, 1, 1)(1, 0, 1, 7)",add
2021-10-22,SPECIAL BREAD,6.0,4.013494232128898,3.919451185161595,"(2, 1, 1)(1, 0, 1, 7)",add
2021-10-23,SPECIAL BREAD,1.0,7.119130548056828,6.981428708369723,"(2, 1, 1)(1, 0, 1, 7)",add
2021-10-24,SPECIAL BREAD,10.0,6.621459845505251,7.979671016097556,"(2, 1, 1)(1, 0, 1, 7)",add
2021-10-25,SPECIAL BREAD,8.0,3.8542907459010802,4.589235488884926,"(2, 1, 1)(1, 0, 1, 7)",add
2021-10-26,SPECIAL BREAD,7.0,3.8963257262387554,3.577102993434689,"(2, 1, 1)(1, 0, 1, 7)",add
2021-10-27,SPECIAL BREAD,6.0,5.400513620125184,5.08880329923651,"(2, 1, 1)(1, 0, 1, 7)",add
2021-10-28,SPECIAL BREAD,8.0,5.326500194632664,5.2769295661550215,"(2, 1, 1)(1, 0, 1, 7)",add
2021-10-29,SPECIAL BREAD,11.0,6.222371249754162,6.5262359276619275,"(2, 1, 1)(1, 0, 1, 7)",add
2021-10-30,SPECIAL BREAD,15.0,8.576904381651223,9.328112886604034,"(2, 1, 1)(1, 0, 1, 7)",add
2021-10-31,SPECIAL BREAD,10.0,13.42155834073362,14.429551498680711,"(2, 1, 1)(1, 0, 1, 7)",add
2021-11-01,SPECIAL BREAD,12.0,8.74069826399125,9.429291445726445,"(2, 1, 1)(1, 0, 1, 7)",add
2021-11-02,SPECIAL BREAD,8.0,6.695019130698723,8.188291084255916,"(2, 1, 1)(1, 0, 1, 7)",add
2021-11-03,SPECIAL BREAD,9.0,7.731556757787049,8.424827716112897,"(2, 1, 1)(1, 0, 1, 7)",add
2021-11-04,SPECIAL BREAD,7.0,7.912983227098714,8.7267294313797,"(2, 1, 1)(1, 0, 1, 7)",add
2021-11-05,SPECIAL BREAD,6.0,8.285482182643316,8.955337029135876,"(2, 1, 1)(1, 0, 1, 7)",add
2021-11-06,SPECIAL BREAD,7.0,8.505011939066947,9.857148593119568,"(2, 1, 1)(1, 0, 1, 7)",add
2021-11-07,SPECIAL BREAD,8.0,9.538415227468782,11.473131317059416,"(2, 1, 1)(1, 0, 1, 7)",add
2021-11-08,SPECIAL BREAD,5.0,7.010445416775167,7.53041751342409,"(2, 1, 1)(1, 0, 1, 7)",add
2021-11-09,SPECIAL BREAD,6.0,4.309654017891981,4.577784938931815,"(2, 1, 1)(1, 0, 1, 7)",add
2021-11-10,SPECIAL BREAD,5.0,5.553426397270192,5.3424852502104985,"(2, 1, 1)(1, 0, 1, 7)",add
2021-11-11,SPECIAL BREAD,8.0,5.786422414923688,5.131317023420186,"(2, 1, 1)(1, 0, 1, 7)",add
2021-11-12,SPECIAL BREAD,5.0,7.006089547543809,6.479855692493736,"(2, 1, 1)(1, 0, 1, 7)",add
2021-11-13,SPECIAL BREAD,7.0,7.866495360852042,7.79723069230533,"(2, 1, 1)(1, 0, 1, 7)",add
2021-11-14,SPECIAL BREAD,5.0,8.72883691040762,9.907814065258853,"(2, 1, 1)(1, 0, 1, 7)",add
2021-11-15,SPECIAL BREAD,4.0,5.45224305757683,5.678991851344812,"(2, 1, 1)(1, 0, 1, 7)",add
2021-11-16,SPECIAL BREAD,3.0,3.2815303972114855,3.4088407596902637,"(2, 1, 1)(1, 0, 1, 7)",add
2021-11-17,SPECIAL BREAD,0.0,3.906482190515937,3.4711623349194847,"(2, 1, 1)(1, 0, 1, 7)",add
2021-11-18,SPECIAL BREAD,5.0,3.35886090961087,2.767341554565615,"(2, 1, 1)(1, 0, 1, 7)",add
2021-11-19,SPECIAL BREAD,6.0,3.9568711932893117,3.4474519571464017,"(2, 1, 1)(1, 0, 1, 7)",add
2021-11-20,SPECIAL BREAD,7.0,6.708491171292625,5.947610255724866,"(2, 1, 1)(1, 0, 1, 7)",add
2021-11-21,SPECIAL BREAD,5.0,7.765557990960216,8.0980801621772,"(2, 1, 1)(1, 0, 1, 7)",add
2021-11-22,SPECIAL BREAD,3.0,4.74556968693148,4.732153866982797,"(2, 1, 1)(1, 0, 1, 7)",add
2021-11-23,SPECIAL BREAD,5.0,2.5013087145515334,2.5917530980039607,"(2, 1, 1)(1, 0, 1, 7)",add
2021-11-24,SPECIAL BREAD,0.0,3.293160716179048,3.0782380914752663,"(2, 1, 1)(1, 0, 1, 7)",add
2021-11-25,SPECIAL BREAD,5.0,3.73840215991704,3.1302097717781154,"(2, 1, 1)(1, 0, 1, 7)",add
2021-11-26,SPECIAL BREAD,5.0,3.9729762332915173,3.7472111044548067,"(2, 1, 1)(1, 0, 1, 7)",add
2021-11-27,SPECIAL BREAD,8.0,6.103869548307133,5.720669565454097,"(2, 1, 1)(1, 0, 1, 7)",add
2021-11-28,SPECIAL BREAD,10.0,7.0899195167484,7.735826942689499,"(2, 1, 1)(1, 0, 1, 7)",add
2021-11-29,SPECIAL BREAD,5.0,6.162125956703086,5.994815515121145,"(2, 1, 1)(1, 0, 1, 7)",add
2021-11-30,SPECIAL BREAD,6.0,4.73856179604355,4.526961855980092,"(2, 1, 1)(1, 0, 1, 7)",add
2021-12-01,SPECIAL BREAD,0.0,3.641704986849306,4.1337173693193705,"(2, 1, 1)(1, 0, 1, 7)",add
2021-12-02,SPECIAL BREAD,5.0,4.236416838851765,4.458619276763768,"(2, 1, 1)(1, 0, 1, 7)",add
2021-12-03,SPECIAL BREAD,6.0,4.199794534883366,4.6414170654073885,"(2, 1, 1)(1, 0, 1, 7)",add
2021-12-04,SPECIAL BREAD,6.0,6.773284846467767,6.760513067836311,"(2, 1, 1)(1, 0, 1, 7)",add
2021-12-05,SPECIAL BREAD,12.0,7.17732499550425,7.940773811864339,"(2, 1, 1)(1, 0, 1, 7)",add
2021-12-06,SPECIAL BREAD,0.0,6.232635682383496,6.321455515892738,"(2, 1, 1)(1, 0, 1, 7)",add
2021-12-07,SPECIAL BREAD,0.0,3.8512357524319363,3.674062165995459,"(2, 1, 1)(1, 0, 1, 7)",add
2021-12-08,SPECIAL BREAD,0.0,-0.15443350855942925,1.2330077080660842,"(2, 1, 1)(1, 0, 1, 7)",add
2021-12-09,SPECIAL BREAD,2.0,2.6512169264042695,2.8841586519332467,"(2, 1, 1)(1, 0, 1, 7)",add
2021-12-10,SPECIAL BREAD,6.0,3.1847081513596964,2.7690928043513465,"(2, 1, 1)(1, 0, 1, 7)",add
2021-12-11,SPECIAL BREAD,6.0,5.550374376341343,5.160581326304569,"(2, 1, 1)(1, 0, 1, 7)",add
2021-12-12,SPECIAL BREAD,10.0,7.562937491662298,7.327002761648663,"(2, 1, 1)(1, 0, 1, 7)",add
2021-12-13,SPECIAL BREAD,4.0,4.294385910499355,4.148233042229332,"(2, 1, 1)(1, 0, 1, 7)",add
2021-12-14,SPECIAL BREAD,6.0,3.795346293334389,3.493635758395103,"(2, 1, 1)(1, 0, 1, 7)",add
2021-12-15,SPECIAL BREAD,0.0,2.6805827426603286,3.0239065493706256,"(2, 1, 1)(1, 0, 1, 7)",add
2021-12-16,SPECIAL BREAD,8.0,3.964595686103971,4.223837707540342,"(2, 1, 1)(1, 0, 1, 7)",add
2021-12-17,SPECIAL BREAD,7.0,5.67428368656479,5.853669504301031,"(2, 1, 1)(1, 0, 1, 7)",add
2021-12-18,SPECIAL BREAD,8.0,7.5667603834684805,7.402074158014432,"(2, 1, 1)(1, 0, 1, 7)",add
2021-12-19,SPECIAL BREAD,9.0,9.068157015258288,9.710646912520811,"(2, 1, 1)(1, 0, 1, 7)",add
2021-12-20,SPECIAL BREAD,12.0,4.75969179999736,5.283909399531904,"(2, 1, 1)(1, 0, 1, 7)",add
2021-12-21,SPECIAL BREAD,7.0,6.910072725262899,6.812346936612422,"(2, 1, 1)(1, 0, 1, 7)",add
2021-12-22,SPECIAL BREAD,8.0,5.022514092857115,5.078716331111674,"(2, 1, 1)(1, 0, 1, 7)",add
2021-12-23,SPECIAL BREAD,12.0,8.030032884520715,8.680792140567865,"(2, 1, 1)(1, 0, 1, 7)",add
2021-12-24,SPECIAL BREAD,18.0,9.811530559983593,9.886564500954046,"(2, 1, 1)(1, 0, 1, 7)",add
2021-12-25,SPECIAL BREAD,9.0,13.061625431541428,13.282232924599493,"(2, 1, 1)(1, 0, 1, 7)",add
2021-12-26,SPECIAL BREAD,12.0,13.03866279813852,14.104542299245365,"(2, 1, 1)(1, 0, 1, 7)",add
2021-12-27,SPECIAL BREAD,11.0,8.327632866834723,10.13962427036435,"(2, 1, 1)(1, 0, 1, 7)",add
2021-12-28,SPECIAL BREAD,11.0,8.455566402732419,9.32130514371821,"(2, 1, 1)(1, 0, 1, 7)",add
2021-12-29,SPECIAL BREAD,10.0,7.680177009791371,8.306955586815503,"(2, 1, 1)(1, 0, 1, 7)",add
2021-12-30,SPECIAL BREAD,10.0,11.290234062539163,11.617604126846539,"(2, 1, 1)(1, 0, 1, 7)",add
2021-12-31,SPECIAL BREAD,16.0,11.922230134419904,12.015017448338423,"(2, 1, 1)(1, 0, 1, 7)",add
2022-01-01,SPECIAL BREAD,0.0,12.138871090934625,12.870679671045925,"(2, 1, 1)(1, 0, 1, 7)",add
2022-01-02,SPECIAL BREAD,14.0,10.072937622012589,11.586468427129184,"(2, 1, 1)(1, 0, 1, 7)",add
2022-01-03,SPECIAL BREAD,6.0,7.732557967962013,9.19677449279522,"(2, 1, 1)(1, 0, 1, 7)",add
2022-01-04,SPECIAL BREAD,2.0,8.079113354745228,7.359434562032861,"(2, 1, 1)(1, 0, 1, 7)",add
2022-01-05,SPECIAL BREAD,0.0,4.11808615981273,4.4176724000271905,"(2, 1, 1)(1, 0, 1, 7)",add
2022-01-06,SPECIAL BREAD,7.0,5.456022903558087,5.677294189022604,"(2, 1, 1)(1, 0, 1, 7)",add
2022-01-07,SPECIAL BREAD,4.0,8.686219767834542,7.517196480781631,"(2, 1, 1)(1, 0, 1, 7)",add
2022-01-08,SPECIAL BREAD,4.0,4.898565155589353,4.4013982115107675,"(2, 1, 1)(1, 0, 1, 7)",add
2022-01-09,SPECIAL BREAD,5.0,8.2483854253068,8.271497392068502,"(2, 1, 1)(1, 0, 1, 7)",add
2022-01-10,SPECIAL BREAD,4.0,4.637549000303672,3.686152079357787,"(2, 1, 1)(1, 0, 1, 7)",add
2022-01-11,SPECIAL BREAD,9.0,3.3907555465310786,2.5652870289884158,"(2, 1, 1)(1, 0, 1, 7)",add
2022-01-12,SPECIAL BREAD,0.0,4.397389956028131,2.963127340338098,"(2, 1, 1)(1, 0, 1, 7)",add
2022-01-13,SPECIAL BREAD,2.0,6.618612479674617,5.273669382075263,"(2, 1, 1)(1, 0, 1, 7)",add
2022-01-14,SPECIAL BREAD,4.0,5.583808371793873,5.303840866945829,"(2, 1, 1)(1, 0, 1, 7)",add
2022-01-15,SPECIAL BREAD,5.0,2.9045287721957767,3.148722650401933,"(2, 1, 1)(1, 0, 1, 7)",add
2022-01-16,SPECIAL BREAD,6.0,7.320504351740224,7.310129883512514,"(2, 1, 1)(1, 0, 1, 7)",add
2022-01-17,SPECIAL BREAD,13.0,4.546585115765083,3.669750949947101,"(2, 1, 1)(1, 0, 1, 7)",add
2022-01-18,SPECIAL BREAD,6.0,7.087227773662543,5.715627558933184,"(2, 1, 1)(1, 0, 1, 7)",add
2022-01-19,SPECIAL BREAD,0.0,4.699525866745811,3.359922283470339,"(2, 1, 1)(1, 0, 1, 7)",add
2022-01-20,SPECIAL BREAD,6.0,4.927625364253535,5.526423519307382,"(2, 1, 1)(1, 0, 1, 7)",add
2022-01-21,SPECIAL BREAD,4.0,6.4095733220086455,6.80747971326163,"(2, 1, 1)(1, 0, 1, 7)",add
2022-01-22,SPECIAL BREAD,7.0,4.152945179856228,4.598738247208482,"(2, 1, 1)(1, 0, 1, 7)",add
2022-01-23,SPECIAL BREAD,9.0,7.683721829818519,8.551672116463013,"(2, 1, 1)(1, 0, 1, 7)",add
2022-01-24,SPECIAL BREAD,8.0,7.421839344993337,6.602274961158811,"(2, 1, 1)(1, 0, 1, 7)",add
2022-01-25,SPECIAL BREAD,8.0,6.101112538152248,5.4461288462446635,"(2, 1, 1)(1, 0, 1, 7)",add
2022-01-26,SPECIAL BREAD,0.0,3.4984592819289624,3.298374441384738,"(2, 1, 1)(1, 0, 1, 7)",add
2022-01-27,SPECIAL BREAD,4.0,5.563550215991917,5.917327185366989,"(2, 1, 1)(1, 0, 1, 7)",add
2022-01-28,SPECIAL BREAD,6.0,5.33097772263443,6.170262664694908,"(2, 1, 1)(1, 0, 1, 7)",add
2022-01-29,SPECIAL BREAD,9.0,4.792641214824723,5.276186313306619,"(2, 1, 1)(1, 0, 1, 7)",add
2022-01-30,SPECIAL BREAD,8.0,8.999038452729346,9.369708769947078,"(2, 1, 1)(1, 0, 1, 7)",add
2022-01-31,SPECIAL BREAD,4.0,7.728123040629972,7.029891189591951,"(2, 1, 1)(1, 0, 1, 7)",add
2022-02-01,SPECIAL BREAD,4.0,4.9175521680807,4.791570903767557,"(2, 1, 1)(1, 0, 1, 7)",add
2022-02-02,SPECIAL BREAD,0.0,0.6784191976317078,1.06191949009437,"(2, 1, 1)(1, 0, 1, 7)",add
2022-02-03,SPECIAL BREAD,5.0,4.13384614243376,4.450771971783294,"(2, 1, 1)(1, 0, 1, 7)",add
2022-02-04,SPECIAL BREAD,4.0,5.519054958468679,5.578262930423793,"(2, 1, 1)(1, 0, 1, 7)",add
2022-02-05,SPECIAL BREAD,7.0,4.876183841298195,4.740740684568065,"(2, 1, 1)(1, 0, 1, 7)",add
2022-02-06,SPECIAL BREAD,8.0,7.434165354146173,7.854098625931595,"(2, 1, 1)(1, 0, 1, 7)",add
2022-02-07,SPECIAL BREAD,5.0,6.389751917971337,5.741047872195645,"(2, 1, 1)(1, 0, 1, 7)",add
2022-02-08,SPECIAL BREAD,8.0,4.8786384647929495,4.384394017736677,"(2, 1, 1)(1, 0, 1, 7)",add
2022-02-09,SPECIAL BREAD,0.0,2.053941202607028,1.8319636161300616,"(2, 1, 1)(1, 0, 1, 7)",add
2022-02-10,SPECIAL BREAD,6.0,5.1419644423871365,5.192825853094065,"(2, 1, 1)(1, 0, 1, 7)",add
2022-02-11,SPECIAL BREAD,3.0,5.543275655393119,6.149279221310255,"(2, 1, 1)(1, 0, 1, 7)",add
2022-02-12,SPECIAL BREAD,10.0,5.1161570406624755,5.31720492110034,"(2, 1, 1)(1, 0, 1, 7)",add
2022-02-13,SPECIAL BREAD,14.0,8.222085697843266,8.854685969586711,"(2, 1, 1)(1, 0, 1, 7)",add
2022-02-14,SPECIAL BREAD,7.0,8.958961932765781,8.011117554421654,"(2, 1, 1)(1, 0, 1, 7)",add
2022-02-15,SPECIAL BREAD,10.0,7.748726835671867,7.075467561729465,"(2, 1, 1)(1, 0, 1, 7)",add
2022-02-16,SPECIAL BREAD,0.0,3.308383516976467,3.7146431599070597,"(2, 1, 1)(1, 0, 1, 7)",add
2022-02-17,SPECIAL BREAD,10.0,6.105332702521808,6.859364519832927,"(2, 1, 1)(1, 0, 1, 7)",add
2022-02-18,SPECIAL BREAD,9.0,6.8017587596431115,8.00583083099464,"(2, 1, 1)(1, 0, 1, 7)",add
2022-02-19,SPECIAL BREAD,13.0,9.284567150909808,9.199333305897516,"(2, 1, 1)(1, 0, 1, 7)",add
2022-02-20,SPECIAL BREAD,9.0,12.127402643777595,12.54759034870869,"(2, 1, 1)(1, 0, 1, 7)",add
2022-02-21,SPECIAL BREAD,8.0,8.378331395373657,8.621904504577227,"(2, 1, 1)(1, 0, 1, 7)",add
2022-02-22,SPECIAL BREAD,13.0,7.768724483247503,8.240120973457534,"(2, 1, 1)(1, 0, 1, 7)",add
2022-02-23,SPECIAL BREAD,0.0,4.591659412100842,4.627958981649224,"(2, 1, 1)(1, 0, 1, 7)",add
2022-02-24,SPECIAL BREAD,9.0,7.92344864003229,8.301287148864096,"(2, 1, 1)(1, 0, 1, 7)",add
2022-02-25,SPECIAL BREAD,9.0,7.282744522836438,8.534567271905047,"(2, 1, 1)(1, 0, 1, 7)",add
2022-02-26,SPECIAL BREAD,14.0,10.025060918352048,9.90204015216732,"(2, 1, 1)(1, 0, 1, 7)",add
2022-02-27,SPECIAL BREAD,10.0,12.267780516170477,12.496833258522578,"(2, 1, 1)(1, 0, 1, 7)",add
2022-02-28,SPECIAL BREAD,10.0,9.282885619859758,9.191575515709346,"(2, 1, 1)(1, 0, 1, 7)",add
2022-03-01,SPECIAL BREAD,10.0,9.890658398404252,9.813329580488533,"(2, 1, 1)(1, 0, 1, 7)",add
2022-03-02,SPECIAL BREAD,5.0,3.8653425670207646,3.8810261308194605,"(2, 1, 1)(1, 0, 1, 7)",add
2022-03-03,SPECIAL BREAD,5.0,9.321318888874641,9.734744574053073,"(2, 1, 1)(1, 0, 1, 7)",add
2022-03-04,SPECIAL BREAD,10.0,7.776132276677574,8.452291036673248,"(2, 1, 1)(1, 0, 1, 7)",add
2022-03-05,SPECIAL BREAD,9.0,10.283877757260084,10.529145936099159,"(2, 1, 1)(1, 0, 1, 7)",add
2022-03-06,SPECIAL BREAD,15.0,10.675164779223246,10.832300948025852,"(2, 1, 1)(1, 0, 1, 7)",add
2022-03-07,SPECIAL BREAD,9.0,10.008532519820653,9.729249739693573,"(2, 1, 1)(1, 0, 1, 7)",add
2022-03-08,SPECIAL BREAD,4.0,10.949442626561638,9.858903987682002,"(2, 1, 1)(1, 0, 1, 7)",add
2022-03-09,SPECIAL BREAD,3.0,2.1308670779201964,2.3755347280469596,"(2, 1, 1)(1, 0, 1, 7)",add
2022-03-10,SPECIAL BREAD,4.0,6.49221845544907,7.428585844010467,"(2, 1, 1)(1, 0, 1, 7)",add
2022-03-11,SPECIAL BREAD,0.0,7.1821632839558385,7.217975582885835,"(2, 1, 1)(1, 0, 1, 7)",add
2022-03-12,SPECIAL BREAD,3.0,6.294889593741017,6.542682747227152,"(2, 1, 1)(1, 0, 1, 7)",add
2022-03-13,SPECIAL BREAD,7.0,6.508347540765393,6.941263613098389,"(2, 1, 1)(1, 0, 1, 7)",add
2022-03-14,SPECIAL BREAD,7.0,5.130085537642474,4.155591956984053,"(2, 1, 1)(1, 0, 1, 7)",add
2022-03-15,SPECIAL BREAD,5.0,6.406868007832149,4.681872705773708,"(2, 1, 1)(1, 0, 1, 7)",add
2022-03-16,SPECIAL BREAD,2.0,1.3702258433792833,-0.37179289496693446,"(2, 1, 1)(1, 0, 1, 7)",add
2022-03-17,SPECIAL BREAD,4.0,5.174268534670679,4.6996449829508675,"(2, 1, 1)(1, 0, 1, 7)",add
2022-03-18,SPECIAL BREAD,5.0,5.002678825241299,4.80642516749232,"(2, 1, 1)(1, 0, 1, 7)",add
2022-03-19,SPECIAL BREAD,5.0,6.694109931443787,6.580130368698433,"(2, 1, 1)(1, 0, 1, 7)",add
2022-03-20,SPECIAL BREAD,8.0,7.88578210316694,7.9258287600655635,"(2, 1, 1)(1, 0, 1, 7)",add
2022-03-21,SPECIAL BREAD,6.0,5.896603181877474,5.4609101512519285,"(2, 1, 1)(1, 0, 1, 7)",add
2022-03-22,SPECIAL BREAD,6.0,5.808318431968964,5.068289383454802,"(2, 1, 1)(1, 0, 1, 7)",add
2022-03-23,SPECIAL BREAD,2.0,1.405484825583013,0.4161457714503909,"(2, 1, 1)(1, 0, 1, 7)",add
2022-03-24,SPECIAL BREAD,3.0,4.971545861569167,4.922628928895481,"(2, 1, 1)(1, 0, 1, 7)",add
2022-03-25,SPECIAL BREAD,6.0,4.440307620565027,4.795700324478897,"(2, 1, 1)(1, 0, 1, 7)",add
2022-03-26,SPECIAL BREAD,8.0,6.259029696120884,6.644892000347598,"(2, 1, 1)(1, 0, 1, 7)",add
2022-03-27,SPECIAL BREAD,10.0,8.89914072376048,8.983064511206404,"(2, 1, 1)(1, 0, 1, 7)",add
2022-03-28,SPECIAL BREAD,6.0,7.233684564398658,6.829369575266427,"(2, 1, 1)(1, 0, 1, 7)",add
2022-03-29,SPECIAL BREAD,7.0,6.341183444114515,6.106286742859769,"(2, 1, 1)(1, 0, 1, 7)",add
2022-03-30,SPECIAL BREAD,4.0,1.9766058135782192,1.5178286087248738,"(2, 1, 1)(1, 0, 1, 7)",add
2022-03-31,SPECIAL BREAD,5.0,5.607839765569111,5.872101724452891,"(2, 1, 1)(1, 0, 1, 7)",add
2022-04-01,SPECIAL BREAD,6.0,5.931537010873327,6.388404468760373,"(2, 1, 1)(1, 0, 1, 7)",add
2022-04-02,SPECIAL BREAD,8.0,7.1307946159458275,7.9246517481779195,"(2, 1, 1)(1, 0, 1, 7)",add
2022-04-03,SPECIAL BREAD,7.0,8.874043045297046,9.85298505793353,"(2, 1, 1)(1, 0, 1, 7)",add
2022-04-04,SPECIAL BREAD,3.0,6.59517352859082,7.210776894456717,"(2, 1, 1)(1, 0, 1, 7)",add
2022-04-05,SPECIAL BREAD,6.0,6.474413990526928,6.910797201328743,"(2, 1, 1)(1, 0, 1, 7)",add
2022-04-06,SPECIAL BREAD,0.0,2.460278285810748,2.257874928224025,"(2, 1, 1)(1, 0, 1, 7)",add
2022-04-07,SPECIAL BREAD,3.0,4.936036135822535,5.64978572084936,"(2, 1, 1)(1, 0, 1, 7)",add
2022-04-08,SPECIAL BREAD,4.0,5.536859591812857,6.405118141065939,"(2, 1, 1)(1, 0, 1, 7)",add
2022-04-09,SPECIAL BREAD,6.0,6.944757265817818,7.941365420483486,"(2, 1, 1)(1, 0, 1, 7)",add
2022-04-10,SPECIAL BREAD,8.0,8.638660217614566,9.869698730239095,"(2, 1, 1)(1, 0, 1, 7)",add
2022-04-11,SPECIAL BREAD,8.0,6.467790033356153,7.227490566762283,"(2, 1, 1)(1, 0, 1, 7)",add
2022-04-12,SPECIAL BREAD,7.0,6.361595045313168,6.927510873634309,"(2, 1, 1)(1, 0, 1, 7)",add
2022-04-13,SPECIAL BREAD,5.0,2.4640263077166216,2.274588600529591,"(2, 1, 1)(1, 0, 1, 7)",add
2022-04-14,SPECIAL BREAD,11.0,4.881840259891529,5.666499393154927,"(2, 1, 1)(1, 0, 1, 7)",add
2022-04-15,SPECIAL BREAD,10.0,5.471452808838823,6.421831813371506,"(2, 1, 1)(1, 0, 1, 7)",add
2022-04-16,SPECIAL BREAD,17.0,6.845407481005086,7.958079092789053,"(2, 1, 1)(1, 0, 1, 7)",add
2022-04-17,SPECIAL BREAD,12.0,8.497196815692044,9.886412402544662,"(2, 1, 1)(1, 0, 1, 7)",add
2022-04-18,SPECIAL BREAD,15.0,6.383030690932942,7.24420423906785,"(2, 1, 1)(1, 0, 1, 7)",add
2022-04-19,SPECIAL BREAD,10.0,6.280091212587411,6.944224545939875,"(2, 1, 1)(1, 0, 1, 7)",add
2022-04-20,SPECIAL BREAD,8.0,2.4831133814763753,2.291302272835157,"(2, 1, 1)(1, 0, 1, 7)",add
2022-04-21,SPECIAL BREAD,10.0,4.838907980003759,5.683213065460492,"(2, 1, 1)(1, 0, 1, 7)",add
2022-04-22,SPECIAL BREAD,9.0,5.413463277024011,6.438545485677072,"(2, 1, 1)(1, 0, 1, 7)",add
2022-04-23,SPECIAL BREAD,8.0,6.752135655430145,7.974792765094619,"(2, 1, 1)(1, 0, 1, 7)",add
2022-04-24,SPECIAL BREAD,10.0,8.361467133808109,9.90312607485023,"(2, 1, 1)(1, 0, 1, 7)",add
2022-04-25,SPECIAL BREAD,8.0,6.301720848016393,7.260917911373416,"(2, 1, 1)(1, 0, 1, 7)",add
2022-04-26,SPECIAL BREAD,8.0,6.201444703205647,6.960938218245442,"(2, 1, 1)(1, 0, 1, 7)",add
2022-04-27,SPECIAL BREAD,8.0,2.5021679223250284,2.308015945140724,"(2, 1, 1)(1, 0, 1, 7)",add
2022-04-28,SPECIAL BREAD,9.0,4.797355835545028,5.699926737766059,"(2, 1, 1)(1, 0, 1, 7)",add
2022-04-29,SPECIAL BREAD,6.0,5.357131673182685,6.455259157982639,"(2, 1, 1)(1, 0, 1, 7)",add
2022-04-30,SPECIAL BREAD,10.0,6.661363400105301,7.991506437400186,"(2, 1, 1)(1, 0, 1, 7)",add
2022-05-01,SPECIAL BREAD,11.0,8.229289687559135,9.919839747155795,"(2, 1, 1)(1, 0, 1, 7)",add
2022-05-02,SPECIAL BREAD,8.0,6.222539150193409,7.277631583678982,"(2, 1, 1)(1, 0, 1, 7)",add
2022-05-03,SPECIAL BREAD,8.0,6.124843425190927,6.977651890551008,"(2, 1, 1)(1, 0, 1, 7)",add
2022-05-04,SPECIAL BREAD,0.0,2.5207452916185384,2.32472961744629,"(2, 1, 1)(1, 0, 1, 7)",add
2022-05-05,SPECIAL BREAD,9.0,4.756880653982613,5.716640410071626,"(2, 1, 1)(1, 0, 1, 7)",add
2022-05-06,SPECIAL BREAD,10.0,5.302254156557925,6.471972830288205,"(2, 1, 1)(1, 0, 1, 7)",add
2022-05-07,SPECIAL BREAD,10.0,6.572929466414242,8.008220109705752,"(2, 1, 1)(1, 0, 1, 7)",add
2022-05-08,SPECIAL BREAD,12.0,8.100514738720072,9.936553419461362,"(2, 1, 1)(1, 0, 1, 7)",add
2022-05-09,SPECIAL BREAD,7.0,6.145395743532027,7.294345255984549,"(2, 1, 1)(1, 0, 1, 7)",add
2022-05-10,SPECIAL BREAD,8.0,6.05021363600589,6.994365562856575,"(2, 1, 1)(1, 0, 1, 7)",add
2022-05-11,SPECIAL BREAD,6.0,2.5388450587842213,2.341443289751857,"(2, 1, 1)(1, 0, 1, 7)",add
2022-05-12,SPECIAL BREAD,8.0,4.717447079824424,5.733354082377193,"(2, 1, 1)(1, 0, 1, 7)",add
2022-05-13,SPECIAL BREAD,3.0,5.248788714337386,6.488686502593772,"(2, 1, 1)(1, 0, 1, 7)",add
2022-05-14,SPECIAL BREAD,10.0,6.486770923605784,8.024933782011317,"(2, 1, 1)(1, 0, 1, 7)",add
2022-05-15,SPECIAL BREAD,10.0,7.975053079069252,9.953267091766929,"(2, 1, 1)(1, 0, 1, 7)",add
2022-05-16,SPECIAL BREAD,8.0,6.070237182791223,7.311058928290115,"(2, 1, 1)(1, 0, 1, 7)",add
2022-05-17,SPECIAL BREAD,8.0,5.977504008348331,7.011079235162141,"(2, 1, 1)(1, 0, 1, 7)",add
2022-05-18,SPECIAL BREAD,8.0,2.556479149170171,2.358156962057423,"(2, 1, 1)(1, 0, 1, 7)",add
2022-05-19,SPECIAL BREAD,7.0,4.679028095319783,5.7500677546827585,"(2, 1, 1)(1, 0, 1, 7)",add
2022-05-20,SPECIAL BREAD,8.0,5.196698884011943,6.505400174899338,"(2, 1, 1)(1, 0, 1, 7)",add
2022-05-21,SPECIAL BREAD,9.0,6.402829149292749,8.041647454316884,"(2, 1, 1)(1, 0, 1, 7)",add
2022-05-22,SPECIAL BREAD,10.0,7.852819413699748,9.969980764072496,"(2, 1, 1)(1, 0, 1, 7)",add
2022-05-23,SPECIAL BREAD,8.0,5.9970123714157735,7.327772600595682,"(2, 1, 1)(1, 0, 1, 7)",add
2022-05-24,SPECIAL BREAD,5.0,5.906665121320108,7.027792907467708,"(2, 1, 1)(1, 0, 1, 7)",add
2022-05-25,SPECIAL BREAD,10.0,2.5736595337767585,2.37487063436299,"(2, 1, 1)(1, 0, 1, 7)",add
2022-05-26,SPECIAL BREAD,15.0,4.641597589940194,5.7667814269883255,"(2, 1, 1)(1, 0, 1, 7)",add
2022-05-27,SPECIAL BREAD,20.0,5.145949268823884,6.5221138472049045,"(2, 1, 1)(1, 0, 1, 7)",add
2022-05-28,SPECIAL BREAD,20.0,6.321047106161251,8.05836112662245,"(2, 1, 1)(1, 0, 1, 7)",add
2022-05-29,SPECIAL BREAD,20.0,7.733730688450166,9.98669443637806,"(2, 1, 1)(1, 0, 1, 7)",add
2022-05-30,SPECIAL BREAD,8.0,5.925671555307791,7.344486272901248,"(2, 1, 1)(1, 0, 1, 7)",add
2022-05-31,SPECIAL BREAD,8.0,5.837648842295427,7.044506579773274,"(2, 1, 1)(1, 0, 1, 7)",add
2022-06-01,SPECIAL BREAD,6.0,2.5903978856674543,2.3915843066685563,"(2, 1, 1)(1, 0, 1, 7)",add
2022-06-02,SPECIAL BREAD,6.0,4.605130131008299,5.7834950992938925,"(2, 1, 1)(1, 0, 1, 7)",add
2022-06-03,SPECIAL BREAD,8.0,5.0965053863793575,6.5388275195104715,"(2, 1, 1)(1, 0, 1, 7)",add
2022-06-04,SPECIAL BREAD,15.0,6.2413692265981435,8.075074798928018,"(2, 1, 1)(1, 0, 1, 7)",add
2022-06-05,SPECIAL BREAD,16.0,7.6177059873720125,10.003408108683628,"(2, 1, 1)(1, 0, 1, 7)",add
2022-06-06,SPECIAL BREAD,15.0,5.856166261282244,7.361199945206815,"(2, 1, 1)(1, 0, 1, 7)",add
2022-06-07,SPECIAL BREAD,8.0,5.77040827752649,7.061220252078841,"(2, 1, 1)(1, 0, 1, 7)",add
2022-06-08,SPECIAL BREAD,6.0,2.606705577857773,2.4082979789741223,"(2, 1, 1)(1, 0, 1, 7)",add
2022-06-09,SPECIAL BREAD,6.0,4.569600940374936,5.800208771599458,"(2, 1, 1)(1, 0, 1, 7)",add
2022-06-10,SPECIAL BREAD,2.0,5.048333641583262,6.555541191816038,"(2, 1, 1)(1, 0, 1, 7)",add
2022-06-11,SPECIAL BREAD,5.0,6.163741372747491,8.091788471233585,"(2, 1, 1)(1, 0, 1, 7)",add
2022-06-12,SPECIAL BREAD,12.0,7.504666476434343,10.020121780989195,"(2, 1, 1)(1, 0, 1, 7)",add
2022-06-13,SPECIAL BREAD,7.0,5.788449263339414,7.377913617512381,"(2, 1, 1)(1, 0, 1, 7)",add
2022-06-14,SPECIAL BREAD,6.0,5.7048977398045775,7.077933924384407,"(2, 1, 1)(1, 0, 1, 7)",add
2022-06-15,SPECIAL BREAD,7.0,2.622593690756037,2.4250116512796893,"(2, 1, 1)(1, 0, 1, 7)",add
2022-06-16,SPECIAL BREAD,7.0,4.534985877410869,5.816922443905025,"(2, 1, 1)(1, 0, 1, 7)",add
2022-06-17,SPECIAL BREAD,5.0,5.001401303708948,6.5722548641216045,"(2, 1, 1)(1, 0, 1, 7)",add
2022-06-18,SPECIAL BREAD,7.0,6.088110799663658,8.108502143539152,"(2, 1, 1)(1, 0, 1, 7)",add
2022-06-19,SPECIAL BREAD,12.0,7.394535349921688,10.03683545329476,"(2, 1, 1)(1, 0, 1, 7)",add
2022-06-20,SPECIAL BREAD,8.0,5.722474550554154,7.394627289817947,"(2, 1, 1)(1, 0, 1, 7)",add
2022-06-21,SPECIAL BREAD,8.0,5.6410727174038495,7.094647596689973,"(2, 1, 1)(1, 0, 1, 7)",add
2022-06-22,SPECIAL BREAD,8.0,2.6380730196838744,2.4417253235852554,"(2, 1, 1)(1, 0, 1, 7)",add
2022-06-23,SPECIAL BREAD,4.0,4.501261422599301,5.833636116210592,"(2, 1, 1)(1, 0, 1, 7)",add
2022-06-24,SPECIAL BREAD,7.0,4.9556764841560685,6.588968536427171,"(2, 1, 1)(1, 0, 1, 7)",add
2022-06-25,SPECIAL BREAD,12.0,6.0144261194715005,8.125215815844717,"(2, 1, 1)(1, 0, 1, 7)",add
2022-06-26,SPECIAL BREAD,12.0,7.287237778246645,10.053549125600327,"(2, 1, 1)(1, 0, 1, 7)",add
2022-06-27,SPECIAL BREAD,8.0,5.658197295812704,7.411340962123514,"(2, 1, 1)(1, 0, 1, 7)",add
2022-06-28,SPECIAL BREAD,6.0,5.578889843837071,7.11136126899554,"(2, 1, 1)(1, 0, 1, 7)",add
2022-06-29,SPECIAL BREAD,11.0,2.6531540822109645,2.4584389958908224,"(2, 1, 1)(1, 0, 1, 7)",add
2022-06-30,SPECIAL BREAD,10.0,4.468404661555182,5.850349788516159,"(2, 1, 1)(1, 0, 1, 7)",add
2022-07-01,SPECIAL BREAD,9.0,9.46452891434463,9.245385944884731,"(2, 1, 1)(1, 0, 1, 7)",add
2022-07-02,SPECIAL BREAD,11.0,11.715063573381178,12.149093968708103,"(2, 1, 1)(1, 0, 1, 7)",add
2022-07-03,SPECIAL BREAD,15.0,13.117435597922766,13.761859287519286,"(2, 1, 1)(1, 0, 1, 7)",add
2022-07-04,SPECIAL BREAD,10.0,9.417897971513034,10.201642133418893,"(2, 1, 1)(1, 0, 1, 7)",add
2022-07-05,SPECIAL BREAD,7.0,7.875038649977605,9.155909804627226,"(2, 1, 1)(1, 0, 1, 7)",add
2022-07-06,SPECIAL BREAD,7.0,8.193358729459687,8.127114859670954,"(2, 1, 1)(1, 0, 1, 7)",add
2022-07-07,SPECIAL BREAD,7.0,8.035149476121706,8.977993452798394,"(2, 1, 1)(1, 0, 1, 7)",add
2022-07-08,SPECIAL BREAD,10.0,7.953117088162224,9.306939868046687,"(2, 1, 1)(1, 0, 1, 7)",add
2022-07-09,SPECIAL BREAD,11.0,10.515911549728612,12.210647891870059,"(2, 1, 1)(1, 0, 1, 7)",add
2022-07-10,SPECIAL BREAD,21.0,12.137426432757813,13.823413210681242,"(2, 1, 1)(1, 0, 1, 7)",add
2022-07-11,SPECIAL BREAD,12.0,8.768242824087897,10.263196056580849,"(2, 1, 1)(1, 0, 1, 7)",add
2022-07-12,SPECIAL BREAD,13.0,7.428111589592135,9.217463727789182,"(2, 1, 1)(1, 0, 1, 7)",add
2022-07-13,SPECIAL BREAD,14.0,7.849893054813426,8.18866878283291,"(2, 1, 1)(1, 0, 1, 7)",add
2022-07-14,SPECIAL BREAD,20.0,7.781645688424948,9.03954737596035,"(2, 1, 1)(1, 0, 1, 7)",add
2022-07-15,SPECIAL BREAD,20.0,7.765706812004669,9.368493791208643,"(2, 1, 1)(1, 0, 1, 7)",add
2022-07-16,SPECIAL BREAD,22.0,10.290270040038873,12.272201815032014,"(2, 1, 1)(1, 0, 1, 7)",add
2022-07-17,SPECIAL BREAD,17.0,11.89297787440725,13.884967133843197,"(2, 1, 1)(1, 0, 1, 7)",add
2022-07-18,SPECIAL BREAD,15.0,8.662434233526255,10.324749979742807,"(2, 1, 1)(1, 0, 1, 7)",add
2022-07-19,SPECIAL BREAD,9.0,7.386617186403861,9.279017650951138,"(2, 1, 1)(1, 0, 1, 7)",add
2022-07-20,SPECIAL BREAD,15.0,7.808983095802506,8.250222705994865,"(2, 1, 1)(1, 0, 1, 7)",add
2022-07-21,SPECIAL BREAD,9.0,7.7539422267539795,9.101101299122305,"(2, 1, 1)(1, 0, 1, 7)",add
2022-07-22,SPECIAL BREAD,12.0,7.746691587146032,9.430047714370598,"(2, 1, 1)(1, 0, 1, 7)",add
2022-07-23,SPECIAL BREAD,15.0,10.193166067672779,12.33375573819397,"(2, 1, 1)(1, 0, 1, 7)",add
2022-07-24,SPECIAL BREAD,13.0,11.746977536007254,13.946521057005153,"(2, 1, 1)(1, 0, 1, 7)",add
2022-07-25,SPECIAL BREAD,14.0,8.627538233770641,10.386303902904762,"(2, 1, 1)(1, 0, 1, 7)",add
2022-07-26,SPECIAL BREAD,15.0,7.396789607880041,9.340571574113094,"(2, 1, 1)(1, 0, 1, 7)",add
2022-07-27,SPECIAL BREAD,7.0,7.806960156598299,8.311776629156821,"(2, 1, 1)(1, 0, 1, 7)",add
2022-07-28,SPECIAL BREAD,9.0,7.755162946965288,9.162655222284261,"(2, 1, 1)(1, 0, 1, 7)",add
2022-07-29,SPECIAL BREAD,15.0,7.749205084982614,9.491601637532554,"(2, 1, 1)(1, 0, 1, 7)",add
2022-07-30,SPECIAL BREAD,15.0,10.114891939053567,12.395309661355927,"(2, 1, 1)(1, 0, 1, 7)",add
2022-07-31,SPECIAL BREAD,18.0,11.617480489926171,14.008074980167109,"(2, 1, 1)(1, 0, 1, 7)",add
2022-08-01,SPECIAL BREAD,15.0,8.602488277984037,10.447857826066718,"(2, 1, 1)(1, 0, 1, 7)",add
2022-08-02,SPECIAL BREAD,14.0,7.413101969831844,9.40212549727505,"(2, 1, 1)(1, 0, 1, 7)",add
2022-08-03,SPECIAL BREAD,15.0,7.8098395471807445,8.373330552318777,"(2, 1, 1)(1, 0, 1, 7)",add
2022-08-04,SPECIAL BREAD,15.0,7.759950874575856,9.224209145446217,"(2, 1, 1)(1, 0, 1, 7)",add
2022-08-05,SPECIAL BREAD,11.0,7.754327089277268,9.55315556069451,"(2, 1, 1)(1, 0, 1, 7)",add
2022-08-06,SPECIAL BREAD,16.0,10.041236748850965,12.456863584517883,"(2, 1, 1)(1, 0, 1, 7)",add
2022-08-07,SPECIAL BREAD,18.0,11.49380043797392,14.069628903329065,"(2, 1, 1)(1, 0, 1, 7)",add
2022-08-08,SPECIAL BREAD,15.0,8.579392310017342,10.509411749228674,"(2, 1, 1)(1, 0, 1, 7)",add
2022-08-09,SPECIAL BREAD,14.0,7.4297052785681315,9.463679420437005,"(2, 1, 1)(1, 0, 1, 7)",add
2022-08-10,SPECIAL BREAD,16.0,7.8132459129886,8.434884475480732,"(2, 1, 1)(1, 0, 1, 7)",add
2022-08-11,SPECIAL BREAD,17.0,7.765044044719559,9.285763068608176,"(2, 1, 1)(1, 0, 1, 7)",add
2022-08-12,SPECIAL BREAD,15.0,7.7596252211132,9.614709483856466,"(2, 1, 1)(1, 0, 1, 7)",add
2022-08-13,SPECIAL BREAD,17.0,9.970296289411309,12.518417507679839,"(2, 1, 1)(1, 0, 1, 7)",add
2022-08-14,SPECIAL BREAD,19.0,11.374437382716605,14.13118282649102,"(2, 1, 1)(1, 0, 1, 7)",add
2022-08-15,SPECIAL BREAD,15.0,8.557210576117505,10.57096567239063,"(2, 1, 1)(1, 0, 1, 7)",add
2022-08-16,SPECIAL BREAD,14.0,7.445862560049809,9.525233343598963,"(2, 1, 1)(1, 0, 1, 7)",add
2022-08-17,SPECIAL BREAD,16.0,7.816618973712719,8.496438398642688,"(2, 1, 1)(1, 0, 1, 7)",add
2022-08-18,SPECIAL BREAD,12.0,7.770027296218994,9.347316991770132,"(2, 1, 1)(1, 0, 1, 7)",add
2022-08-19,SPECIAL BREAD,16.0,7.764791398951598,9.676263407018421,"(2, 1, 1)(1, 0, 1, 7)",add
2022-08-20,SPECIAL BREAD,14.0,9.90175452845973,12.579971430841795,"(2, 1, 1)(1, 0, 1, 7)",add
2022-08-21,SPECIAL BREAD,14.0,11.259079098355999,14.192736749652976,"(2, 1, 1)(1, 0, 1, 7)",add
2022-08-22,SPECIAL BREAD,11.0,8.535787014250593,10.632519595552585,"(2, 1, 1)(1, 0, 1, 7)",add
2022-08-23,SPECIAL BREAD,10.0,7.461494975742406,9.586787266760918,"(2, 1, 1)(1, 0, 1, 7)",add
2022-08-24,SPECIAL BREAD,10.0,7.81988991086787,8.557992321804644,"(2, 1, 1)(1, 0, 1, 7)",add
2022-08-25,SPECIAL BREAD,12.0,7.774852111292331,9.408870914932088,"(2, 1, 1)(1, 0, 1, 7)",add
2022-08-26,SPECIAL BREAD,7.0,7.769791082393851,9.737817330180377,"(2, 1, 1)(1, 0, 1, 7)",add
2022-08-27,SPECIAL BREAD,8.0,9.835502428966876,12.64152535400375,"(2, 1, 1)(1, 0, 1, 7)",add
2022-08-28,SPECIAL BREAD,12.0,11.147570371370565,14.254290672814932,"(2, 1, 1)(1, 0, 1, 7)",add
2022-08-29,SPECIAL BREAD,8.0,8.51508016390214,10.694073518714541,"(2, 1, 1)(1, 0, 1, 7)",add
2022-08-30,SPECIAL BREAD,8.0,7.476607951346737,9.648341189922874,"(2, 1, 1)(1, 0, 1, 7)",add
2022-08-31,SPECIAL BREAD,3.0,7.8230531190687245,8.6195462449666,"(2, 1, 1)(1, 0, 1, 7)",add
2022-09-01,SPECIAL BREAD,0.0,7.779517048799622,9.470424838094043,"(2, 1, 1)(1, 0, 1, 7)",add
2022-09-02,SPECIAL BREAD,7.0,7.774624805312025,9.799371253342334,"(2, 1, 1)(1, 0, 1, 7)",add
2022-09-03,SPECIAL BREAD,8.0,9.77145990338905,12.703079277165706,"(2, 1, 1)(1, 0, 1, 7)",add
2022-09-04,SPECIAL BREAD,8.0,11.03978005334162,14.315844595976888,"(2, 1, 1)(1, 0, 1, 7)",add
2022-09-05,SPECIAL BREAD,8.0,8.495064043061817,10.755627441876497,"(2, 1, 1)(1, 0, 1, 7)",add
2022-09-06,SPECIAL BREAD,4.0,7.491217250523051,9.70989511308483,"(2, 1, 1)(1, 0, 1, 7)",add
2022-09-07,SPECIAL BREAD,5.0,7.826111029272326,8.681100168128555,"(2, 1, 1)(1, 0, 1, 7)",add
2022-09-08,SPECIAL BREAD,4.0,7.784026573105741,9.531978761256,"(2, 1, 1)(1, 0, 1, 7)",add
2022-09-09,SPECIAL BREAD,6.0,7.779297454757177,9.86092517650429,"(2, 1, 1)(1, 0, 1, 7)",add
2022-09-10,SPECIAL BREAD,18.0,9.709552796248417,12.764633200327662,"(2, 1, 1)(1, 0, 1, 7)",add
2022-09-11,SPECIAL BREAD,12.0,10.935583802674813,14.377398519138843,"(2, 1, 1)(1, 0, 1, 7)",add
2022-09-12,SPECIAL BREAD,10.0,8.475715352332573,10.817181365038453,"(2, 1, 1)(1, 0, 1, 7)",add
2022-09-13,SPECIAL BREAD,4.0,7.505339466701708,9.771449036246786,"(2, 1, 1)(1, 0, 1, 7)",add
2022-09-14,SPECIAL BREAD,7.0,7.8290670027941625,8.742654091290511,"(2, 1, 1)(1, 0, 1, 7)",add
2022-09-15,SPECIAL BREAD,6.0,7.7883857544637465,9.593532684417955,"(2, 1, 1)(1, 0, 1, 7)",add
2022-09-16,SPECIAL BREAD,7.0,7.783814318040641,9.922479099666246,"(2, 1, 1)(1, 0, 1, 7)",add
2022-09-17,SPECIAL BREAD,11.0,9.649709844886416,12.826187123489618,"(2, 1, 1)(1, 0, 1, 7)",add
2022-09-18,SPECIAL BREAD,12.0,10.834861737276487,14.438952442300799,"(2, 1, 1)(1, 0, 1, 7)",add
2022-09-19,SPECIAL BREAD,0.0,8.457011803214453,10.878735288200408,"(2, 1, 1)(1, 0, 1, 7)",add
2022-09-20,SPECIAL BREAD,8.0,7.518990814686031,9.833002959408741,"(2, 1, 1)(1, 0, 1, 7)",add
2022-09-21,SPECIAL BREAD,10.0,7.831924419196695,8.804208014452469,"(2, 1, 1)(1, 0, 1, 7)",add
2022-09-22,SPECIAL BREAD,7.0,7.7925995913207124,9.65508660757991,"(2, 1, 1)(1, 0, 1, 7)",add
2022-09-23,SPECIAL BREAD,8.0,7.788180578750968,9.984033022828202,"(2, 1, 1)(1, 0, 1, 7)",add
2022-09-24,SPECIAL BREAD,8.0,9.591862216883575,12.887741046651573,"(2, 1, 1)(1, 0, 1, 7)",add
2022-09-25,SPECIAL BREAD,12.0,10.737498012649711,14.500506365462755,"(2, 1, 1)(1, 0, 1, 7)",add
2022-09-26,SPECIAL BREAD,7.0,8.438931880520602,10.940289211362366,"(2, 1, 1)(1, 0, 1, 7)",add
2022-09-27,SPECIAL BREAD,8.0,7.532186991137817,9.894556882570697,"(2, 1, 1)(1, 0, 1, 7)",add
2022-09-28,SPECIAL BREAD,10.0,7.834686562151056,8.865761937614424,"(2, 1, 1)(1, 0, 1, 7)",add
2022-09-29,SPECIAL BREAD,7.0,7.7966729279930576,9.716640530741866,"(2, 1, 1)(1, 0, 1, 7)",add
2022-09-30,SPECIAL BREAD,10.0,7.792401256992948,10.045586945990157,"(2, 1, 1)(1, 0, 1, 7)",add
2021-01-02,TARTELETTE,0.0,0.0,0.8212440465250956,"(2, 1, 1)(2, 0, 1, 7)",add
2021-01-03,TARTELETTE,0.0,0.0,7.504122127617891,"(2, 1, 1)(2, 0, 1, 7)",add
2021-01-04,TARTELETTE,0.0,0.0,-2.7149544668902,"(2, 1, 1)(2, 0, 1, 7)",add
2021-01-05,TARTELETTE,0.0,0.0,-2.292366884574366,"(2, 1, 1)(2, 0, 1, 7)",add
2021-01-06,TARTELETTE,0.0,0.0,-5.035966616971768,"(2, 1, 1)(2, 0, 1, 7)",add
2021-01-07,TARTELETTE,0.0,0.0,-1.4474837000033398,"(2, 1, 1)(2, 0, 1, 7)",add
2021-01-08,TARTELETTE,0.0,0.0,0.2709802922342057,"(2, 1, 1)(2, 0, 1, 7)",add
2021-01-09,TARTELETTE,0.0,0.0,1.143535206642913,"(2, 1, 1)(2, 0, 1, 7)",add
2021-01-10,TARTELETTE,0.0,0.0,6.950241703310467,"(2, 1, 1)(2, 0, 1, 7)",add
2021-01-11,TARTELETTE,0.0,0.0,-1.9223693576180048,"(2, 1, 1)(2, 0, 1, 7)",add
2021-01-12,TARTELETTE,0.0,0.0,-1.6396000129253276,"(2, 1, 1)(2, 0, 1, 7)",add
2021-01-13,TARTELETTE,0.0,0.0,-4.109316407362987,"(2, 1, 1)(2, 0, 1, 7)",add
2021-01-14,TARTELETTE,0.0,0.0,-1.0736876546152028,"(2, 1, 1)(2, 0, 1, 7)",add
2021-01-15,TARTELETTE,0.0,0.0,0.3876716379373732,"(2, 1, 1)(2, 0, 1, 7)",add
2021-01-16,TARTELETTE,0.0,0.0,1.1376723979187329,"(2, 1, 1)(2, 0, 1, 7)",add
2021-01-17,TARTELETTE,0.0,0.0,6.214332732345568,"(2, 1, 1)(2, 0, 1, 7)",add
2021-01-18,TARTELETTE,0.0,0.0,-1.4613467592398934,"(2, 1, 1)(2, 0, 1, 7)",add
2021-01-19,TARTELETTE,0.0,0.0,-1.264556665156606,"(2, 1, 1)(2, 0, 1, 7)",add
2021-01-20,TARTELETTE,0.0,0.0,-3.464494324123892,"(2, 1, 1)(2, 0, 1, 7)",add
2021-01-21,TARTELETTE,7.0,0.0,-0.8813431065198234,"(2, 1, 1)(2, 0, 1, 7)",add
2021-01-22,TARTELETTE,8.0,1.4151486866595766,1.1403089579286654,"(2, 1, 1)(2, 0, 1, 7)",add
2021-01-23,TARTELETTE,5.0,2.8913386401322727,2.5881831691618435,"(2, 1, 1)(2, 0, 1, 7)",add
2021-01-24,TARTELETTE,14.0,2.620783408426452,7.414036374746193,"(2, 1, 1)(2, 0, 1, 7)",add
2021-01-25,TARTELETTE,3.0,4.029196461386459,2.1034983107552145,"(2, 1, 1)(2, 0, 1, 7)",add
2021-01-26,TARTELETTE,4.0,3.5872298250044237,2.2137789393934924,"(2, 1, 1)(2, 0, 1, 7)",add
2021-01-27,TARTELETTE,0.0,1.8996166921715565,0.34769654886338364,"(2, 1, 1)(2, 0, 1, 7)",add
2021-01-28,TARTELETTE,1.0,4.568885593304202,3.0699101035490686,"(2, 1, 1)(2, 0, 1, 7)",add
2021-01-29,TARTELETTE,10.0,3.8270272751972656,3.8751753172095498,"(2, 1, 1)(2, 0, 1, 7)",add
2021-01-30,TARTELETTE,4.0,3.676376411226154,4.683018806090478,"(2, 1, 1)(2, 0, 1, 7)",add
2021-01-31,TARTELETTE,7.0,8.324305360884717,9.69581205759885,"(2, 1, 1)(2, 0, 1, 7)",add
2021-02-01,TARTELETTE,5.0,2.463580573693487,2.654697508762583,"(2, 1, 1)(2, 0, 1, 7)",add
2021-02-02,TARTELETTE,3.0,3.314569124873198,3.0353125291324092,"(2, 1, 1)(2, 0, 1, 7)",add
2021-02-03,TARTELETTE,0.0,1.5808890623331555,0.7015865209877896,"(2, 1, 1)(2, 0, 1, 7)",add
2021-02-04,TARTELETTE,3.0,2.0436856992590453,3.1683995940896645,"(2, 1, 1)(2, 0, 1, 7)",add
2021-02-05,TARTELETTE,8.0,6.258580199760472,5.212714233077238,"(2, 1, 1)(2, 0, 1, 7)",add
2021-02-06,TARTELETTE,9.0,3.7773806505809597,4.79904748804117,"(2, 1, 1)(2, 0, 1, 7)",add
2021-02-07,TARTELETTE,23.0,6.887805019931582,10.092455115726164,"(2, 1, 1)(2, 0, 1, 7)",add
2021-02-08,TARTELETTE,13.0,8.309855809377854,5.391379704168166,"(2, 1, 1)(2, 0, 1, 7)",add
2021-02-09,TARTELETTE,7.0,8.259989104482237,6.047792728762016,"(2, 1, 1)(2, 0, 1, 7)",add
2021-02-10,TARTELETTE,0.0,4.266046025100909,3.7381774376959354,"(2, 1, 1)(2, 0, 1, 7)",add
2021-02-11,TARTELETTE,4.0,4.277079240918095,5.940137336475355,"(2, 1, 1)(2, 0, 1, 7)",add
2021-02-12,TARTELETTE,5.0,6.694602014217768,8.162702139262478,"(2, 1, 1)(2, 0, 1, 7)",add
2021-02-13,TARTELETTE,5.0,6.2526899143115156,7.2764976736689935,"(2, 1, 1)(2, 0, 1, 7)",add
2021-02-14,TARTELETTE,22.0,12.705558184410334,12.957413204628839,"(2, 1, 1)(2, 0, 1, 7)",add
2021-02-15,TARTELETTE,0.0,9.689833904658675,7.1670472625916775,"(2, 1, 1)(2, 0, 1, 7)",add
2021-02-16,TARTELETTE,6.0,5.582905406237867,5.370639388800155,"(2, 1, 1)(2, 0, 1, 7)",add
2021-02-17,TARTELETTE,0.0,0.7797288652297567,2.435517242323886,"(2, 1, 1)(2, 0, 1, 7)",add
2021-02-18,TARTELETTE,5.0,4.2672022149360735,5.006134646403471,"(2, 1, 1)(2, 0, 1, 7)",add
2021-02-19,TARTELETTE,3.0,5.834107654256174,7.286274645094986,"(2, 1, 1)(2, 0, 1, 7)",add
2021-02-20,TARTELETTE,9.0,4.936302712214759,6.388761735711555,"(2, 1, 1)(2, 0, 1, 7)",add
2021-02-21,TARTELETTE,20.0,14.403492647514724,14.028320344318214,"(2, 1, 1)(2, 0, 1, 7)",add
2021-02-22,TARTELETTE,3.0,5.522343653768678,5.862516627762036,"(2, 1, 1)(2, 0, 1, 7)",add
2021-02-23,TARTELETTE,6.0,6.610909416326576,5.517722294332269,"(2, 1, 1)(2, 0, 1, 7)",add
2021-02-24,TARTELETTE,0.0,2.241608928281466,2.180852709333978,"(2, 1, 1)(2, 0, 1, 7)",add
2021-02-25,TARTELETTE,3.0,4.966653256429888,5.08501034053287,"(2, 1, 1)(2, 0, 1, 7)",add
2021-02-26,TARTELETTE,14.0,4.702726647969923,6.599305265924059,"(2, 1, 1)(2, 0, 1, 7)",add
2021-02-27,TARTELETTE,19.0,8.773593062873488,7.847309163495822,"(2, 1, 1)(2, 0, 1, 7)",add
2021-02-28,TARTELETTE,22.0,18.688042257669608,16.843443031203805,"(2, 1, 1)(2, 0, 1, 7)",add
2021-03-01,TARTELETTE,8.0,8.855409268882212,7.476882374740378,"(2, 1, 1)(2, 0, 1, 7)",add
2021-03-02,TARTELETTE,9.0,8.508039308938212,7.923082968006656,"(2, 1, 1)(2, 0, 1, 7)",add
2021-03-03,TARTELETTE,0.0,4.071485262668115,4.316101656013783,"(2, 1, 1)(2, 0, 1, 7)",add
2021-03-04,TARTELETTE,12.0,5.433523251550539,6.998903589627967,"(2, 1, 1)(2, 0, 1, 7)",add
2021-03-05,TARTELETTE,2.0,11.620365058112046,10.481454479557826,"(2, 1, 1)(2, 0, 1, 7)",add
2021-03-06,TARTELETTE,13.0,12.143028487989609,10.465424195719422,"(2, 1, 1)(2, 0, 1, 7)",add
2021-03-07,TARTELETTE,22.0,15.603117845344523,17.764939971998672,"(2, 1, 1)(2, 0, 1, 7)",add
2021-03-08,TARTELETTE,9.0,8.934110423083158,7.7145963656616985,"(2, 1, 1)(2, 0, 1, 7)",add
2021-03-09,TARTELETTE,9.0,9.590377168547995,8.313814075407445,"(2, 1, 1)(2, 0, 1, 7)",add
2021-03-10,TARTELETTE,0.0,3.7430610883329356,3.9854891142521236,"(2, 1, 1)(2, 0, 1, 7)",add
2021-03-11,TARTELETTE,5.0,8.875160832605815,7.876862011039229,"(2, 1, 1)(2, 0, 1, 7)",add
2021-03-12,TARTELETTE,6.0,5.392998437443466,8.801652000058425,"(2, 1, 1)(2, 0, 1, 7)",add
2021-03-13,TARTELETTE,28.0,10.40662121082887,10.7927151937983,"(2, 1, 1)(2, 0, 1, 7)",add
2021-03-14,TARTELETTE,25.0,21.248652331821013,19.91016746599275,"(2, 1, 1)(2, 0, 1, 7)",add
2021-03-15,TARTELETTE,10.0,13.387783253336538,9.582093744090354,"(2, 1, 1)(2, 0, 1, 7)",add
2021-03-16,TARTELETTE,5.0,10.829319247997207,10.011077879849378,"(2, 1, 1)(2, 0, 1, 7)",add
2021-03-17,TARTELETTE,0.0,3.31031575729873,4.47209274839992,"(2, 1, 1)(2, 0, 1, 7)",add
2021-03-18,TARTELETTE,4.0,6.245147323411173,8.449776395421228,"(2, 1, 1)(2, 0, 1, 7)",add
2021-03-19,TARTELETTE,3.0,7.33746619437703,9.212086354911747,"(2, 1, 1)(2, 0, 1, 7)",add
2021-03-20,TARTELETTE,4.0,16.23163709114103,13.348160931853476,"(2, 1, 1)(2, 0, 1, 7)",add
2021-03-21,TARTELETTE,18.0,16.1465464841312,18.03788874831528,"(2, 1, 1)(2, 0, 1, 7)",add
2021-03-22,TARTELETTE,3.0,6.557370633117847,6.561383125213243,"(2, 1, 1)(2, 0, 1, 7)",add
2021-03-23,TARTELETTE,8.0,5.877119701752932,5.872212490009668,"(2, 1, 1)(2, 0, 1, 7)",add
2021-03-24,TARTELETTE,0.0,2.137969800223396,1.1814399354113183,"(2, 1, 1)(2, 0, 1, 7)",add
2021-03-25,TARTELETTE,6.0,6.094591044033967,5.521651455204103,"(2, 1, 1)(2, 0, 1, 7)",add
2021-03-26,TARTELETTE,5.0,6.157848259696777,6.600922042047671,"(2, 1, 1)(2, 0, 1, 7)",add
2021-03-27,TARTELETTE,8.0,8.726588491507567,10.846440799141718,"(2, 1, 1)(2, 0, 1, 7)",add
2021-03-28,TARTELETTE,19.0,16.761550766506737,17.418466402768374,"(2, 1, 1)(2, 0, 1, 7)",add
2021-03-29,TARTELETTE,5.0,6.7488758351209,5.675609904675902,"(2, 1, 1)(2, 0, 1, 7)",add
2021-03-30,TARTELETTE,4.0,8.373260304946825,6.017796237540135,"(2, 1, 1)(2, 0, 1, 7)",add
2021-03-31,TARTELETTE,0.0,1.7839918592519655,0.4574299798544912,"(2, 1, 1)(2, 0, 1, 7)",add
2021-04-01,TARTELETTE,9.0,5.834997918935845,5.085646609287525,"(2, 1, 1)(2, 0, 1, 7)",add
2021-04-02,TARTELETTE,8.0,7.15768643153969,6.2788810682487854,"(2, 1, 1)(2, 0, 1, 7)",add
2021-04-03,TARTELETTE,2.0,10.81278792227052,10.730820850709476,"(2, 1, 1)(2, 0, 1, 7)",add
2021-04-04,TARTELETTE,14.0,16.23013290647002,17.216786175374825,"(2, 1, 1)(2, 0, 1, 7)",add
2021-04-05,TARTELETTE,4.0,4.799456982359747,4.665370752135914,"(2, 1, 1)(2, 0, 1, 7)",add
2021-04-06,TARTELETTE,12.0,5.42630799306693,4.839782333021653,"(2, 1, 1)(2, 0, 1, 7)",add
2021-04-07,TARTELETTE,0.0,3.106453649687303,0.4790649198977839,"(2, 1, 1)(2, 0, 1, 7)",add
2021-04-08,TARTELETTE,2.0,8.602059791731985,5.655039983713844,"(2, 1, 1)(2, 0, 1, 7)",add
2021-04-09,TARTELETTE,3.0,6.484561747678405,5.744835933998813,"(2, 1, 1)(2, 0, 1, 7)",add
2021-04-10,TARTELETTE,0.0,5.553368793516464,8.393357064266723,"(2, 1, 1)(2, 0, 1, 7)",add
2021-04-11,TARTELETTE,21.0,13.198177125536215,15.610071138648312,"(2, 1, 1)(2, 0, 1, 7)",add
2021-04-12,TARTELETTE,3.0,5.91908265946606,4.320561376979013,"(2, 1, 1)(2, 0, 1, 7)",add
2021-04-13,TARTELETTE,3.0,9.590791642898122,5.408083516567338,"(2, 1, 1)(2, 0, 1, 7)",add
2021-04-14,TARTELETTE,3.0,0.30702453913767336,-0.9598878199214385,"(2, 1, 1)(2, 0, 1, 7)",add
2021-04-15,TARTELETTE,5.0,4.322034365388186,4.301685133457372,"(2, 1, 1)(2, 0, 1, 7)",add
2021-04-16,TARTELETTE,9.0,6.053458840498404,4.981906240442453,"(2, 1, 1)(2, 0, 1, 7)",add
2021-04-17,TARTELETTE,2.0,6.810597257909744,7.6589393037658136,"(2, 1, 1)(2, 0, 1, 7)",add
2021-04-18,TARTELETTE,27.0,17.70301806578484,16.908988035009557,"(2, 1, 1)(2, 0, 1, 7)",add
2021-04-19,TARTELETTE,2.0,6.729221798170492,5.288965295202647,"(2, 1, 1)(2, 0, 1, 7)",add
2021-04-20,TARTELETTE,2.0,7.088388036749487,6.024461799159088,"(2, 1, 1)(2, 0, 1, 7)",add
2021-04-21,TARTELETTE,3.0,1.76417806072746,0.2811089313079984,"(2, 1, 1)(2, 0, 1, 7)",add
2021-04-22,TARTELETTE,5.0,5.515164431866831,4.996601462492121,"(2, 1, 1)(2, 0, 1, 7)",add
2021-04-23,TARTELETTE,4.0,7.839615703474786,6.0186018333525375,"(2, 1, 1)(2, 0, 1, 7)",add
2021-04-24,TARTELETTE,8.0,5.56777083629429,6.818020182550472,"(2, 1, 1)(2, 0, 1, 7)",add
2021-04-25,TARTELETTE,22.0,20.06282801836894,18.797783623036434,"(2, 1, 1)(2, 0, 1, 7)",add
2021-04-26,TARTELETTE,7.0,5.700506513515524,4.7410382684277685,"(2, 1, 1)(2, 0, 1, 7)",add
2021-04-27,TARTELETTE,5.0,6.2586969694629,5.9904585352013475,"(2, 1, 1)(2, 0, 1, 7)",add
2021-04-28,TARTELETTE,5.0,3.531106455412308,1.4273195397585923,"(2, 1, 1)(2, 0, 1, 7)",add
2021-04-29,TARTELETTE,7.0,6.5695702300651515,5.894440501179317,"(2, 1, 1)(2, 0, 1, 7)",add
2021-04-30,TARTELETTE,3.0,6.961018894063044,6.782485793512489,"(2, 1, 1)(2, 0, 1, 7)",add
2021-05-01,TARTELETTE,6.0,8.147041364864297,7.791829378256307,"(2, 1, 1)(2, 0, 1, 7)",add
2021-05-02,TARTELETTE,15.0,18.168937576279085,19.700725594147848,"(2, 1, 1)(2, 0, 1, 7)",add
2021-05-03,TARTELETTE,3.0,5.594799449127027,4.6613709065681554,"(2, 1, 1)(2, 0, 1, 7)",add
2021-05-04,TARTELETTE,4.0,4.960174567555086,5.07334676876051,"(2, 1, 1)(2, 0, 1, 7)",add
2021-05-05,TARTELETTE,4.0,2.7991142950921737,1.075349506923069,"(2, 1, 1)(2, 0, 1, 7)",add
2021-05-06,TARTELETTE,6.0,6.396734726906555,5.161180453721192,"(2, 1, 1)(2, 0, 1, 7)",add
2021-05-07,TARTELETTE,14.0,5.590739236086362,5.4049796046567185,"(2, 1, 1)(2, 0, 1, 7)",add
2021-05-08,TARTELETTE,20.0,9.241593985925306,8.017872032653823,"(2, 1, 1)(2, 0, 1, 7)",add
2021-05-09,TARTELETTE,44.0,20.818093818021016,21.066435661840202,"(2, 1, 1)(2, 0, 1, 7)",add
2021-05-10,TARTELETTE,12.0,13.46874343528528,9.430397293877094,"(2, 1, 1)(2, 0, 1, 7)",add
2021-05-11,TARTELETTE,4.0,12.984548529208636,10.378878616731022,"(2, 1, 1)(2, 0, 1, 7)",add
2021-05-12,TARTELETTE,16.0,5.4700014916313195,6.303992032312135,"(2, 1, 1)(2, 0, 1, 7)",add
2021-05-13,TARTELETTE,11.0,9.642963776060565,10.867567409370691,"(2, 1, 1)(2, 0, 1, 7)",add
2021-05-14,TARTELETTE,8.0,13.896634058319485,12.010149174645328,"(2, 1, 1)(2, 0, 1, 7)",add
2021-05-15,TARTELETTE,19.0,14.463193349712713,13.671316666977406,"(2, 1, 1)(2, 0, 1, 7)",add
2021-05-16,TARTELETTE,44.0,29.44506461135122,27.370629261557198,"(2, 1, 1)(2, 0, 1, 7)",add
2021-05-17,TARTELETTE,0.0,14.295797467982482,12.482944547327936,"(2, 1, 1)(2, 0, 1, 7)",add
2021-05-18,TARTELETTE,0.0,8.559615788898178,10.659915228975926,"(2, 1, 1)(2, 0, 1, 7)",add
2021-05-19,TARTELETTE,0.0,6.885026951468517,8.139828308648784,"(2, 1, 1)(2, 0, 1, 7)",add
2021-05-20,TARTELETTE,0.0,6.879027273516098,9.550235752977308,"(2, 1, 1)(2, 0, 1, 7)",add
2021-05-21,TARTELETTE,2.0,5.708740927332008,9.113068916137253,"(2, 1, 1)(2, 0, 1, 7)",add
2021-05-22,TARTELETTE,8.0,11.221425240440375,11.610191092840843,"(2, 1, 1)(2, 0, 1, 7)",add
2021-05-23,TARTELETTE,28.0,27.22826555062221,25.75436753159606,"(2, 1, 1)(2, 0, 1, 7)",add
2021-05-24,TARTELETTE,14.0,4.083515124707965,5.63096687681224,"(2, 1, 1)(2, 0, 1, 7)",add
2021-05-25,TARTELETTE,10.0,6.8143043168289115,6.316784995206756,"(2, 1, 1)(2, 0, 1, 7)",add
2021-05-26,TARTELETTE,7.0,6.602107996566354,5.681741195310842,"(2, 1, 1)(2, 0, 1, 7)",add
2021-05-27,TARTELETTE,1.0,7.275248240455117,7.948586471841682,"(2, 1, 1)(2, 0, 1, 7)",add
2021-05-28,TARTELETTE,3.0,6.593881871046756,8.102501443405455,"(2, 1, 1)(2, 0, 1, 7)",add
2021-05-29,TARTELETTE,3.0,9.123086680432975,11.260194733573726,"(2, 1, 1)(2, 0, 1, 7)",add
2021-05-30,TARTELETTE,21.0,22.75432641080723,25.63292092981175,"(2, 1, 1)(2, 0, 1, 7)",add
2021-05-31,TARTELETTE,0.0,8.296246258507605,5.52812534403205,"(2, 1, 1)(2, 0, 1, 7)",add
2021-06-01,TARTELETTE,2.0,5.967396446861343,4.105127174203137,"(2, 1, 1)(2, 0, 1, 7)",add
2021-06-02,TARTELETTE,2.0,3.037280377195483,2.539732939999131,"(2, 1, 1)(2, 0, 1, 7)",add
2021-06-03,TARTELETTE,3.0,3.3031827051410234,3.5632120458264627,"(2, 1, 1)(2, 0, 1, 7)",add
2021-06-04,TARTELETTE,8.0,5.175621592515716,4.647450224327219,"(2, 1, 1)(2, 0, 1, 7)",add
2021-06-05,TARTELETTE,12.0,7.927032294770433,8.332064115319916,"(2, 1, 1)(2, 0, 1, 7)",add
2021-06-06,TARTELETTE,21.0,23.037981808984895,24.46515918412004,"(2, 1, 1)(2, 0, 1, 7)",add
2021-06-07,TARTELETTE,1.0,5.6033868505960704,4.375370106734069,"(2, 1, 1)(2, 0, 1, 7)",add
2021-06-08,TARTELETTE,7.0,4.563651089871937,3.6184347332687827,"(2, 1, 1)(2, 0, 1, 7)",add
2021-06-09,TARTELETTE,3.0,3.8154120484531524,2.849803010419845,"(2, 1, 1)(2, 0, 1, 7)",add
2021-06-10,TARTELETTE,4.0,5.716112787529249,3.9457477281099758,"(2, 1, 1)(2, 0, 1, 7)",add
2021-06-11,TARTELETTE,7.0,7.462664569988187,5.590224378082864,"(2, 1, 1)(2, 0, 1, 7)",add
2021-06-12,TARTELETTE,1.0,10.528786139738678,9.1021493614858,"(2, 1, 1)(2, 0, 1, 7)",add
2021-06-13,TARTELETTE,18.0,19.651016001748978,23.050997275294723,"(2, 1, 1)(2, 0, 1, 7)",add
2021-06-14,TARTELETTE,0.0,2.3971518373850618,2.799149962778602,"(2, 1, 1)(2, 0, 1, 7)",add
2021-06-15,TARTELETTE,1.0,5.204534641758078,2.9554635747831344,"(2, 1, 1)(2, 0, 1, 7)",add
2021-06-16,TARTELETTE,4.0,2.05569486902511,1.196792021296396,"(2, 1, 1)(2, 0, 1, 7)",add
2021-06-17,TARTELETTE,2.0,4.351136643860633,2.5706790269697235,"(2, 1, 1)(2, 0, 1, 7)",add
2021-06-18,TARTELETTE,9.0,6.4289507154237935,4.317413250661284,"(2, 1, 1)(2, 0, 1, 7)",add
2021-06-19,TARTELETTE,4.0,6.263904050703777,6.990174232799589,"(2, 1, 1)(2, 0, 1, 7)",add
2021-06-20,TARTELETTE,25.0,19.926443740929983,21.881782586155527,"(2, 1, 1)(2, 0, 1, 7)",add
2021-06-21,TARTELETTE,3.0,4.435853608529037,2.8063191604624658,"(2, 1, 1)(2, 0, 1, 7)",add
2021-06-22,TARTELETTE,9.0,5.121788124708324,3.3959611718962717,"(2, 1, 1)(2, 0, 1, 7)",add
2021-06-23,TARTELETTE,7.0,5.057414249233277,3.062468731177558,"(2, 1, 1)(2, 0, 1, 7)",add
2021-06-24,TARTELETTE,7.0,6.009101309381324,4.135801813820348,"(2, 1, 1)(2, 0, 1, 7)",add
2021-06-25,TARTELETTE,9.0,9.011039476135334,6.919066540278834,"(2, 1, 1)(2, 0, 1, 7)",add
2021-06-26,TARTELETTE,1.0,8.128116460168963,8.341924154279592,"(2, 1, 1)(2, 0, 1, 7)",add
2021-06-27,TARTELETTE,21.0,21.67066924342337,23.526467961458195,"(2, 1, 1)(2, 0, 1, 7)",add
2021-06-28,TARTELETTE,0.0,3.522601778956215,3.4659432209401393,"(2, 1, 1)(2, 0, 1, 7)",add
2021-06-29,TARTELETTE,5.0,6.01282141858589,4.336343758501149,"(2, 1, 1)(2, 0, 1, 7)",add
2021-06-30,TARTELETTE,0.0,4.133555186487859,3.2530853993335,"(2, 1, 1)(2, 0, 1, 7)",add
2021-07-01,TARTELETTE,9.0,4.749947376444509,3.4053089950326507,"(2, 1, 1)(2, 0, 1, 7)",add
2021-07-02,TARTELETTE,5.0,7.50905275975673,6.388497051677144,"(2, 1, 1)(2, 0, 1, 7)",add
2021-07-03,TARTELETTE,7.0,5.793224170399366,6.2463662540690565,"(2, 1, 1)(2, 0, 1, 7)",add
2021-07-04,TARTELETTE,23.0,20.80958913787174,22.921833900051265,"(2, 1, 1)(2, 0, 1, 7)",add
2021-07-05,TARTELETTE,13.0,4.111143363681673,3.027817407492713,"(2, 1, 1)(2, 0, 1, 7)",add
2021-07-06,TARTELETTE,6.0,8.06892158777807,5.886863013669607,"(2, 1, 1)(2, 0, 1, 7)",add
2021-07-07,TARTELETTE,9.0,4.801766552250293,4.2505610272670165,"(2, 1, 1)(2, 0, 1, 7)",add
2021-07-08,TARTELETTE,5.0,8.465693454468143,6.390945561297431,"(2, 1, 1)(2, 0, 1, 7)",add
2021-07-09,TARTELETTE,9.0,7.510981635786106,7.731764904320176,"(2, 1, 1)(2, 0, 1, 7)",add
2021-07-10,TARTELETTE,1.0,8.18517868214297,8.149611464358143,"(2, 1, 1)(2, 0, 1, 7)",add
2021-07-11,TARTELETTE,24.0,21.17582326441747,23.876133612431943,"(2, 1, 1)(2, 0, 1, 7)",add
2021-07-12,TARTELETTE,5.0,7.5484343106401575,5.232126689636475,"(2, 1, 1)(2, 0, 1, 7)",add
2021-07-13,TARTELETTE,9.0,6.112757376042181,5.735068828523785,"(2, 1, 1)(2, 0, 1, 7)",add
2021-07-14,TARTELETTE,14.0,6.26510982202826,5.02671629911562,"(2, 1, 1)(2, 0, 1, 7)",add
2021-07-15,TARTELETTE,7.0,8.045580507397553,6.856157520295772,"(2, 1, 1)(2, 0, 1, 7)",add
2021-07-16,TARTELETTE,9.0,9.946260723158051,8.699371207443672,"(2, 1, 1)(2, 0, 1, 7)",add
2021-07-17,TARTELETTE,4.0,6.364197878221972,7.952183367200816,"(2, 1, 1)(2, 0, 1, 7)",add
2021-07-18,TARTELETTE,12.0,22.495836718356287,24.94349256250498,"(2, 1, 1)(2, 0, 1, 7)",add
2021-07-19,TARTELETTE,9.0,3.5542657801610353,4.826223028865816,"(2, 1, 1)(2, 0, 1, 7)",add
2021-07-20,TARTELETTE,6.0,6.354622037172851,6.250851544030982,"(2, 1, 1)(2, 0, 1, 7)",add
2021-07-21,TARTELETTE,7.0,8.709131198131956,5.876479794574104,"(2, 1, 1)(2, 0, 1, 7)",add
2021-07-22,TARTELETTE,9.0,6.189365532051865,5.736766432875417,"(2, 1, 1)(2, 0, 1, 7)",add
2021-07-23,TARTELETTE,30.0,8.565078243785091,7.94070744492589,"(2, 1, 1)(2, 0, 1, 7)",add
2021-07-24,TARTELETTE,8.0,11.510859503858676,9.036928311700136,"(2, 1, 1)(2, 0, 1, 7)",add
2021-07-25,TARTELETTE,35.0,22.713991670939805,25.21549874926028,"(2, 1, 1)(2, 0, 1, 7)",add
2021-07-26,TARTELETTE,13.0,11.39512354434476,9.736705590653948,"(2, 1, 1)(2, 0, 1, 7)",add
2021-07-27,TARTELETTE,2.0,11.415934360865482,10.505030915283154,"(2, 1, 1)(2, 0, 1, 7)",add
2021-07-28,TARTELETTE,4.0,7.166888910560604,9.401292680886169,"(2, 1, 1)(2, 0, 1, 7)",add
2021-07-29,TARTELETTE,6.0,6.957633332729165,8.817566354109942,"(2, 1, 1)(2, 0, 1, 7)",add
2021-07-30,TARTELETTE,8.0,16.049374259460837,12.721983618431612,"(2, 1, 1)(2, 0, 1, 7)",add
2021-07-31,TARTELETTE,13.0,6.678974961175487,7.984279615960274,"(2, 1, 1)(2, 0, 1, 7)",add
2021-08-01,TARTELETTE,24.0,26.27059627684109,26.186213853066892,"(2, 1, 1)(2, 0, 1, 7)",add
2021-08-02,TARTELETTE,10.0,9.914701546812827,8.57823853631341,"(2, 1, 1)(2, 0, 1, 7)",add
2021-08-03,TARTELETTE,17.0,5.4925228704141915,7.66438806345386,"(2, 1, 1)(2, 0, 1, 7)",add
2021-08-04,TARTELETTE,4.0,8.417092884191042,8.901469425435243,"(2, 1, 1)(2, 0, 1, 7)",add
2021-08-05,TARTELETTE,12.0,9.078122027519642,8.697504846433818,"(2, 1, 1)(2, 0, 1, 7)",add
2021-08-06,TARTELETTE,6.0,10.607435711112121,13.031297925488186,"(2, 1, 1)(2, 0, 1, 7)",add
2021-08-07,TARTELETTE,10.0,10.912879220710991,9.266494067999899,"(2, 1, 1)(2, 0, 1, 7)",add
2021-08-08,TARTELETTE,25.0,22.939122739298433,26.094059876796432,"(2, 1, 1)(2, 0, 1, 7)",add
2021-08-09,TARTELETTE,15.0,9.318087471103954,9.059483694804381,"(2, 1, 1)(2, 0, 1, 7)",add
2021-08-10,TARTELETTE,10.0,12.936410887776828,9.635443202889421,"(2, 1, 1)(2, 0, 1, 7)",add
2021-08-11,TARTELETTE,11.0,7.16390551858288,8.10032477693781,"(2, 1, 1)(2, 0, 1, 7)",add
2021-08-12,TARTELETTE,17.0,10.628217571343797,9.78149311321029,"(2, 1, 1)(2, 0, 1, 7)",add
2021-08-13,TARTELETTE,6.0,11.818234023609348,13.243014259988252,"(2, 1, 1)(2, 0, 1, 7)",add
2021-08-14,TARTELETTE,14.0,10.94686932191915,10.432150793470191,"(2, 1, 1)(2, 0, 1, 7)",add
2021-08-15,TARTELETTE,29.0,24.717771267311864,27.339582754483494,"(2, 1, 1)(2, 0, 1, 7)",add
2021-08-16,TARTELETTE,13.0,13.191653992997551,11.491309969483495,"(2, 1, 1)(2, 0, 1, 7)",add
2021-08-17,TARTELETTE,9.0,11.04580486324899,10.881150713872783,"(2, 1, 1)(2, 0, 1, 7)",add
2021-08-18,TARTELETTE,14.0,9.482304175536573,9.419548110136553,"(2, 1, 1)(2, 0, 1, 7)",add
2021-08-19,TARTELETTE,18.0,13.295177548240432,11.827911851443286,"(2, 1, 1)(2, 0, 1, 7)",add
2021-08-20,TARTELETTE,4.0,11.846773635691719,13.355277224826413,"(2, 1, 1)(2, 0, 1, 7)",add
2021-08-21,TARTELETTE,19.0,12.207427827267521,11.67389573770348,"(2, 1, 1)(2, 0, 1, 7)",add
2021-08-22,TARTELETTE,15.0,26.875675329368356,28.752141864410618,"(2, 1, 1)(2, 0, 1, 7)",add
2021-08-23,TARTELETTE,10.0,10.550608028419699,11.19994330071001,"(2, 1, 1)(2, 0, 1, 7)",add
2021-08-24,TARTELETTE,6.0,7.589829479531203,9.867127465607913,"(2, 1, 1)(2, 0, 1, 7)",add
2021-08-25,TARTELETTE,9.0,9.782681137319928,9.00152254415697,"(2, 1, 1)(2, 0, 1, 7)",add
2021-08-26,TARTELETTE,9.0,12.261792648159417,11.10928857970072,"(2, 1, 1)(2, 0, 1, 7)",add
2021-08-27,TARTELETTE,14.0,7.706701402598417,9.777483854831019,"(2, 1, 1)(2, 0, 1, 7)",add
2021-08-28,TARTELETTE,9.0,14.444999800983332,11.679469087558438,"(2, 1, 1)(2, 0, 1, 7)",add
2021-08-29,TARTELETTE,25.0,21.3089148712735,25.011568304156324,"(2, 1, 1)(2, 0, 1, 7)",add
2021-08-30,TARTELETTE,8.0,10.26369258447605,10.540935037345504,"(2, 1, 1)(2, 0, 1, 7)",add
2021-08-31,TARTELETTE,12.0,8.845103742659338,8.725902696215583,"(2, 1, 1)(2, 0, 1, 7)",add
2021-09-01,TARTELETTE,11.0,9.440330735717854,9.12737355392997,"(2, 1, 1)(2, 0, 1, 7)",add
2021-09-02,TARTELETTE,9.0,11.373692110011765,11.174782522647414,"(2, 1, 1)(2, 0, 1, 7)",add
2021-09-03,TARTELETTE,14.0,12.396665885996132,10.63258109548191,"(2, 1, 1)(2, 0, 1, 7)",add
2021-09-04,TARTELETTE,6.0,11.160505727644155,11.57257937226568,"(2, 1, 1)(2, 0, 1, 7)",add
2021-09-05,TARTELETTE,30.0,24.075612005663057,24.92413185829836,"(2, 1, 1)(2, 0, 1, 7)",add
2021-09-06,TARTELETTE,1.0,10.069385215227271,10.691351843522343,"(2, 1, 1)(2, 0, 1, 7)",add
2021-09-07,TARTELETTE,7.0,10.071293192349431,8.826402124696028,"(2, 1, 1)(2, 0, 1, 7)",add
2021-09-08,TARTELETTE,7.0,7.704792386593942,8.493954695004652,"(2, 1, 1)(2, 0, 1, 7)",add
2021-09-09,TARTELETTE,2.0,9.030729608100673,9.66403800905052,"(2, 1, 1)(2, 0, 1, 7)",add
2021-09-10,TARTELETTE,4.0,10.143474129640735,9.219178369283648,"(2, 1, 1)(2, 0, 1, 7)",add
2021-09-11,TARTELETTE,5.0,6.4104335898313565,8.095562685092053,"(2, 1, 1)(2, 0, 1, 7)",add
2021-09-12,TARTELETTE,24.0,23.72522517938629,23.05783940391772,"(2, 1, 1)(2, 0, 1, 7)",add
2021-09-13,TARTELETTE,0.0,5.446061045185818,6.514947159498475,"(2, 1, 1)(2, 0, 1, 7)",add
2021-09-14,TARTELETTE,4.0,6.790863354968183,5.986914178149377,"(2, 1, 1)(2, 0, 1, 7)",add
2021-09-15,TARTELETTE,10.0,5.871574783650201,5.678753807386132,"(2, 1, 1)(2, 0, 1, 7)",add
2021-09-16,TARTELETTE,7.0,6.560142029000481,6.708116718758057,"(2, 1, 1)(2, 0, 1, 7)",add
2021-09-17,TARTELETTE,4.0,8.507626321239233,7.4406123805467494,"(2, 1, 1)(2, 0, 1, 7)",add
2021-09-18,TARTELETTE,15.0,7.564292271832193,6.778646941762759,"(2, 1, 1)(2, 0, 1, 7)",add
2021-09-19,TARTELETTE,15.0,24.285981247886443,23.486126131375368,"(2, 1, 1)(2, 0, 1, 7)",add
2021-09-20,TARTELETTE,9.0,5.071216812900763,4.974209702675676,"(2, 1, 1)(2, 0, 1, 7)",add
2021-09-21,TARTELETTE,11.0,6.18467987566217,6.1682289288067915,"(2, 1, 1)(2, 0, 1, 7)",add
2021-09-22,TARTELETTE,0.0,10.262570899846288,7.39924476200888,"(2, 1, 1)(2, 0, 1, 7)",add
2021-09-23,TARTELETTE,2.0,7.358801881935209,6.640340162677787,"(2, 1, 1)(2, 0, 1, 7)",add
2021-09-24,TARTELETTE,7.0,4.918974474660893,6.3639881625401955,"(2, 1, 1)(2, 0, 1, 7)",add
2021-09-25,TARTELETTE,2.0,10.34488666536351,7.615145070763526,"(2, 1, 1)(2, 0, 1, 7)",add
2021-09-26,TARTELETTE,17.0,18.091349052692955,20.707693068947247,"(2, 1, 1)(2, 0, 1, 7)",add
2021-09-27,TARTELETTE,0.0,5.8112225287271855,4.2925712480112175,"(2, 1, 1)(2, 0, 1, 7)",add
2021-09-28,TARTELETTE,1.0,6.759457794821763,4.678684383418091,"(2, 1, 1)(2, 0, 1, 7)",add
2021-09-29,TARTELETTE,5.0,1.64198258008244,3.4402844671081327,"(2, 1, 1)(2, 0, 1, 7)",add
2021-09-30,TARTELETTE,7.0,4.3581354581836,4.00790083758667,"(2, 1, 1)(2, 0, 1, 7)",add
2021-10-01,TARTELETTE,5.0,8.137835241590789,5.229843425874366,"(2, 1, 1)(2, 0, 1, 7)",add
2021-10-02,TARTELETTE,9.0,6.072054251639345,5.5997343570820926,"(2, 1, 1)(2, 0, 1, 7)",add
2021-10-03,TARTELETTE,18.0,19.817986185007854,19.917831677480592,"(2, 1, 1)(2, 0, 1, 7)",add
2021-10-04,TARTELETTE,0.0,4.503829768741792,3.624771471994474,"(2, 1, 1)(2, 0, 1, 7)",add
2021-10-05,TARTELETTE,2.0,3.8063684919995637,4.161134011190441,"(2, 1, 1)(2, 0, 1, 7)",add
2021-10-06,TARTELETTE,9.0,4.454144766705262,3.7478002135215958,"(2, 1, 1)(2, 0, 1, 7)",add
2021-10-07,TARTELETTE,17.0,7.121300554029136,4.899306754056563,"(2, 1, 1)(2, 0, 1, 7)",add
2021-10-08,TARTELETTE,10.0,9.439614751220724,6.7115275629171816,"(2, 1, 1)(2, 0, 1, 7)",add
2021-10-09,TARTELETTE,11.0,11.049414893812802,7.922820177846291,"(2, 1, 1)(2, 0, 1, 7)",add
2021-10-10,TARTELETTE,14.0,21.068477899981495,21.53639626651382,"(2, 1, 1)(2, 0, 1, 7)",add
2021-10-11,TARTELETTE,7.0,3.500724573718186,4.414346477230328,"(2, 1, 1)(2, 0, 1, 7)",add
2021-10-12,TARTELETTE,0.0,4.759943006950027,5.813782221593948,"(2, 1, 1)(2, 0, 1, 7)",add
2021-10-13,TARTELETTE,4.0,6.9202028855516176,5.934014030845141,"(2, 1, 1)(2, 0, 1, 7)",add
2021-10-14,TARTELETTE,4.0,9.271659287335824,7.161735627787486,"(2, 1, 1)(2, 0, 1, 7)",add
2021-10-15,TARTELETTE,4.0,6.698087351724052,6.196648804948297,"(2, 1, 1)(2, 0, 1, 7)",add
2021-10-16,TARTELETTE,1.0,7.1260149543531774,6.781744076547722,"(2, 1, 1)(2, 0, 1, 7)",add
2021-10-17,TARTELETTE,19.0,15.560738752530112,18.09134194900077,"(2, 1, 1)(2, 0, 1, 7)",add
2021-10-18,TARTELETTE,1.0,4.746456135176954,3.166176749125132,"(2, 1, 1)(2, 0, 1, 7)",add
2021-10-19,TARTELETTE,3.0,2.9176079935391277,2.9892200966027476,"(2, 1, 1)(2, 0, 1, 7)",add
2021-10-20,TARTELETTE,7.0,4.062766928711852,4.2343781504831695,"(2, 1, 1)(2, 0, 1, 7)",add
2021-10-21,TARTELETTE,11.0,6.166222933033593,5.821352895708008,"(2, 1, 1)(2, 0, 1, 7)",add
2021-10-22,TARTELETTE,8.0,7.374263082079059,5.889441758658938,"(2, 1, 1)(2, 0, 1, 7)",add
2021-10-23,TARTELETTE,7.0,6.652387359266793,6.4942514083114204,"(2, 1, 1)(2, 0, 1, 7)",add
2021-10-24,TARTELETTE,19.0,19.993558102966116,19.33305724895603,"(2, 1, 1)(2, 0, 1, 7)",add
2021-10-25,TARTELETTE,7.0,4.092464015799457,3.8852312785314886,"(2, 1, 1)(2, 0, 1, 7)",add
2021-10-26,TARTELETTE,4.0,5.217772972923699,4.559501755756998,"(2, 1, 1)(2, 0, 1, 7)",add
2021-10-27,TARTELETTE,6.0,6.732683698106123,6.088974732522569,"(2, 1, 1)(2, 0, 1, 7)",add
2021-10-28,TARTELETTE,4.0,8.399269306297859,7.667540627198973,"(2, 1, 1)(2, 0, 1, 7)",add
2021-10-29,TARTELETTE,8.0,6.588260713889548,6.382530111398943,"(2, 1, 1)(2, 0, 1, 7)",add
2021-10-30,TARTELETTE,11.0,6.631712926098821,6.731496248019253,"(2, 1, 1)(2, 0, 1, 7)",add
2021-10-31,TARTELETTE,28.0,20.09877884763758,19.876078780847973,"(2, 1, 1)(2, 0, 1, 7)",add
2021-11-01,TARTELETTE,26.0,8.32290508019124,5.786589772672745,"(2, 1, 1)(2, 0, 1, 7)",add
2021-11-02,TARTELETTE,4.0,10.680918914189578,7.867656624833286,"(2, 1, 1)(2, 0, 1, 7)",add
2021-11-03,TARTELETTE,10.0,9.784613241833075,9.09470543972299,"(2, 1, 1)(2, 0, 1, 7)",add
2021-11-04,TARTELETTE,5.0,7.278222091118596,10.331651551140709,"(2, 1, 1)(2, 0, 1, 7)",add
2021-11-05,TARTELETTE,9.0,8.551508156177093,9.529767179312934,"(2, 1, 1)(2, 0, 1, 7)",add
2021-11-06,TARTELETTE,6.0,9.385827660495098,9.977599715930296,"(2, 1, 1)(2, 0, 1, 7)",add
2021-11-07,TARTELETTE,15.0,22.705265000473045,22.705901036625065,"(2, 1, 1)(2, 0, 1, 7)",add
2021-11-08,TARTELETTE,4.0,11.34078428794813,8.407246630380442,"(2, 1, 1)(2, 0, 1, 7)",add
2021-11-09,TARTELETTE,7.0,2.0513266895223703,4.7666498955061485,"(2, 1, 1)(2, 0, 1, 7)",add
2021-11-10,TARTELETTE,9.0,6.463224617781061,7.2612383680875965,"(2, 1, 1)(2, 0, 1, 7)",add
2021-11-11,TARTELETTE,6.0,7.237997189934178,7.804469162868468,"(2, 1, 1)(2, 0, 1, 7)",add
2021-11-12,TARTELETTE,3.0,8.351802970119271,7.992406099177297,"(2, 1, 1)(2, 0, 1, 7)",add
2021-11-13,TARTELETTE,12.0,6.249120341319138,7.518544480453666,"(2, 1, 1)(2, 0, 1, 7)",add
2021-11-14,TARTELETTE,13.0,18.32782939593922,20.702401627499754,"(2, 1, 1)(2, 0, 1, 7)",add
2021-11-15,TARTELETTE,0.0,5.788343678681618,6.819216021817075,"(2, 1, 1)(2, 0, 1, 7)",add
2021-11-16,TARTELETTE,2.0,3.935284934562958,3.750573058293976,"(2, 1, 1)(2, 0, 1, 7)",add
2021-11-17,TARTELETTE,0.0,5.440549357882595,5.747420018216651,"(2, 1, 1)(2, 0, 1, 7)",add
2021-11-18,TARTELETTE,7.0,4.414858479991546,5.026431821050325,"(2, 1, 1)(2, 0, 1, 7)",add
2021-11-19,TARTELETTE,5.0,4.453779633126625,5.226213059649267,"(2, 1, 1)(2, 0, 1, 7)",add
2021-11-20,TARTELETTE,3.0,8.949162265828082,6.465514319449002,"(2, 1, 1)(2, 0, 1, 7)",add
2021-11-21,TARTELETTE,17.0,15.503141182287727,17.247487700857143,"(2, 1, 1)(2, 0, 1, 7)",add
2021-11-22,TARTELETTE,1.0,2.8187650896777434,4.290376183526103,"(2, 1, 1)(2, 0, 1, 7)",add
2021-11-23,TARTELETTE,2.0,3.2170356410809484,2.2453032874118364,"(2, 1, 1)(2, 0, 1, 7)",add
2021-11-24,TARTELETTE,0.0,2.7656321170062297,3.9037563806567133,"(2, 1, 1)(2, 0, 1, 7)",add
2021-11-25,TARTELETTE,3.0,5.397954654876161,4.355880129162363,"(2, 1, 1)(2, 0, 1, 7)",add
2021-11-26,TARTELETTE,3.0,4.439550955157643,3.914891193184351,"(2, 1, 1)(2, 0, 1, 7)",add
2021-11-27,TARTELETTE,11.0,4.298591114791267,4.671291632221111,"(2, 1, 1)(2, 0, 1, 7)",add
2021-11-28,TARTELETTE,26.0,18.112862762711465,16.928866825756028,"(2, 1, 1)(2, 0, 1, 7)",add
2021-11-29,TARTELETTE,1.0,6.300856822169379,4.607524012103772,"(2, 1, 1)(2, 0, 1, 7)",add
2021-11-30,TARTELETTE,9.0,4.438593426993057,2.9109587349298813,"(2, 1, 1)(2, 0, 1, 7)",add
2021-12-01,TARTELETTE,0.0,3.9276623176936294,4.8014929801487645,"(2, 1, 1)(2, 0, 1, 7)",add
2021-12-02,TARTELETTE,2.0,5.365709374441695,5.4760921841265455,"(2, 1, 1)(2, 0, 1, 7)",add
2021-12-03,TARTELETTE,3.0,3.8803969912555387,4.85882284443754,"(2, 1, 1)(2, 0, 1, 7)",add
2021-12-04,TARTELETTE,6.0,7.37057319105428,6.423535360322213,"(2, 1, 1)(2, 0, 1, 7)",add
2021-12-05,TARTELETTE,16.0,19.97617473735948,18.28807805922618,"(2, 1, 1)(2, 0, 1, 7)",add
2021-12-06,TARTELETTE,0.0,2.0781632333417317,3.1295770815517936,"(2, 1, 1)(2, 0, 1, 7)",add
2021-12-07,TARTELETTE,0.0,4.198602375783238,2.705426397542077,"(2, 1, 1)(2, 0, 1, 7)",add
2021-12-08,TARTELETTE,0.0,0.9998315280155601,2.26417746218443,"(2, 1, 1)(2, 0, 1, 7)",add
2021-12-09,TARTELETTE,0.0,2.4882514082851066,3.382926682668605,"(2, 1, 1)(2, 0, 1, 7)",add
2021-12-10,TARTELETTE,4.0,3.0659775385383674,2.9793509140950665,"(2, 1, 1)(2, 0, 1, 7)",add
2021-12-11,TARTELETTE,3.0,5.272886373429291,5.039444074929135,"(2, 1, 1)(2, 0, 1, 7)",add
2021-12-12,TARTELETTE,12.0,16.158241392538052,16.492717961950394,"(2, 1, 1)(2, 0, 1, 7)",add
2021-12-13,TARTELETTE,4.0,0.7697730001872074,0.9873253949099188,"(2, 1, 1)(2, 0, 1, 7)",add
2021-12-14,TARTELETTE,6.0,1.5357494263771034,1.2879916650163192,"(2, 1, 1)(2, 0, 1, 7)",add
2021-12-15,TARTELETTE,0.0,3.1075680279521225,1.7131086452596067,"(2, 1, 1)(2, 0, 1, 7)",add
2021-12-16,TARTELETTE,9.0,3.0533374584980835,2.751320448904164,"(2, 1, 1)(2, 0, 1, 7)",add
2021-12-17,TARTELETTE,3.0,5.194239171195488,3.9547535841563684,"(2, 1, 1)(2, 0, 1, 7)",add
2021-12-18,TARTELETTE,4.0,5.620454104525242,5.413837512293762,"(2, 1, 1)(2, 0, 1, 7)",add
2021-12-19,TARTELETTE,12.0,14.75816970988397,16.62679217590673,"(2, 1, 1)(2, 0, 1, 7)",add
2021-12-20,TARTELETTE,3.0,2.761186401738742,2.0511844687137364,"(2, 1, 1)(2, 0, 1, 7)",add
2021-12-21,TARTELETTE,6.0,3.415629514513177,2.340074444114087,"(2, 1, 1)(2, 0, 1, 7)",add
2021-12-22,TARTELETTE,2.0,2.1407849043202773,1.8416776042496603,"(2, 1, 1)(2, 0, 1, 7)",add
2021-12-23,TARTELETTE,4.0,6.173734398739543,4.086337837977725,"(2, 1, 1)(2, 0, 1, 7)",add
2021-12-24,TARTELETTE,17.0,3.528595517123547,3.690810541744317,"(2, 1, 1)(2, 0, 1, 7)",add
2021-12-25,TARTELETTE,0.0,7.2254339615016825,6.651397155820638,"(2, 1, 1)(2, 0, 1, 7)",add
2021-12-26,TARTELETTE,3.0,16.238883655537556,16.88750260160036,"(2, 1, 1)(2, 0, 1, 7)",add
2021-12-27,TARTELETTE,1.0,-0.04734103645537058,2.0011614939839184,"(2, 1, 1)(2, 0, 1, 7)",add
2021-12-28,TARTELETTE,5.0,1.5713564715980959,2.4180411550006418,"(2, 1, 1)(2, 0, 1, 7)",add
2021-12-29,TARTELETTE,0.0,2.0825952671252757,1.36118141284937,"(2, 1, 1)(2, 0, 1, 7)",add
2021-12-30,TARTELETTE,6.0,3.6841381125402366,3.4089493459809734,"(2, 1, 1)(2, 0, 1, 7)",add
2021-12-31,TARTELETTE,9.0,8.650786646459073,4.991728900854456,"(2, 1, 1)(2, 0, 1, 7)",add
2022-01-01,TARTELETTE,0.0,3.5507372170943166,4.423839102496346,"(2, 1, 1)(2, 0, 1, 7)",add
2022-01-02,TARTELETTE,0.0,10.407132352440364,13.992895886762408,"(2, 1, 1)(2, 0, 1, 7)",add
2022-01-03,TARTELETTE,0.0,-0.7163111119622239,0.7165867075427266,"(2, 1, 1)(2, 0, 1, 7)",add
2022-01-04,TARTELETTE,0.0,1.0814058641287476,1.615456871093175,"(2, 1, 1)(2, 0, 1, 7)",add
2022-01-05,TARTELETTE,0.0,0.029244970517463366,-0.3964310517719789,"(2, 1, 1)(2, 0, 1, 7)",add
2022-01-06,TARTELETTE,7.0,3.363529437046764,2.3408005683717787,"(2, 1, 1)(2, 0, 1, 7)",add
2022-01-07,TARTELETTE,2.0,6.138730488228533,4.327997022855475,"(2, 1, 1)(2, 0, 1, 7)",add
2022-01-08,TARTELETTE,8.0,2.103120520202789,2.0063994586984992,"(2, 1, 1)(2, 0, 1, 7)",add
2022-01-09,TARTELETTE,0.0,9.172698295521998,11.510122428961346,"(2, 1, 1)(2, 0, 1, 7)",add
2022-01-10,TARTELETTE,0.0,0.3699135572977137,0.17584382641914953,"(2, 1, 1)(2, 0, 1, 7)",add
2022-01-11,TARTELETTE,5.0,-0.4816995443508482,1.0207162739236528,"(2, 1, 1)(2, 0, 1, 7)",add
2022-01-12,TARTELETTE,0.0,1.175463415549924,-0.12641324372666185,"(2, 1, 1)(2, 0, 1, 7)",add
2022-01-13,TARTELETTE,1.0,4.924954250482884,3.1177067838945147,"(2, 1, 1)(2, 0, 1, 7)",add
2022-01-14,TARTELETTE,5.0,2.3924187562610353,3.4848476119049043,"(2, 1, 1)(2, 0, 1, 7)",add
2022-01-15,TARTELETTE,2.0,4.596280914925774,2.630514679726263,"(2, 1, 1)(2, 0, 1, 7)",add
2022-01-16,TARTELETTE,7.0,7.568934062959264,9.207537083292495,"(2, 1, 1)(2, 0, 1, 7)",add
2022-01-17,TARTELETTE,0.0,0.06641368544081327,0.3164254342603958,"(2, 1, 1)(2, 0, 1, 7)",add
2022-01-18,TARTELETTE,2.0,2.4737267349194045,1.668790699185634,"(2, 1, 1)(2, 0, 1, 7)",add
2022-01-19,TARTELETTE,0.0,0.06502065354773467,-0.36195632566967184,"(2, 1, 1)(2, 0, 1, 7)",add
2022-01-20,TARTELETTE,7.0,1.896683040056407,2.6255233354310663,"(2, 1, 1)(2, 0, 1, 7)",add
2022-01-21,TARTELETTE,2.0,4.837340701269497,4.159502032483879,"(2, 1, 1)(2, 0, 1, 7)",add
2022-01-22,TARTELETTE,2.0,3.148730764735716,2.6334719697027644,"(2, 1, 1)(2, 0, 1, 7)",add
2022-01-23,TARTELETTE,14.0,9.12389911014853,9.011726441340109,"(2, 1, 1)(2, 0, 1, 7)",add
2022-01-24,TARTELETTE,2.0,1.2973774902230701,1.1451972481868076,"(2, 1, 1)(2, 0, 1, 7)",add
2022-01-25,TARTELETTE,2.0,2.8232696312391705,2.707091160853033,"(2, 1, 1)(2, 0, 1, 7)",add
2022-01-26,TARTELETTE,0.0,0.6252649451517338,0.5667107484004381,"(2, 1, 1)(2, 0, 1, 7)",add
2022-01-27,TARTELETTE,4.0,4.216585474447641,3.9575882072589588,"(2, 1, 1)(2, 0, 1, 7)",add
2022-01-28,TARTELETTE,3.0,2.8222922753323,4.19580124959959,"(2, 1, 1)(2, 0, 1, 7)",add
2022-01-29,TARTELETTE,12.0,2.580650564468404,2.967146749757266,"(2, 1, 1)(2, 0, 1, 7)",add
2022-01-30,TARTELETTE,5.0,13.844817757165009,11.109493874601554,"(2, 1, 1)(2, 0, 1, 7)",add
2022-01-31,TARTELETTE,7.0,1.6104359702661046,1.5096701478387455,"(2, 1, 1)(2, 0, 1, 7)",add
2022-02-01,TARTELETTE,1.0,1.712689477659823,3.3817585371014633,"(2, 1, 1)(2, 0, 1, 7)",add
2022-02-02,TARTELETTE,0.0,1.201857193502149,1.0759756246528362,"(2, 1, 1)(2, 0, 1, 7)",add
2022-02-03,TARTELETTE,7.0,3.1640736938743124,4.487831437230375,"(2, 1, 1)(2, 0, 1, 7)",add
2022-02-04,TARTELETTE,5.0,3.941998015687603,4.84021685874518,"(2, 1, 1)(2, 0, 1, 7)",add
2022-02-05,TARTELETTE,14.0,7.3001097824195895,5.046871880343001,"(2, 1, 1)(2, 0, 1, 7)",add
2022-02-06,TARTELETTE,7.0,10.75849808319635,11.275066171519136,"(2, 1, 1)(2, 0, 1, 7)",add
2022-02-07,TARTELETTE,6.0,4.352202588123507,3.3354381255494028,"(2, 1, 1)(2, 0, 1, 7)",add
2022-02-08,TARTELETTE,7.0,1.8611888953566682,3.9080415452693202,"(2, 1, 1)(2, 0, 1, 7)",add
2022-02-09,TARTELETTE,0.0,2.1001568944693636,2.364934527911319,"(2, 1, 1)(2, 0, 1, 7)",add
2022-02-10,TARTELETTE,5.0,5.637159706102472,6.087401236223561,"(2, 1, 1)(2, 0, 1, 7)",add
2022-02-11,TARTELETTE,6.0,4.239173944438784,5.750285038502104,"(2, 1, 1)(2, 0, 1, 7)",add
2022-02-12,TARTELETTE,6.0,8.096745216576,7.073281798697737,"(2, 1, 1)(2, 0, 1, 7)",add
2022-02-13,TARTELETTE,17.0,9.558687312986514,10.540862888776406,"(2, 1, 1)(2, 0, 1, 7)",add
2022-02-14,TARTELETTE,5.0,4.618093474279759,4.647899009437603,"(2, 1, 1)(2, 0, 1, 7)",add
2022-02-15,TARTELETTE,0.0,5.676496666277371,5.021495834515028,"(2, 1, 1)(2, 0, 1, 7)",add
2022-02-16,TARTELETTE,0.0,0.22576830501961465,1.9047934091564271,"(2, 1, 1)(2, 0, 1, 7)",add
2022-02-17,TARTELETTE,5.0,3.4804838577051855,5.838319155003754,"(2, 1, 1)(2, 0, 1, 7)",add
2022-02-18,TARTELETTE,11.0,4.784900411491,5.696687565512461,"(2, 1, 1)(2, 0, 1, 7)",add
2022-02-19,TARTELETTE,13.0,6.660359178198512,7.405642046074496,"(2, 1, 1)(2, 0, 1, 7)",add
2022-02-20,TARTELETTE,29.0,15.816943407408449,12.549942314887101,"(2, 1, 1)(2, 0, 1, 7)",add
2022-02-21,TARTELETTE,2.0,8.081390395628077,6.980662890230254,"(2, 1, 1)(2, 0, 1, 7)",add
2022-02-22,TARTELETTE,0.0,4.649089816653744,6.09511872797065,"(2, 1, 1)(2, 0, 1, 7)",add
2022-02-23,TARTELETTE,0.0,0.5100469276860341,3.2532428978971453,"(2, 1, 1)(2, 0, 1, 7)",add
2022-02-24,TARTELETTE,12.0,4.307378313979104,7.173561890541371,"(2, 1, 1)(2, 0, 1, 7)",add
2022-02-25,TARTELETTE,13.0,8.462582337213533,8.424009019037605,"(2, 1, 1)(2, 0, 1, 7)",add
2022-02-26,TARTELETTE,14.0,10.950286364818634,10.090079637195394,"(2, 1, 1)(2, 0, 1, 7)",add
2022-02-27,TARTELETTE,40.0,20.572067183942135,16.41627184627106,"(2, 1, 1)(2, 0, 1, 7)",add
2022-02-28,TARTELETTE,8.0,8.543676883544201,8.930078639872926,"(2, 1, 1)(2, 0, 1, 7)",add
2022-03-01,TARTELETTE,6.0,7.57874000051172,8.347088955764262,"(2, 1, 1)(2, 0, 1, 7)",add
2022-03-02,TARTELETTE,5.0,3.5450987537599143,6.272538774230891,"(2, 1, 1)(2, 0, 1, 7)",add
2022-03-03,TARTELETTE,6.0,9.685610880657876,11.426086494645666,"(2, 1, 1)(2, 0, 1, 7)",add
2022-03-04,TARTELETTE,0.0,9.381655408327289,11.524257701083961,"(2, 1, 1)(2, 0, 1, 7)",add
2022-03-05,TARTELETTE,13.0,7.917531233725945,11.346504925697735,"(2, 1, 1)(2, 0, 1, 7)",add
2022-03-06,TARTELETTE,28.0,22.880746473648536,19.901688745913,"(2, 1, 1)(2, 0, 1, 7)",add
2022-03-07,TARTELETTE,1.0,7.335709043110125,7.638002368405855,"(2, 1, 1)(2, 0, 1, 7)",add
2022-03-08,TARTELETTE,10.0,4.915936158460849,6.252738035619202,"(2, 1, 1)(2, 0, 1, 7)",add
2022-03-09,TARTELETTE,9.0,4.005072318143898,4.979611544268203,"(2, 1, 1)(2, 0, 1, 7)",add
2022-03-10,TARTELETTE,9.0,8.535941899036038,10.189097009971356,"(2, 1, 1)(2, 0, 1, 7)",add
2022-03-11,TARTELETTE,0.0,6.320566340928441,9.983073745678675,"(2, 1, 1)(2, 0, 1, 7)",add
2022-03-12,TARTELETTE,9.0,9.681951128223695,11.63201927591043,"(2, 1, 1)(2, 0, 1, 7)",add
2022-03-13,TARTELETTE,16.0,19.724677415889676,20.529713120936552,"(2, 1, 1)(2, 0, 1, 7)",add
2022-03-14,TARTELETTE,0.0,2.588836925021223,5.031242257114382,"(2, 1, 1)(2, 0, 1, 7)",add
2022-03-15,TARTELETTE,3.0,5.166166395834435,5.128451873194199,"(2, 1, 1)(2, 0, 1, 7)",add
2022-03-16,TARTELETTE,5.0,4.047194317445536,3.2473870641881,"(2, 1, 1)(2, 0, 1, 7)",add
2022-03-17,TARTELETTE,9.0,6.8143800769280025,7.5534335480563115,"(2, 1, 1)(2, 0, 1, 7)",add
2022-03-18,TARTELETTE,4.0,4.559900950264069,6.528939137631414,"(2, 1, 1)(2, 0, 1, 7)",add
2022-03-19,TARTELETTE,9.0,8.851474531459203,9.917758006447766,"(2, 1, 1)(2, 0, 1, 7)",add
2022-03-20,TARTELETTE,11.0,16.635198061173043,18.764051001566518,"(2, 1, 1)(2, 0, 1, 7)",add
2022-03-21,TARTELETTE,5.0,1.8965633804429558,2.848906613036768,"(2, 1, 1)(2, 0, 1, 7)",add
2022-03-22,TARTELETTE,4.0,3.6112401563112466,4.096530276651256,"(2, 1, 1)(2, 0, 1, 7)",add
2022-03-23,TARTELETTE,5.0,4.407187698689951,2.9259600889152004,"(2, 1, 1)(2, 0, 1, 7)",add
2022-03-24,TARTELETTE,5.0,7.709461202169573,7.228632189123922,"(2, 1, 1)(2, 0, 1, 7)",add
2022-03-25,TARTELETTE,5.0,5.094062382749425,5.302123379692719,"(2, 1, 1)(2, 0, 1, 7)",add
2022-03-26,TARTELETTE,10.0,8.047208207011147,9.137110972455723,"(2, 1, 1)(2, 0, 1, 7)",add
2022-03-27,TARTELETTE,11.0,14.822942548639967,17.31655301842325,"(2, 1, 1)(2, 0, 1, 7)",add
2022-03-28,TARTELETTE,8.0,4.030400317728954,2.8073151882489533,"(2, 1, 1)(2, 0, 1, 7)",add
2022-03-29,TARTELETTE,2.0,4.486853714741287,4.104602469660281,"(2, 1, 1)(2, 0, 1, 7)",add
2022-03-30,TARTELETTE,4.0,4.255194268727705,2.9876524152657087,"(2, 1, 1)(2, 0, 1, 7)",add
2022-03-31,TARTELETTE,6.0,5.691731156820573,6.632838127021741,"(2, 1, 1)(2, 0, 1, 7)",add
2022-04-01,TARTELETTE,7.0,5.5966987723645865,5.123196791205046,"(2, 1, 1)(2, 0, 1, 7)",add
2022-04-02,TARTELETTE,8.0,8.892334642618401,9.137810548859425,"(2, 1, 1)(2, 0, 1, 7)",add
2022-04-03,TARTELETTE,7.0,14.273761836000896,16.31950008990307,"(2, 1, 1)(2, 0, 1, 7)",add
2022-04-04,TARTELETTE,3.0,5.594812221358412,3.949025289983327,"(2, 1, 1)(2, 0, 1, 7)",add
2022-04-05,TARTELETTE,14.0,3.6620177946956125,3.760416774675231,"(2, 1, 1)(2, 0, 1, 7)",add
2022-04-06,TARTELETTE,6.0,3.7994069017040273,3.265754095514087,"(2, 1, 1)(2, 0, 1, 7)",add
2022-04-07,TARTELETTE,7.0,6.4197165111097085,6.672885637493831,"(2, 1, 1)(2, 0, 1, 7)",add
2022-04-08,TARTELETTE,10.0,5.820188331426405,5.232423382636798,"(2, 1, 1)(2, 0, 1, 7)",add
2022-04-09,TARTELETTE,6.0,8.593288034475087,9.247037140291178,"(2, 1, 1)(2, 0, 1, 7)",add
2022-04-10,TARTELETTE,11.0,15.22328192382691,16.428726681334823,"(2, 1, 1)(2, 0, 1, 7)",add
2022-04-11,TARTELETTE,5.0,4.910801440846448,4.05825188141508,"(2, 1, 1)(2, 0, 1, 7)",add
2022-04-12,TARTELETTE,6.0,4.178602745101408,3.869643366106984,"(2, 1, 1)(2, 0, 1, 7)",add
2022-04-13,TARTELETTE,0.0,3.7668764269823605,3.374980686945839,"(2, 1, 1)(2, 0, 1, 7)",add
2022-04-14,TARTELETTE,10.0,6.556956609835041,6.782112228925584,"(2, 1, 1)(2, 0, 1, 7)",add
2022-04-15,TARTELETTE,8.0,5.902123620292651,5.34164997406855,"(2, 1, 1)(2, 0, 1, 7)",add
2022-04-16,TARTELETTE,13.0,8.509061465035987,9.35626373172293,"(2, 1, 1)(2, 0, 1, 7)",add
2022-04-17,TARTELETTE,6.0,15.476106699948993,16.537953272766575,"(2, 1, 1)(2, 0, 1, 7)",add
2022-04-18,TARTELETTE,16.0,4.729836074131658,4.167478472846832,"(2, 1, 1)(2, 0, 1, 7)",add
2022-04-19,TARTELETTE,0.0,4.353675434977508,3.978869957538736,"(2, 1, 1)(2, 0, 1, 7)",add
2022-04-20,TARTELETTE,7.0,3.782433587029421,3.4842072783775913,"(2, 1, 1)(2, 0, 1, 7)",add
2022-04-21,TARTELETTE,5.0,6.609879996899097,6.891338820357336,"(2, 1, 1)(2, 0, 1, 7)",add
2022-04-22,TARTELETTE,12.0,5.94172996968686,5.450876565500303,"(2, 1, 1)(2, 0, 1, 7)",add
2022-04-23,TARTELETTE,4.0,8.488150926001572,9.465490323154683,"(2, 1, 1)(2, 0, 1, 7)",add
2022-04-24,TARTELETTE,12.0,15.522988906478176,16.64717986419833,"(2, 1, 1)(2, 0, 1, 7)",add
2022-04-25,TARTELETTE,2.0,4.6974471773682325,4.276705064278585,"(2, 1, 1)(2, 0, 1, 7)",add
2022-04-26,TARTELETTE,3.0,4.427589970010672,4.088096548970488,"(2, 1, 1)(2, 0, 1, 7)",add
2022-04-27,TARTELETTE,6.0,3.812038415007377,3.593433869809344,"(2, 1, 1)(2, 0, 1, 7)",add
2022-04-28,TARTELETTE,3.0,6.637784429051843,7.000565411789089,"(2, 1, 1)(2, 0, 1, 7)",add
2022-04-29,TARTELETTE,3.0,5.9687177158809686,5.560103156932055,"(2, 1, 1)(2, 0, 1, 7)",add
2022-04-30,TARTELETTE,12.0,8.48593703177671,9.574716914586435,"(2, 1, 1)(2, 0, 1, 7)",add
2022-05-01,TARTELETTE,36.0,15.509146730213594,16.756406455630078,"(2, 1, 1)(2, 0, 1, 7)",add
2022-05-02,TARTELETTE,4.0,4.708860188983037,4.385931655710337,"(2, 1, 1)(2, 0, 1, 7)",add
2022-05-03,TARTELETTE,7.0,4.471448926104793,4.197323140402241,"(2, 1, 1)(2, 0, 1, 7)",add
2022-05-04,TARTELETTE,0.0,3.8456380750425425,3.7026604612410963,"(2, 1, 1)(2, 0, 1, 7)",add
2022-05-05,TARTELETTE,3.0,6.65821220098798,7.109792003220841,"(2, 1, 1)(2, 0, 1, 7)",add
2022-05-06,TARTELETTE,19.0,5.991876607665309,5.669329748363807,"(2, 1, 1)(2, 0, 1, 7)",add
2022-05-07,TARTELETTE,7.0,8.489226794760672,9.683943506018187,"(2, 1, 1)(2, 0, 1, 7)",add
2022-05-08,TARTELETTE,17.0,15.477523625418963,16.865633047061834,"(2, 1, 1)(2, 0, 1, 7)",add
2022-05-09,TARTELETTE,3.0,4.73309258292012,4.495158247142089,"(2, 1, 1)(2, 0, 1, 7)",add
2022-05-10,TARTELETTE,0.0,4.506279786875137,4.306549731833993,"(2, 1, 1)(2, 0, 1, 7)",add
2022-05-11,TARTELETTE,9.0,3.8802608787803274,3.811887052672849,"(2, 1, 1)(2, 0, 1, 7)",add
2022-05-12,TARTELETTE,1.0,6.676351452293579,7.219018594652593,"(2, 1, 1)(2, 0, 1, 7)",add
2022-05-13,TARTELETTE,5.0,6.013806587089434,5.77855633979556,"(2, 1, 1)(2, 0, 1, 7)",add
2022-05-14,TARTELETTE,11.0,8.494118975936596,9.79317009744994,"(2, 1, 1)(2, 0, 1, 7)",add
2022-05-15,TARTELETTE,25.0,15.44081766326489,16.974859638493584,"(2, 1, 1)(2, 0, 1, 7)",add
2022-05-16,TARTELETTE,4.0,4.760983098391241,4.604384838573842,"(2, 1, 1)(2, 0, 1, 7)",add
2022-05-17,TARTELETTE,0.0,4.5383016686992566,4.415776323265745,"(2, 1, 1)(2, 0, 1, 7)",add
2022-05-18,TARTELETTE,12.0,3.9150290504306113,3.9211136441046013,"(2, 1, 1)(2, 0, 1, 7)",add
2022-05-19,TARTELETTE,9.0,6.693736907609276,7.328245186084346,"(2, 1, 1)(2, 0, 1, 7)",add
2022-05-20,TARTELETTE,4.0,6.03527712158532,5.887782931227312,"(2, 1, 1)(2, 0, 1, 7)",add
2022-05-21,TARTELETTE,6.0,8.499460065614139,9.902396688881693,"(2, 1, 1)(2, 0, 1, 7)",add
2022-05-22,TARTELETTE,12.0,15.402782786067245,17.084086229925337,"(2, 1, 1)(2, 0, 1, 7)",add
2022-05-23,TARTELETTE,1.0,4.78982342399298,4.713611430005594,"(2, 1, 1)(2, 0, 1, 7)",add
2022-05-24,TARTELETTE,8.0,4.569354567653062,4.525002914697498,"(2, 1, 1)(2, 0, 1, 7)",add
2022-05-25,TARTELETTE,10.0,3.949684016143152,4.030340235536354,"(2, 1, 1)(2, 0, 1, 7)",add
2022-05-26,TARTELETTE,11.0,6.710822904422969,7.437471777516098,"(2, 1, 1)(2, 0, 1, 7)",add
2022-05-27,TARTELETTE,6.0,6.056516368641461,5.997009522659065,"(2, 1, 1)(2, 0, 1, 7)",add
2022-05-28,TARTELETTE,12.0,8.504909108197449,10.011623280313444,"(2, 1, 1)(2, 0, 1, 7)",add
2022-05-29,TARTELETTE,33.0,15.364527996059277,17.19331282135709,"(2, 1, 1)(2, 0, 1, 7)",add
2022-05-30,TARTELETTE,11.0,4.818813501404614,4.822838021437347,"(2, 1, 1)(2, 0, 1, 7)",add
2022-05-31,TARTELETTE,7.0,4.599983485915095,4.63422950612925,"(2, 1, 1)(2, 0, 1, 7)",add
2022-06-01,TARTELETTE,12.0,3.984150305345053,4.139566826968107,"(2, 1, 1)(2, 0, 1, 7)",add
2022-06-02,TARTELETTE,6.0,6.7277442862934365,7.54669836894785,"(2, 1, 1)(2, 0, 1, 7)",add
2022-06-03,TARTELETTE,4.0,6.0775924063190345,6.106236114090817,"(2, 1, 1)(2, 0, 1, 7)",add
2022-06-04,TARTELETTE,8.0,8.510365434606006,10.120849871745197,"(2, 1, 1)(2, 0, 1, 7)",add
2022-06-05,TARTELETTE,28.0,15.326380144007196,17.302539412788843,"(2, 1, 1)(2, 0, 1, 7)",add
2022-06-06,TARTELETTE,18.0,4.847717573281697,4.932064612869099,"(2, 1, 1)(2, 0, 1, 7)",add
2022-06-07,TARTELETTE,9.0,4.630350466003746,4.743456097561002,"(2, 1, 1)(2, 0, 1, 7)",add
2022-06-08,TARTELETTE,1.0,4.018406588213237,4.248793418399858,"(2, 1, 1)(2, 0, 1, 7)",add
2022-06-09,TARTELETTE,5.0,6.744541413311824,7.655924960379603,"(2, 1, 1)(2, 0, 1, 7)",add
2022-06-10,TARTELETTE,11.0,6.0985259703128065,6.21546270552257,"(2, 1, 1)(2, 0, 1, 7)",add
2022-06-11,TARTELETTE,14.0,8.515799431995747,10.23007646317695,"(2, 1, 1)(2, 0, 1, 7)",add
2022-06-12,TARTELETTE,12.0,15.288434790795005,17.411766004220596,"(2, 1, 1)(2, 0, 1, 7)",add
2022-06-13,TARTELETTE,2.0,4.876466751375302,5.041291204300851,"(2, 1, 1)(2, 0, 1, 7)",add
2022-06-14,TARTELETTE,4.0,4.660504296490712,4.852682688992755,"(2, 1, 1)(2, 0, 1, 7)",add
2022-06-15,TARTELETTE,2.0,4.052447539069897,4.358020009831611,"(2, 1, 1)(2, 0, 1, 7)",add
2022-06-16,TARTELETTE,7.0,6.761226701946921,7.765151551811356,"(2, 1, 1)(2, 0, 1, 7)",add
2022-06-17,TARTELETTE,9.0,6.11932379244506,6.324689296954321,"(2, 1, 1)(2, 0, 1, 7)",add
2022-06-18,TARTELETTE,10.0,8.521202499189119,10.3393030546087,"(2, 1, 1)(2, 0, 1, 7)",add
2022-06-19,TARTELETTE,25.0,15.250719107511138,17.520992595652345,"(2, 1, 1)(2, 0, 1, 7)",add
2022-06-20,TARTELETTE,5.0,4.905041488483805,5.150517795732604,"(2, 1, 1)(2, 0, 1, 7)",add
2022-06-21,TARTELETTE,4.0,4.6904602690886295,4.961909280424508,"(2, 1, 1)(2, 0, 1, 7)",add
2022-06-22,TARTELETTE,8.0,4.0862725587113395,4.467246601263362,"(2, 1, 1)(2, 0, 1, 7)",add
2022-06-23,TARTELETTE,3.0,6.777804302148545,7.874378143243107,"(2, 1, 1)(2, 0, 1, 7)",add
2022-06-24,TARTELETTE,5.0,6.139988459509765,6.433915888386074,"(2, 1, 1)(2, 0, 1, 7)",add
2022-06-25,TARTELETTE,3.0,8.526572247560853,10.448529646040454,"(2, 1, 1)(2, 0, 1, 7)",add
2022-06-26,TARTELETTE,15.0,15.213240048023508,17.6302191870841,"(2, 1, 1)(2, 0, 1, 7)",add
2022-06-27,TARTELETTE,5.0,4.933436823232164,5.259744387164355,"(2, 1, 1)(2, 0, 1, 7)",add
2022-06-28,TARTELETTE,3.0,4.720223764357202,5.071135871856259,"(2, 1, 1)(2, 0, 1, 7)",add
2022-06-29,TARTELETTE,2.0,4.1198824394283085,4.576473192695115,"(2, 1, 1)(2, 0, 1, 7)",add
2022-06-30,TARTELETTE,9.0,6.794275916256612,7.98360473467486,"(2, 1, 1)(2, 0, 1, 7)",add
2022-07-01,TARTELETTE,4.0,6.8827751697495225,6.639962662419256,"(2, 1, 1)(2, 0, 1, 7)",add
2022-07-02,TARTELETTE,10.0,7.486351868832347,7.828236005737185,"(2, 1, 1)(2, 0, 1, 7)",add
2022-07-03,TARTELETTE,39.0,17.901971051044185,18.517736325277532,"(2, 1, 1)(2, 0, 1, 7)",add
2022-07-04,TARTELETTE,3.0,5.642085404575406,4.994284036673813,"(2, 1, 1)(2, 0, 1, 7)",add
2022-07-05,TARTELETTE,5.0,4.973077339991672,4.868048645059696,"(2, 1, 1)(2, 0, 1, 7)",add
2022-07-06,TARTELETTE,2.0,4.087024961949983,3.9293853788253457,"(2, 1, 1)(2, 0, 1, 7)",add
2022-07-07,TARTELETTE,22.0,7.3758681181181025,6.008507622946013,"(2, 1, 1)(2, 0, 1, 7)",add
2022-07-08,TARTELETTE,5.0,7.3234705629850145,6.736266016177484,"(2, 1, 1)(2, 0, 1, 7)",add
2022-07-09,TARTELETTE,15.0,8.342027075944255,7.924539359495413,"(2, 1, 1)(2, 0, 1, 7)",add
2022-07-10,TARTELETTE,23.0,18.638640679496394,18.61403967903576,"(2, 1, 1)(2, 0, 1, 7)",add
2022-07-11,TARTELETTE,8.0,5.814657100315534,5.090587390432042,"(2, 1, 1)(2, 0, 1, 7)",add
2022-07-12,TARTELETTE,1.0,5.519955246699617,4.964351998817925,"(2, 1, 1)(2, 0, 1, 7)",add
2022-07-13,TARTELETTE,11.0,4.669570215144585,4.025688732583575,"(2, 1, 1)(2, 0, 1, 7)",add
2022-07-14,TARTELETTE,18.0,7.009217477173585,6.104810976704241,"(2, 1, 1)(2, 0, 1, 7)",add
2022-07-15,TARTELETTE,10.0,7.488497586751913,6.832569369935713,"(2, 1, 1)(2, 0, 1, 7)",add
2022-07-16,TARTELETTE,16.0,8.614216723030108,8.020842713253643,"(2, 1, 1)(2, 0, 1, 7)",add
2022-07-17,TARTELETTE,25.0,18.8798008815643,18.710343032793986,"(2, 1, 1)(2, 0, 1, 7)",add
2022-07-18,TARTELETTE,12.0,5.911874618871066,5.18689074419027,"(2, 1, 1)(2, 0, 1, 7)",add
2022-07-19,TARTELETTE,0.0,5.713377665800195,5.060655352576154,"(2, 1, 1)(2, 0, 1, 7)",add
2022-07-20,TARTELETTE,13.0,4.872227117579451,4.121992086341802,"(2, 1, 1)(2, 0, 1, 7)",add
2022-07-21,TARTELETTE,19.0,6.967906863964757,6.201114330462469,"(2, 1, 1)(2, 0, 1, 7)",add
2022-07-22,TARTELETTE,2.0,7.583728249624056,6.928872723693941,"(2, 1, 1)(2, 0, 1, 7)",add
2022-07-23,TARTELETTE,19.0,8.73689983516773,8.11714606701187,"(2, 1, 1)(2, 0, 1, 7)",add
2022-07-24,TARTELETTE,21.0,18.993828415418626,18.806646386552217,"(2, 1, 1)(2, 0, 1, 7)",add
2022-07-25,TARTELETTE,2.0,5.989794131069516,5.283194097948498,"(2, 1, 1)(2, 0, 1, 7)",add
2022-07-26,TARTELETTE,8.0,5.816022413202033,5.1569587063343825,"(2, 1, 1)(2, 0, 1, 7)",add
2022-07-27,TARTELETTE,15.0,4.977300103553514,4.2182954401000305,"(2, 1, 1)(2, 0, 1, 7)",add
2022-07-28,TARTELETTE,16.0,7.010172587240517,6.297417684220698,"(2, 1, 1)(2, 0, 1, 7)",add
2022-07-29,TARTELETTE,13.0,7.6610258672216816,7.02517607745217,"(2, 1, 1)(2, 0, 1, 7)",add
2022-07-30,TARTELETTE,24.0,8.821172086838441,8.213449420770099,"(2, 1, 1)(2, 0, 1, 7)",add
2022-07-31,TARTELETTE,10.0,19.075192367670724,18.902949740310444,"(2, 1, 1)(2, 0, 1, 7)",add
2022-08-01,TARTELETTE,7.0,6.062751523525675,5.379497451706727,"(2, 1, 1)(2, 0, 1, 7)",add
2022-08-02,TARTELETTE,23.0,5.895342519433049,5.253262060092611,"(2, 1, 1)(2, 0, 1, 7)",add
2022-08-03,TARTELETTE,2.0,5.057299955727717,4.314598793858259,"(2, 1, 1)(2, 0, 1, 7)",add
2022-08-04,TARTELETTE,9.0,7.073903539199325,6.393721037978926,"(2, 1, 1)(2, 0, 1, 7)",add
2022-08-05,TARTELETTE,6.0,7.733711909567845,7.121479431210398,"(2, 1, 1)(2, 0, 1, 7)",add
2022-08-06,TARTELETTE,6.0,8.895572210708206,8.309752774528327,"(2, 1, 1)(2, 0, 1, 7)",add
2022-08-07,TARTELETTE,21.0,19.14816067469927,18.99925309406867,"(2, 1, 1)(2, 0, 1, 7)",add
2022-08-08,TARTELETTE,18.0,6.134429436807588,5.475800805464956,"(2, 1, 1)(2, 0, 1, 7)",add
2022-08-09,TARTELETTE,15.0,5.968665986693762,5.349565413850838,"(2, 1, 1)(2, 0, 1, 7)",add
2022-08-10,TARTELETTE,14.0,5.130853992578467,4.410902147616488,"(2, 1, 1)(2, 0, 1, 7)",add
2022-08-11,TARTELETTE,4.0,7.14314395457507,6.490024391737155,"(2, 1, 1)(2, 0, 1, 7)",add
2022-08-12,TARTELETTE,5.0,7.805208534149104,7.217782784968626,"(2, 1, 1)(2, 0, 1, 7)",add
2022-08-13,TARTELETTE,10.0,8.967431537418387,8.406056128286556,"(2, 1, 1)(2, 0, 1, 7)",add
2022-08-14,TARTELETTE,18.0,19.218967540556704,19.0955564478269,"(2, 1, 1)(2, 0, 1, 7)",add
2022-08-15,TARTELETTE,9.0,6.205773906795541,5.572104159223184,"(2, 1, 1)(2, 0, 1, 7)",add
2022-08-16,TARTELETTE,10.0,6.040444215777222,5.445868767609067,"(2, 1, 1)(2, 0, 1, 7)",add
2022-08-17,TARTELETTE,11.0,5.202747397052357,4.507205501374715,"(2, 1, 1)(2, 0, 1, 7)",add
2022-08-18,TARTELETTE,6.0,7.213794948070426,6.5863277454953835,"(2, 1, 1)(2, 0, 1, 7)",add
2022-08-19,TARTELETTE,1.0,7.876394861390697,7.3140861387268545,"(2, 1, 1)(2, 0, 1, 7)",add
2022-08-20,TARTELETTE,13.0,9.038633417135634,8.502359482044785,"(2, 1, 1)(2, 0, 1, 7)",add
2022-08-21,TARTELETTE,19.0,19.289214473925334,19.19185980158513,"(2, 1, 1)(2, 0, 1, 7)",add
2022-08-22,TARTELETTE,12.0,6.277027961617794,5.668407512981411,"(2, 1, 1)(2, 0, 1, 7)",add
2022-08-23,TARTELETTE,10.0,6.111820730019441,5.542172121367296,"(2, 1, 1)(2, 0, 1, 7)",add
2022-08-24,TARTELETTE,9.0,5.274209437975229,4.603508855132944,"(2, 1, 1)(2, 0, 1, 7)",add
2022-08-25,TARTELETTE,10.0,7.284803555112114,6.682631099253612,"(2, 1, 1)(2, 0, 1, 7)",add
2022-08-26,TARTELETTE,3.0,7.947496729470614,7.410389492485083,"(2, 1, 1)(2, 0, 1, 7)",add
2022-08-27,TARTELETTE,12.0,9.109661665192858,8.598662835803012,"(2, 1, 1)(2, 0, 1, 7)",add
2022-08-28,TARTELETTE,12.0,19.359312887711617,19.28816315534336,"(2, 1, 1)(2, 0, 1, 7)",add
2022-08-29,TARTELETTE,3.0,6.3482540333373905,5.76471086673964,"(2, 1, 1)(2, 0, 1, 7)",add
2022-08-30,TARTELETTE,9.0,6.18308929021511,5.638475475125524,"(2, 1, 1)(2, 0, 1, 7)",add
2022-08-31,TARTELETTE,1.0,5.345555903350398,4.6998122088911725,"(2, 1, 1)(2, 0, 1, 7)",add
2022-09-01,TARTELETTE,0.0,7.355899279452548,6.778934453011841,"(2, 1, 1)(2, 0, 1, 7)",add
2022-09-02,TARTELETTE,7.0,8.018572154514787,7.506692846243312,"(2, 1, 1)(2, 0, 1, 7)",add
2022-09-03,TARTELETTE,6.0,9.180640569614987,8.69496618956124,"(2, 1, 1)(2, 0, 1, 7)",add
2022-09-04,TARTELETTE,8.0,19.429368470434,19.384466509101586,"(2, 1, 1)(2, 0, 1, 7)",add
2022-09-05,TARTELETTE,6.0,6.41946816059032,5.861014220497869,"(2, 1, 1)(2, 0, 1, 7)",add
2022-09-06,TARTELETTE,9.0,6.254325361171155,5.734778828883753,"(2, 1, 1)(2, 0, 1, 7)",add
2022-09-07,TARTELETTE,7.0,5.416867916567528,4.796115562649401,"(2, 1, 1)(2, 0, 1, 7)",add
2022-09-08,TARTELETTE,4.0,7.4270126335820805,6.875237806770068,"(2, 1, 1)(2, 0, 1, 7)",add
2022-09-09,TARTELETTE,10.0,8.089636040745686,7.602996200001541,"(2, 1, 1)(2, 0, 1, 7)",add
2022-09-10,TARTELETTE,4.0,9.25160205925009,8.79126954331947,"(2, 1, 1)(2, 0, 1, 7)",add
2022-09-11,TARTELETTE,14.0,19.49940837289711,19.480769862859816,"(2, 1, 1)(2, 0, 1, 7)",add
2022-09-12,TARTELETTE,8.0,6.490674463978397,5.9573175742560975,"(2, 1, 1)(2, 0, 1, 7)",add
2022-09-13,TARTELETTE,1.0,6.325548329512694,5.83108218264198,"(2, 1, 1)(2, 0, 1, 7)",add
2022-09-14,TARTELETTE,4.0,5.48816631788876,4.89241891640763,"(2, 1, 1)(2, 0, 1, 7)",add
2022-09-15,TARTELETTE,2.0,7.498125767241263,6.971541160528297,"(2, 1, 1)(2, 0, 1, 7)",add
2022-09-16,TARTELETTE,4.0,8.160692217344081,7.6992995537597695,"(2, 1, 1)(2, 0, 1, 7)",add
2022-09-17,TARTELETTE,16.0,9.322554336744169,8.887572897077698,"(2, 1, 1)(2, 0, 1, 7)",add
2022-09-18,TARTELETTE,17.0,19.5694395703071,19.577073216618043,"(2, 1, 1)(2, 0, 1, 7)",add
2022-09-19,TARTELETTE,0.0,6.561874002472743,6.053620928014326,"(2, 1, 1)(2, 0, 1, 7)",add
2022-09-20,TARTELETTE,0.0,6.396763175908436,5.927385536400209,"(2, 1, 1)(2, 0, 1, 7)",add
2022-09-21,TARTELETTE,0.0,5.559456461408906,4.988722270165859,"(2, 1, 1)(2, 0, 1, 7)",add
2022-09-22,TARTELETTE,7.0,7.569234095293494,7.067844514286525,"(2, 1, 1)(2, 0, 1, 7)",add
2022-09-23,TARTELETTE,3.0,8.23174166841687,7.795602907517998,"(2, 1, 1)(2, 0, 1, 7)",add
2022-09-24,TARTELETTE,2.0,9.393499509705492,8.983876250835927,"(2, 1, 1)(2, 0, 1, 7)",add
2022-09-25,TARTELETTE,16.0,19.63946385494898,19.67337657037627,"(2, 1, 1)(2, 0, 1, 7)",add
2022-09-26,TARTELETTE,3.0,6.633067048540372,6.149924281772555,"(2, 1, 1)(2, 0, 1, 7)",add
2022-09-27,TARTELETTE,4.0,6.467971180272636,6.023688890158438,"(2, 1, 1)(2, 0, 1, 7)",add
2022-09-28,TARTELETTE,10.0,5.630739722972318,5.085025623924087,"(2, 1, 1)(2, 0, 1, 7)",add
2022-09-29,TARTELETTE,3.0,7.64033644028717,7.164147868044754,"(2, 1, 1)(2, 0, 1, 7)",add
2022-09-30,TARTELETTE,3.0,8.302784647198258,7.891906261276225,"(2, 1, 1)(2, 0, 1, 7)",add
2021-01-02,TRADITIONAL BAGUETTE,128.0,0.0,148.15297020961486,"(1, 1, 1)(1, 0, 1, 7)",add
2021-01-03,TRADITIONAL BAGUETTE,171.0,127.79871731685395,161.2643840366237,"(1, 1, 1)(1, 0, 1, 7)",add
2021-01-04,TRADITIONAL BAGUETTE,128.0,159.57105176180866,87.80384040206322,"(1, 1, 1)(1, 0, 1, 7)",add
2021-01-05,TRADITIONAL BAGUETTE,99.0,132.81867164715774,97.84227780448956,"(1, 1, 1)(1, 0, 1, 7)",add
2021-01-06,TRADITIONAL BAGUETTE,0.0,112.62255190732645,5.647635655407882,"(1, 1, 1)(1, 0, 1, 7)",add
2021-01-07,TRADITIONAL BAGUETTE,109.0,48.1864704670151,111.34279230494778,"(1, 1, 1)(1, 0, 1, 7)",add
2021-01-08,TRADITIONAL BAGUETTE,78.0,107.58298747614135,117.05382923375872,"(1, 1, 1)(1, 0, 1, 7)",add
2021-01-09,TRADITIONAL BAGUETTE,135.0,96.15427461359647,137.17890046264102,"(1, 1, 1)(1, 0, 1, 7)",add
2021-01-10,TRADITIONAL BAGUETTE,140.0,151.9876567199871,164.12417884703035,"(1, 1, 1)(1, 0, 1, 7)",add
2021-01-11,TRADITIONAL BAGUETTE,88.0,113.69759538798071,78.8502351983412,"(1, 1, 1)(1, 0, 1, 7)",add
2021-01-12,TRADITIONAL BAGUETTE,71.0,79.65437749425946,67.06054300032318,"(1, 1, 1)(1, 0, 1, 7)",add
2021-01-13,TRADITIONAL BAGUETTE,0.0,17.168287233664245,-24.870118856536365,"(1, 1, 1)(1, 0, 1, 7)",add
2021-01-14,TRADITIONAL BAGUETTE,77.0,76.60353595944146,96.52310250272726,"(1, 1, 1)(1, 0, 1, 7)",add
2021-01-15,TRADITIONAL BAGUETTE,85.0,61.25854696628808,87.67420139269022,"(1, 1, 1)(1, 0, 1, 7)",add
2021-01-16,TRADITIONAL BAGUETTE,130.0,111.7941377675973,131.9206825420034,"(1, 1, 1)(1, 0, 1, 7)",add
2021-01-17,TRADITIONAL BAGUETTE,154.0,138.26434618669464,155.39072987456296,"(1, 1, 1)(1, 0, 1, 7)",add
2021-01-18,TRADITIONAL BAGUETTE,80.0,108.56909801907608,86.87008633631342,"(1, 1, 1)(1, 0, 1, 7)",add
2021-01-19,TRADITIONAL BAGUETTE,94.0,69.45028254032907,66.26924207452423,"(1, 1, 1)(1, 0, 1, 7)",add
2021-01-20,TRADITIONAL BAGUETTE,0.0,24.373941588253828,-10.409575376232112,"(1, 1, 1)(1, 0, 1, 7)",add
2021-01-21,TRADITIONAL BAGUETTE,98.0,75.306613288586,96.5129373927332,"(1, 1, 1)(1, 0, 1, 7)",add
2021-01-22,TRADITIONAL BAGUETTE,84.0,84.15825524653246,100.8645082938363,"(1, 1, 1)(1, 0, 1, 7)",add
2021-01-23,TRADITIONAL BAGUETTE,106.0,118.81821262644755,138.18767999835757,"(1, 1, 1)(1, 0, 1, 7)",add
2021-01-24,TRADITIONAL BAGUETTE,143.0,128.38379150776268,146.7138731206846,"(1, 1, 1)(1, 0, 1, 7)",add
2021-01-25,TRADITIONAL BAGUETTE,86.0,92.08129702686459,76.13981218920561,"(1, 1, 1)(1, 0, 1, 7)",add
2021-01-26,TRADITIONAL BAGUETTE,70.0,80.0776806004174,69.52891543813661,"(1, 1, 1)(1, 0, 1, 7)",add
2021-01-27,TRADITIONAL BAGUETTE,0.0,2.919569502684368,-23.531487878355165,"(1, 1, 1)(1, 0, 1, 7)",add
2021-01-28,TRADITIONAL BAGUETTE,71.0,78.99039050242132,88.442392368879,"(1, 1, 1)(1, 0, 1, 7)",add
2021-01-29,TRADITIONAL BAGUETTE,68.0,65.56545237233988,80.38004955802401,"(1, 1, 1)(1, 0, 1, 7)",add
2021-01-30,TRADITIONAL BAGUETTE,113.0,100.15814675328096,117.41414580986657,"(1, 1, 1)(1, 0, 1, 7)",add
2021-01-31,TRADITIONAL BAGUETTE,145.0,132.01304798414628,144.40839909229413,"(1, 1, 1)(1, 0, 1, 7)",add
2021-02-01,TRADITIONAL BAGUETTE,72.0,89.78882933853781,78.20136836900097,"(1, 1, 1)(1, 0, 1, 7)",add
2021-02-02,TRADITIONAL BAGUETTE,96.0,66.78767834894899,62.07244075087082,"(1, 1, 1)(1, 0, 1, 7)",add
2021-02-03,TRADITIONAL BAGUETTE,0.0,17.917292952841734,-10.58659421582,"(1, 1, 1)(1, 0, 1, 7)",add
2021-02-04,TRADITIONAL BAGUETTE,91.0,75.07174783191815,88.23072686300002,"(1, 1, 1)(1, 0, 1, 7)",add
2021-02-05,TRADITIONAL BAGUETTE,114.0,78.65268413022442,91.03693409676211,"(1, 1, 1)(1, 0, 1, 7)",add
2021-02-06,TRADITIONAL BAGUETTE,131.0,132.71179729473786,146.9307710648413,"(1, 1, 1)(1, 0, 1, 7)",add
2021-02-07,TRADITIONAL BAGUETTE,167.0,150.0146322659564,169.02771564088133,"(1, 1, 1)(1, 0, 1, 7)",add
2021-02-08,TRADITIONAL BAGUETTE,106.0,104.45215062389748,100.40448689248537,"(1, 1, 1)(1, 0, 1, 7)",add
2021-02-09,TRADITIONAL BAGUETTE,85.0,101.64622195283525,96.72326173032589,"(1, 1, 1)(1, 0, 1, 7)",add
2021-02-10,TRADITIONAL BAGUETTE,0.0,15.574593047141988,-2.4390367241455095,"(1, 1, 1)(1, 0, 1, 7)",add
2021-02-11,TRADITIONAL BAGUETTE,70.0,82.9544309538371,91.04850935255514,"(1, 1, 1)(1, 0, 1, 7)",add
2021-02-12,TRADITIONAL BAGUETTE,88.0,79.26898066395344,85.34244990852073,"(1, 1, 1)(1, 0, 1, 7)",add
2021-02-13,TRADITIONAL BAGUETTE,114.0,116.81904472361151,124.76592182235663,"(1, 1, 1)(1, 0, 1, 7)",add
2021-02-14,TRADITIONAL BAGUETTE,167.0,142.25267706744427,151.71069200657,"(1, 1, 1)(1, 0, 1, 7)",add
2021-02-15,TRADITIONAL BAGUETTE,135.0,104.2532823774125,92.93901039158432,"(1, 1, 1)(1, 0, 1, 7)",add
2021-02-16,TRADITIONAL BAGUETTE,108.0,114.0456727772028,104.52309935116648,"(1, 1, 1)(1, 0, 1, 7)",add
2021-02-17,TRADITIONAL BAGUETTE,0.0,29.143842998255707,15.234825035123208,"(1, 1, 1)(1, 0, 1, 7)",add
2021-02-18,TRADITIONAL BAGUETTE,88.0,80.71376682860598,96.08865794667581,"(1, 1, 1)(1, 0, 1, 7)",add
2021-02-19,TRADITIONAL BAGUETTE,124.0,94.56628904049957,100.71117048645526,"(1, 1, 1)(1, 0, 1, 7)",add
2021-02-20,TRADITIONAL BAGUETTE,165.0,140.33568073906827,148.1761639310144,"(1, 1, 1)(1, 0, 1, 7)",add
2021-02-21,TRADITIONAL BAGUETTE,248.0,183.87127456752293,193.1005934106916,"(1, 1, 1)(1, 0, 1, 7)",add
2021-02-22,TRADITIONAL BAGUETTE,164.0,170.91574911668076,158.3956275691881,"(1, 1, 1)(1, 0, 1, 7)",add
2021-02-23,TRADITIONAL BAGUETTE,179.0,142.77851358846033,145.53942500535518,"(1, 1, 1)(1, 0, 1, 7)",add
2021-02-24,TRADITIONAL BAGUETTE,0.0,79.9064349683517,68.0688156305773,"(1, 1, 1)(1, 0, 1, 7)",add
2021-02-25,TRADITIONAL BAGUETTE,210.0,96.1503595712599,123.8582121697942,"(1, 1, 1)(1, 0, 1, 7)",add
2021-02-26,TRADITIONAL BAGUETTE,222.0,189.27848363301254,180.42869883033646,"(1, 1, 1)(1, 0, 1, 7)",add
2021-02-27,TRADITIONAL BAGUETTE,344.0,224.80710960001826,235.91137187706744,"(1, 1, 1)(1, 0, 1, 7)",add
2021-02-28,TRADITIONAL BAGUETTE,426.0,331.4552161822086,332.4108445684106,"(1, 1, 1)(1, 0, 1, 7)",add
2021-03-01,TRADITIONAL BAGUETTE,201.0,310.6747478101976,308.8252129655265,"(1, 1, 1)(1, 0, 1, 7)",add
2021-03-02,TRADITIONAL BAGUETTE,199.0,212.94554476326493,244.21287046502883,"(1, 1, 1)(1, 0, 1, 7)",add
2021-03-03,TRADITIONAL BAGUETTE,0.0,107.9666638576334,111.00093702868466,"(1, 1, 1)(1, 0, 1, 7)",add
2021-03-04,TRADITIONAL BAGUETTE,194.0,152.35349979568753,170.79157192304118,"(1, 1, 1)(1, 0, 1, 7)",add
2021-03-05,TRADITIONAL BAGUETTE,191.0,210.4528806147835,188.7901893161713,"(1, 1, 1)(1, 0, 1, 7)",add
2021-03-06,TRADITIONAL BAGUETTE,276.0,252.4609006370804,235.64787448722723,"(1, 1, 1)(1, 0, 1, 7)",add
2021-03-07,TRADITIONAL BAGUETTE,272.0,323.6010449113312,296.12792100095487,"(1, 1, 1)(1, 0, 1, 7)",add
2021-03-08,TRADITIONAL BAGUETTE,135.0,193.59546925306284,181.01019362418413,"(1, 1, 1)(1, 0, 1, 7)",add
2021-03-09,TRADITIONAL BAGUETTE,132.0,161.67195472884617,157.3768557451107,"(1, 1, 1)(1, 0, 1, 7)",add
2021-03-10,TRADITIONAL BAGUETTE,0.0,32.044365938133,23.21312275491033,"(1, 1, 1)(1, 0, 1, 7)",add
2021-03-11,TRADITIONAL BAGUETTE,135.0,147.51078610973238,148.6374883235412,"(1, 1, 1)(1, 0, 1, 7)",add
2021-03-12,TRADITIONAL BAGUETTE,130.0,157.63945763675818,144.89005887840742,"(1, 1, 1)(1, 0, 1, 7)",add
2021-03-13,TRADITIONAL BAGUETTE,196.0,205.71849883613697,189.51884370911864,"(1, 1, 1)(1, 0, 1, 7)",add
2021-03-14,TRADITIONAL BAGUETTE,287.0,243.69599968060308,222.5904806620585,"(1, 1, 1)(1, 0, 1, 7)",add
2021-03-15,TRADITIONAL BAGUETTE,136.0,171.80609512436394,147.8481543311486,"(1, 1, 1)(1, 0, 1, 7)",add
2021-03-16,TRADITIONAL BAGUETTE,152.0,141.48358423626433,144.56804512584034,"(1, 1, 1)(1, 0, 1, 7)",add
2021-03-17,TRADITIONAL BAGUETTE,0.0,29.3539533699482,27.052763798235418,"(1, 1, 1)(1, 0, 1, 7)",add
2021-03-18,TRADITIONAL BAGUETTE,92.0,134.62822556361937,152.1426686526523,"(1, 1, 1)(1, 0, 1, 7)",add
2021-03-19,TRADITIONAL BAGUETTE,100.0,117.62445823306852,125.0946573570012,"(1, 1, 1)(1, 0, 1, 7)",add
2021-03-20,TRADITIONAL BAGUETTE,228.0,174.67013694414072,168.16494527020933,"(1, 1, 1)(1, 0, 1, 7)",add
2021-03-21,TRADITIONAL BAGUETTE,237.0,263.6665833120413,237.24459512526025,"(1, 1, 1)(1, 0, 1, 7)",add
2021-03-22,TRADITIONAL BAGUETTE,145.0,129.2079782271059,117.87274869159077,"(1, 1, 1)(1, 0, 1, 7)",add
2021-03-23,TRADITIONAL BAGUETTE,119.0,142.62311337705756,137.11402762871464,"(1, 1, 1)(1, 0, 1, 7)",add
2021-03-24,TRADITIONAL BAGUETTE,0.0,0.23045284049496217,1.2499037645609405,"(1, 1, 1)(1, 0, 1, 7)",add
2021-03-25,TRADITIONAL BAGUETTE,143.0,114.98990079237072,133.720312492913,"(1, 1, 1)(1, 0, 1, 7)",add
2021-03-26,TRADITIONAL BAGUETTE,123.0,138.94037864198725,146.90305463733674,"(1, 1, 1)(1, 0, 1, 7)",add
2021-03-27,TRADITIONAL BAGUETTE,141.0,199.5267972215409,204.51075493804709,"(1, 1, 1)(1, 0, 1, 7)",add
2021-03-28,TRADITIONAL BAGUETTE,230.0,201.89845459947742,202.47050885504376,"(1, 1, 1)(1, 0, 1, 7)",add
2021-03-29,TRADITIONAL BAGUETTE,130.0,125.64893002929773,101.38605234624217,"(1, 1, 1)(1, 0, 1, 7)",add
2021-03-30,TRADITIONAL BAGUETTE,141.0,122.76559630626178,113.93691796506214,"(1, 1, 1)(1, 0, 1, 7)",add
2021-03-31,TRADITIONAL BAGUETTE,0.0,12.8156373844634,3.2772961150645585,"(1, 1, 1)(1, 0, 1, 7)",add
2021-04-01,TRADITIONAL BAGUETTE,113.0,117.72161125567061,136.469865633802,"(1, 1, 1)(1, 0, 1, 7)",add
2021-04-02,TRADITIONAL BAGUETTE,148.0,114.22421691531665,127.94019227800936,"(1, 1, 1)(1, 0, 1, 7)",add
2021-04-03,TRADITIONAL BAGUETTE,294.0,194.09137231165192,200.87658643297414,"(1, 1, 1)(1, 0, 1, 7)",add
2021-04-04,TRADITIONAL BAGUETTE,400.0,300.05982763798403,291.571346330306,"(1, 1, 1)(1, 0, 1, 7)",add
2021-04-05,TRADITIONAL BAGUETTE,251.0,243.63832435862895,230.84023977340908,"(1, 1, 1)(1, 0, 1, 7)",add
2021-04-06,TRADITIONAL BAGUETTE,163.0,222.7291998840678,238.9380212991042,"(1, 1, 1)(1, 0, 1, 7)",add
2021-04-07,TRADITIONAL BAGUETTE,0.0,52.2917712017437,72.14513056566079,"(1, 1, 1)(1, 0, 1, 7)",add
2021-04-08,TRADITIONAL BAGUETTE,145.0,136.58245393099122,167.8216245367064,"(1, 1, 1)(1, 0, 1, 7)",add
2021-04-09,TRADITIONAL BAGUETTE,137.0,160.3474541609005,166.76154485571652,"(1, 1, 1)(1, 0, 1, 7)",add
2021-04-10,TRADITIONAL BAGUETTE,178.0,227.42954653096052,226.9533997628791,"(1, 1, 1)(1, 0, 1, 7)",add
2021-04-11,TRADITIONAL BAGUETTE,267.0,264.20930642191917,249.6046422555913,"(1, 1, 1)(1, 0, 1, 7)",add
2021-04-12,TRADITIONAL BAGUETTE,170.0,167.43204236860913,129.17159816336857,"(1, 1, 1)(1, 0, 1, 7)",add
2021-04-13,TRADITIONAL BAGUETTE,161.0,150.17686350579152,131.75414648602273,"(1, 1, 1)(1, 0, 1, 7)",add
2021-04-14,TRADITIONAL BAGUETTE,117.0,29.740858588287153,17.819351696251402,"(1, 1, 1)(1, 0, 1, 7)",add
2021-04-15,TRADITIONAL BAGUETTE,138.0,199.0897994140737,206.6768592475646,"(1, 1, 1)(1, 0, 1, 7)",add
2021-04-16,TRADITIONAL BAGUETTE,169.0,150.1538348822783,181.70509105048205,"(1, 1, 1)(1, 0, 1, 7)",add
2021-04-17,TRADITIONAL BAGUETTE,217.0,231.94620083464568,247.2159941267314,"(1, 1, 1)(1, 0, 1, 7)",add
2021-04-18,TRADITIONAL BAGUETTE,329.0,288.12041323634975,290.06702373469034,"(1, 1, 1)(1, 0, 1, 7)",add
2021-04-19,TRADITIONAL BAGUETTE,136.0,212.63544569993712,184.17752115469142,"(1, 1, 1)(1, 0, 1, 7)",add
2021-04-20,TRADITIONAL BAGUETTE,210.0,140.70693465676763,140.65701607230307,"(1, 1, 1)(1, 0, 1, 7)",add
2021-04-21,TRADITIONAL BAGUETTE,161.0,90.30937864246044,58.11828268390596,"(1, 1, 1)(1, 0, 1, 7)",add
2021-04-22,TRADITIONAL BAGUETTE,199.0,215.9140896940074,221.2511922317315,"(1, 1, 1)(1, 0, 1, 7)",add
2021-04-23,TRADITIONAL BAGUETTE,176.0,201.2205925240032,228.52553518822083,"(1, 1, 1)(1, 0, 1, 7)",add
2021-04-24,TRADITIONAL BAGUETTE,264.0,241.9199001077927,271.3859037699012,"(1, 1, 1)(1, 0, 1, 7)",add
2021-04-25,TRADITIONAL BAGUETTE,294.0,334.37996481272364,336.928987258986,"(1, 1, 1)(1, 0, 1, 7)",add
2021-04-26,TRADITIONAL BAGUETTE,136.0,184.8438760109472,176.08232773140182,"(1, 1, 1)(1, 0, 1, 7)",add
2021-04-27,TRADITIONAL BAGUETTE,106.0,165.46040854894414,155.87910478812,"(1, 1, 1)(1, 0, 1, 7)",add
2021-04-28,TRADITIONAL BAGUETTE,140.0,52.76265732023108,19.640704660278416,"(1, 1, 1)(1, 0, 1, 7)",add
2021-04-29,TRADITIONAL BAGUETTE,130.0,194.3515288865326,170.90603514900943,"(1, 1, 1)(1, 0, 1, 7)",add
2021-04-30,TRADITIONAL BAGUETTE,135.0,148.10070479696284,163.94509309435352,"(1, 1, 1)(1, 0, 1, 7)",add
2021-05-01,TRADITIONAL BAGUETTE,244.0,212.1055785302394,225.9277593251399,"(1, 1, 1)(1, 0, 1, 7)",add
2021-05-02,TRADITIONAL BAGUETTE,301.0,299.21770452360306,298.2773402112811,"(1, 1, 1)(1, 0, 1, 7)",add
2021-05-03,TRADITIONAL BAGUETTE,156.0,169.9480932675163,160.56914295914328,"(1, 1, 1)(1, 0, 1, 7)",add
2021-05-04,TRADITIONAL BAGUETTE,164.0,155.94356515692996,156.39344626615744,"(1, 1, 1)(1, 0, 1, 7)",add
2021-05-05,TRADITIONAL BAGUETTE,169.0,109.05152101854728,76.65649249973762,"(1, 1, 1)(1, 0, 1, 7)",add
2021-05-06,TRADITIONAL BAGUETTE,137.0,195.6457318081443,187.52878805175249,"(1, 1, 1)(1, 0, 1, 7)",add
2021-05-07,TRADITIONAL BAGUETTE,131.0,151.77695316740156,177.75311083906894,"(1, 1, 1)(1, 0, 1, 7)",add
2021-05-08,TRADITIONAL BAGUETTE,247.0,218.31910033753937,238.61250196647921,"(1, 1, 1)(1, 0, 1, 7)",add
2021-05-09,TRADITIONAL BAGUETTE,327.0,300.714949924968,303.6321132037003,"(1, 1, 1)(1, 0, 1, 7)",add
2021-05-10,TRADITIONAL BAGUETTE,166.0,186.81836381125456,174.9791979673311,"(1, 1, 1)(1, 0, 1, 7)",add
2021-05-11,TRADITIONAL BAGUETTE,145.0,167.94533090376356,170.61270377768503,"(1, 1, 1)(1, 0, 1, 7)",add
2021-05-12,TRADITIONAL BAGUETTE,242.0,117.79521173081184,88.29275644623733,"(1, 1, 1)(1, 0, 1, 7)",add
2021-05-13,TRADITIONAL BAGUETTE,371.0,226.75108750629866,206.17890151223367,"(1, 1, 1)(1, 0, 1, 7)",add
2021-05-14,TRADITIONAL BAGUETTE,416.0,297.49275129706723,303.9679641528695,"(1, 1, 1)(1, 0, 1, 7)",add
2021-05-15,TRADITIONAL BAGUETTE,482.0,421.2702050804876,452.73575526512093,"(1, 1, 1)(1, 0, 1, 7)",add
2021-05-16,TRADITIONAL BAGUETTE,423.0,488.0817895125584,530.5827677203396,"(1, 1, 1)(1, 0, 1, 7)",add
2021-05-17,TRADITIONAL BAGUETTE,0.0,291.4157687621347,331.58706964837563,"(1, 1, 1)(1, 0, 1, 7)",add
2021-05-18,TRADITIONAL BAGUETTE,0.0,105.96354409892797,164.2792337430152,"(1, 1, 1)(1, 0, 1, 7)",add
2021-05-19,TRADITIONAL BAGUETTE,0.0,86.32665201006108,42.54093449458851,"(1, 1, 1)(1, 0, 1, 7)",add
2021-05-20,TRADITIONAL BAGUETTE,0.0,123.64092695010714,64.79332150823623,"(1, 1, 1)(1, 0, 1, 7)",add
2021-05-21,TRADITIONAL BAGUETTE,101.0,89.38633150018715,39.885634695174375,"(1, 1, 1)(1, 0, 1, 7)",add
2021-05-22,TRADITIONAL BAGUETTE,277.0,205.73275255171976,149.77657600927506,"(1, 1, 1)(1, 0, 1, 7)",add
2021-05-23,TRADITIONAL BAGUETTE,406.0,292.2269307144898,253.80044203575102,"(1, 1, 1)(1, 0, 1, 7)",add
2021-05-24,TRADITIONAL BAGUETTE,349.0,154.8893249276664,147.03305892506168,"(1, 1, 1)(1, 0, 1, 7)",add
2021-05-25,TRADITIONAL BAGUETTE,139.0,249.1402696315214,272.1654544216218,"(1, 1, 1)(1, 0, 1, 7)",add
2021-05-26,TRADITIONAL BAGUETTE,128.0,138.34889547453332,185.86825343829076,"(1, 1, 1)(1, 0, 1, 7)",add
2021-05-27,TRADITIONAL BAGUETTE,120.0,170.075262542009,196.85505828597317,"(1, 1, 1)(1, 0, 1, 7)",add
2021-05-28,TRADITIONAL BAGUETTE,148.0,174.6821709482798,186.63172806455046,"(1, 1, 1)(1, 0, 1, 7)",add
2021-05-29,TRADITIONAL BAGUETTE,233.0,265.8144373714964,257.84308512422706,"(1, 1, 1)(1, 0, 1, 7)",add
2021-05-30,TRADITIONAL BAGUETTE,324.0,307.78705066667493,290.4504402196849,"(1, 1, 1)(1, 0, 1, 7)",add
2021-05-31,TRADITIONAL BAGUETTE,126.0,167.98810096614042,132.93227696249983,"(1, 1, 1)(1, 0, 1, 7)",add
2021-06-01,TRADITIONAL BAGUETTE,151.0,87.47928736870121,99.293870169155,"(1, 1, 1)(1, 0, 1, 7)",add
2021-06-02,TRADITIONAL BAGUETTE,86.0,130.1850618264822,117.1695958618096,"(1, 1, 1)(1, 0, 1, 7)",add
2021-06-03,TRADITIONAL BAGUETTE,117.0,120.68894250388405,138.29752701744195,"(1, 1, 1)(1, 0, 1, 7)",add
2021-06-04,TRADITIONAL BAGUETTE,152.0,153.74392416416933,161.94094326256334,"(1, 1, 1)(1, 0, 1, 7)",add
2021-06-05,TRADITIONAL BAGUETTE,177.0,247.1652849007177,249.66453847964993,"(1, 1, 1)(1, 0, 1, 7)",add
2021-06-06,TRADITIONAL BAGUETTE,329.0,266.75468164929987,268.11151790031664,"(1, 1, 1)(1, 0, 1, 7)",add
2021-06-07,TRADITIONAL BAGUETTE,116.0,153.57070794495246,117.52290941432334,"(1, 1, 1)(1, 0, 1, 7)",add
2021-06-08,TRADITIONAL BAGUETTE,115.0,91.59433790475029,96.19940445917891,"(1, 1, 1)(1, 0, 1, 7)",add
2021-06-09,TRADITIONAL BAGUETTE,104.0,90.90200019023973,84.12555235272394,"(1, 1, 1)(1, 0, 1, 7)",add
2021-06-10,TRADITIONAL BAGUETTE,111.0,122.63583587402377,132.22344837680293,"(1, 1, 1)(1, 0, 1, 7)",add
2021-06-11,TRADITIONAL BAGUETTE,108.0,143.56500022835922,157.7684295762982,"(1, 1, 1)(1, 0, 1, 7)",add
2021-06-12,TRADITIONAL BAGUETTE,223.0,194.59572947243532,215.41396649560681,"(1, 1, 1)(1, 0, 1, 7)",add
2021-06-13,TRADITIONAL BAGUETTE,379.0,300.6600334421016,295.6438384094138,"(1, 1, 1)(1, 0, 1, 7)",add
2021-06-14,TRADITIONAL BAGUETTE,135.0,175.93092139651128,145.96479737693818,"(1, 1, 1)(1, 0, 1, 7)",add
2021-06-15,TRADITIONAL BAGUETTE,112.0,112.41758001706457,123.28952827709297,"(1, 1, 1)(1, 0, 1, 7)",add
2021-06-16,TRADITIONAL BAGUETTE,136.0,96.45461904336904,96.44896858277187,"(1, 1, 1)(1, 0, 1, 7)",add
2021-06-17,TRADITIONAL BAGUETTE,110.0,141.54677547526273,147.5700721545147,"(1, 1, 1)(1, 0, 1, 7)",add
2021-06-18,TRADITIONAL BAGUETTE,121.0,137.3693065870215,160.3100166497974,"(1, 1, 1)(1, 0, 1, 7)",add
2021-06-19,TRADITIONAL BAGUETTE,213.0,210.5998559249007,232.56703203223734,"(1, 1, 1)(1, 0, 1, 7)",add
2021-06-20,TRADITIONAL BAGUETTE,324.0,314.2048623592834,311.7540648622683,"(1, 1, 1)(1, 0, 1, 7)",add
2021-06-21,TRADITIONAL BAGUETTE,173.0,137.3659873043619,111.2733057969381,"(1, 1, 1)(1, 0, 1, 7)",add
2021-06-22,TRADITIONAL BAGUETTE,127.0,134.93552950772607,124.64398882697778,"(1, 1, 1)(1, 0, 1, 7)",add
2021-06-23,TRADITIONAL BAGUETTE,124.0,117.8826101025279,112.92806668647853,"(1, 1, 1)(1, 0, 1, 7)",add
2021-06-24,TRADITIONAL BAGUETTE,143.0,128.24751293700584,137.2427240174071,"(1, 1, 1)(1, 0, 1, 7)",add
2021-06-25,TRADITIONAL BAGUETTE,138.0,154.02940086938924,171.21373145637926,"(1, 1, 1)(1, 0, 1, 7)",add
2021-06-26,TRADITIONAL BAGUETTE,217.0,222.17932039004728,249.74006185880057,"(1, 1, 1)(1, 0, 1, 7)",add
2021-06-27,TRADITIONAL BAGUETTE,358.0,318.7811262028582,327.60900639845585,"(1, 1, 1)(1, 0, 1, 7)",add
2021-06-28,TRADITIONAL BAGUETTE,155.0,174.30635558737038,144.2641057087466,"(1, 1, 1)(1, 0, 1, 7)",add
2021-06-29,TRADITIONAL BAGUETTE,130.0,128.2199702322091,122.56348042490593,"(1, 1, 1)(1, 0, 1, 7)",add
2021-06-30,TRADITIONAL BAGUETTE,157.0,125.04699236447486,114.80176039379256,"(1, 1, 1)(1, 0, 1, 7)",add
2021-07-01,TRADITIONAL BAGUETTE,140.0,155.28948511158598,153.70135337174034,"(1, 1, 1)(1, 0, 1, 7)",add
2021-07-02,TRADITIONAL BAGUETTE,137.0,152.45875576925152,171.60989591506961,"(1, 1, 1)(1, 0, 1, 7)",add
2021-07-03,TRADITIONAL BAGUETTE,268.0,221.2838980873826,249.52065562890172,"(1, 1, 1)(1, 0, 1, 7)",add
2021-07-04,TRADITIONAL BAGUETTE,325.0,358.92572817031373,363.19189819691394,"(1, 1, 1)(1, 0, 1, 7)",add
2021-07-05,TRADITIONAL BAGUETTE,198.0,158.31696439839973,142.56068096923957,"(1, 1, 1)(1, 0, 1, 7)",add
2021-07-06,TRADITIONAL BAGUETTE,169.0,158.97591849840163,142.51842914374384,"(1, 1, 1)(1, 0, 1, 7)",add
2021-07-07,TRADITIONAL BAGUETTE,200.0,163.07198636455527,149.92261273506625,"(1, 1, 1)(1, 0, 1, 7)",add
2021-07-08,TRADITIONAL BAGUETTE,210.0,185.20763620810285,183.5562240856769,"(1, 1, 1)(1, 0, 1, 7)",add
2021-07-09,TRADITIONAL BAGUETTE,209.0,200.51075205728188,217.96798269407452,"(1, 1, 1)(1, 0, 1, 7)",add
2021-07-10,TRADITIONAL BAGUETTE,351.0,287.3289445246808,317.33012967951333,"(1, 1, 1)(1, 0, 1, 7)",add
2021-07-11,TRADITIONAL BAGUETTE,438.0,412.5700923274321,429.239582757115,"(1, 1, 1)(1, 0, 1, 7)",add
2021-07-12,TRADITIONAL BAGUETTE,345.0,259.6465321817891,247.29978215263847,"(1, 1, 1)(1, 0, 1, 7)",add
2021-07-13,TRADITIONAL BAGUETTE,291.0,276.4241577097249,263.4897594826323,"(1, 1, 1)(1, 0, 1, 7)",add
2021-07-14,TRADITIONAL BAGUETTE,403.0,277.4031928170064,275.2792766058608,"(1, 1, 1)(1, 0, 1, 7)",add
2021-07-15,TRADITIONAL BAGUETTE,335.0,349.622300612628,343.5906013063075,"(1, 1, 1)(1, 0, 1, 7)",add
2021-07-16,TRADITIONAL BAGUETTE,274.0,320.86877286668357,354.7892698766691,"(1, 1, 1)(1, 0, 1, 7)",add
2021-07-17,TRADITIONAL BAGUETTE,464.0,383.133391939332,425.4855269821686,"(1, 1, 1)(1, 0, 1, 7)",add
2021-07-18,TRADITIONAL BAGUETTE,246.0,524.0137208097095,535.7106663189059,"(1, 1, 1)(1, 0, 1, 7)",add
2021-07-19,TRADITIONAL BAGUETTE,336.0,205.33913783068,220.15145477971012,"(1, 1, 1)(1, 0, 1, 7)",add
2021-07-20,TRADITIONAL BAGUETTE,314.0,294.2779868740826,233.8287075243421,"(1, 1, 1)(1, 0, 1, 7)",add
2021-07-21,TRADITIONAL BAGUETTE,294.0,337.91139861914206,288.2249834887491,"(1, 1, 1)(1, 0, 1, 7)",add
2021-07-22,TRADITIONAL BAGUETTE,226.0,292.25181597346807,273.59430246694404,"(1, 1, 1)(1, 0, 1, 7)",add
2021-07-23,TRADITIONAL BAGUETTE,258.0,244.9278409588552,253.56818360670323,"(1, 1, 1)(1, 0, 1, 7)",add
2021-07-24,TRADITIONAL BAGUETTE,384.0,385.31458641304124,386.17597331240836,"(1, 1, 1)(1, 0, 1, 7)",add
2021-07-25,TRADITIONAL BAGUETTE,439.0,395.5157025083962,422.29854463948914,"(1, 1, 1)(1, 0, 1, 7)",add
2021-07-26,TRADITIONAL BAGUETTE,357.0,349.4592312983612,325.50019706387053,"(1, 1, 1)(1, 0, 1, 7)",add
2021-07-27,TRADITIONAL BAGUETTE,289.0,318.831032420462,291.4307907288103,"(1, 1, 1)(1, 0, 1, 7)",add
2021-07-28,TRADITIONAL BAGUETTE,311.0,316.80441715204194,292.59006339862816,"(1, 1, 1)(1, 0, 1, 7)",add
2021-07-29,TRADITIONAL BAGUETTE,315.0,289.55526112892073,275.4706384888101,"(1, 1, 1)(1, 0, 1, 7)",add
2021-07-30,TRADITIONAL BAGUETTE,312.0,307.3723890167926,307.25375163588114,"(1, 1, 1)(1, 0, 1, 7)",add
2021-07-31,TRADITIONAL BAGUETTE,394.0,424.2898666506509,438.93267713891225,"(1, 1, 1)(1, 0, 1, 7)",add
2021-08-01,TRADITIONAL BAGUETTE,489.0,422.6873505741098,456.92158658707945,"(1, 1, 1)(1, 0, 1, 7)",add
2021-08-02,TRADITIONAL BAGUETTE,357.0,393.52981758544894,370.18950224081743,"(1, 1, 1)(1, 0, 1, 7)",add
2021-08-03,TRADITIONAL BAGUETTE,338.0,324.0019758891162,308.35548910755693,"(1, 1, 1)(1, 0, 1, 7)",add
2021-08-04,TRADITIONAL BAGUETTE,336.0,354.88265684011384,328.8657508507776,"(1, 1, 1)(1, 0, 1, 7)",add
2021-08-05,TRADITIONAL BAGUETTE,376.0,323.5423807357431,309.6145717032079,"(1, 1, 1)(1, 0, 1, 7)",add
2021-08-06,TRADITIONAL BAGUETTE,317.0,357.52042596146373,349.0231923926213,"(1, 1, 1)(1, 0, 1, 7)",add
2021-08-07,TRADITIONAL BAGUETTE,450.0,429.7114624837192,454.28467793721705,"(1, 1, 1)(1, 0, 1, 7)",add
2021-08-08,TRADITIONAL BAGUETTE,526.0,483.3378890864521,505.1051591854697,"(1, 1, 1)(1, 0, 1, 7)",add
2021-08-09,TRADITIONAL BAGUETTE,450.0,421.3974835119245,405.3861138098368,"(1, 1, 1)(1, 0, 1, 7)",add
2021-08-10,TRADITIONAL BAGUETTE,377.0,399.3213545061313,379.29124537825675,"(1, 1, 1)(1, 0, 1, 7)",add
2021-08-11,TRADITIONAL BAGUETTE,449.0,391.4425613549626,380.24567623539826,"(1, 1, 1)(1, 0, 1, 7)",add
2021-08-12,TRADITIONAL BAGUETTE,464.0,424.1259379351418,401.32477969175613,"(1, 1, 1)(1, 0, 1, 7)",add
2021-08-13,TRADITIONAL BAGUETTE,368.0,423.88139767208224,422.7319577295786,"(1, 1, 1)(1, 0, 1, 7)",add
2021-08-14,TRADITIONAL BAGUETTE,531.0,487.40964450151426,521.2707852858732,"(1, 1, 1)(1, 0, 1, 7)",add
2021-08-15,TRADITIONAL BAGUETTE,539.0,565.1116737844175,583.1852306056787,"(1, 1, 1)(1, 0, 1, 7)",add
2021-08-16,TRADITIONAL BAGUETTE,482.0,462.6835142858356,455.0415349402443,"(1, 1, 1)(1, 0, 1, 7)",add
2021-08-17,TRADITIONAL BAGUETTE,340.0,435.4235255159047,412.4768904827483,"(1, 1, 1)(1, 0, 1, 7)",add
2021-08-18,TRADITIONAL BAGUETTE,436.0,402.34105775210503,390.2423180108974,"(1, 1, 1)(1, 0, 1, 7)",add
2021-08-19,TRADITIONAL BAGUETTE,389.0,439.4130277114287,398.90287179055883,"(1, 1, 1)(1, 0, 1, 7)",add
2021-08-20,TRADITIONAL BAGUETTE,313.0,373.8317771699802,364.9885664740602,"(1, 1, 1)(1, 0, 1, 7)",add
2021-08-21,TRADITIONAL BAGUETTE,416.0,463.84218563406876,475.47445846649856,"(1, 1, 1)(1, 0, 1, 7)",add
2021-08-22,TRADITIONAL BAGUETTE,478.0,483.1563245578192,494.1688391000023,"(1, 1, 1)(1, 0, 1, 7)",add
2021-08-23,TRADITIONAL BAGUETTE,297.0,421.1844835424257,391.6203013218753,"(1, 1, 1)(1, 0, 1, 7)",add
2021-08-24,TRADITIONAL BAGUETTE,282.0,285.9704533783681,272.35099499357653,"(1, 1, 1)(1, 0, 1, 7)",add
2021-08-25,TRADITIONAL BAGUETTE,295.0,351.1766967061293,310.31529426182715,"(1, 1, 1)(1, 0, 1, 7)",add
2021-08-26,TRADITIONAL BAGUETTE,322.0,316.49688406043396,279.50684842444065,"(1, 1, 1)(1, 0, 1, 7)",add
2021-08-27,TRADITIONAL BAGUETTE,253.0,289.3345014519052,264.70233118876797,"(1, 1, 1)(1, 0, 1, 7)",add
2021-08-28,TRADITIONAL BAGUETTE,291.0,383.20461665787434,393.9655434667678,"(1, 1, 1)(1, 0, 1, 7)",add
2021-08-29,TRADITIONAL BAGUETTE,392.0,375.2211063321424,398.1727259866333,"(1, 1, 1)(1, 0, 1, 7)",add
2021-08-30,TRADITIONAL BAGUETTE,207.0,306.6791008076909,287.70644332112084,"(1, 1, 1)(1, 0, 1, 7)",add
2021-08-31,TRADITIONAL BAGUETTE,151.0,199.75631346960216,192.46814541985756,"(1, 1, 1)(1, 0, 1, 7)",add
2021-09-01,TRADITIONAL BAGUETTE,168.0,223.391896990719,200.9479957766526,"(1, 1, 1)(1, 0, 1, 7)",add
2021-09-02,TRADITIONAL BAGUETTE,155.0,204.35447778864338,170.8752635892187,"(1, 1, 1)(1, 0, 1, 7)",add
2021-09-03,TRADITIONAL BAGUETTE,187.0,140.6813894629554,118.1854250168671,"(1, 1, 1)(1, 0, 1, 7)",add
2021-09-04,TRADITIONAL BAGUETTE,264.0,273.696877799739,272.44845851036877,"(1, 1, 1)(1, 0, 1, 7)",add
2021-09-05,TRADITIONAL BAGUETTE,251.0,321.2157441479633,339.48730839741836,"(1, 1, 1)(1, 0, 1, 7)",add
2021-09-06,TRADITIONAL BAGUETTE,159.0,162.41811883568596,175.90422983212116,"(1, 1, 1)(1, 0, 1, 7)",add
2021-09-07,TRADITIONAL BAGUETTE,133.0,121.90269376371947,118.79372459102753,"(1, 1, 1)(1, 0, 1, 7)",add
2021-09-08,TRADITIONAL BAGUETTE,163.0,163.93710268338037,156.32104024343403,"(1, 1, 1)(1, 0, 1, 7)",add
2021-09-09,TRADITIONAL BAGUETTE,168.0,160.09760056480184,148.73080564859552,"(1, 1, 1)(1, 0, 1, 7)",add
2021-09-10,TRADITIONAL BAGUETTE,133.0,138.1269769515289,127.40029672178846,"(1, 1, 1)(1, 0, 1, 7)",add
2021-09-11,TRADITIONAL BAGUETTE,222.0,217.3753338306491,237.58346914593093,"(1, 1, 1)(1, 0, 1, 7)",add
2021-09-12,TRADITIONAL BAGUETTE,278.0,256.5698055648714,287.9364454269037,"(1, 1, 1)(1, 0, 1, 7)",add
2021-09-13,TRADITIONAL BAGUETTE,164.0,162.42854201333512,175.11656295501112,"(1, 1, 1)(1, 0, 1, 7)",add
2021-09-14,TRADITIONAL BAGUETTE,105.0,116.88440490658064,125.98868266358019,"(1, 1, 1)(1, 0, 1, 7)",add
2021-09-15,TRADITIONAL BAGUETTE,115.0,136.3388443411927,144.80185110286902,"(1, 1, 1)(1, 0, 1, 7)",add
2021-09-16,TRADITIONAL BAGUETTE,107.0,122.76390655267892,121.16225016828655,"(1, 1, 1)(1, 0, 1, 7)",add
2021-09-17,TRADITIONAL BAGUETTE,111.0,88.65506922267514,80.98481219581595,"(1, 1, 1)(1, 0, 1, 7)",add
2021-09-18,TRADITIONAL BAGUETTE,179.0,189.09163273083942,199.814617328005,"(1, 1, 1)(1, 0, 1, 7)",add
2021-09-19,TRADITIONAL BAGUETTE,227.0,220.93724987418818,248.49701066340782,"(1, 1, 1)(1, 0, 1, 7)",add
2021-09-20,TRADITIONAL BAGUETTE,165.0,120.26857542120747,129.74226554107997,"(1, 1, 1)(1, 0, 1, 7)",add
2021-09-21,TRADITIONAL BAGUETTE,135.0,101.76943531426298,102.02327004971971,"(1, 1, 1)(1, 0, 1, 7)",add
2021-09-22,TRADITIONAL BAGUETTE,32.0,137.7614430232452,146.1890242009237,"(1, 1, 1)(1, 0, 1, 7)",add
2021-09-23,TRADITIONAL BAGUETTE,113.0,60.5933350855949,83.21002284731065,"(1, 1, 1)(1, 0, 1, 7)",add
2021-09-24,TRADITIONAL BAGUETTE,109.0,87.22696196801789,72.11370700057284,"(1, 1, 1)(1, 0, 1, 7)",add
2021-09-25,TRADITIONAL BAGUETTE,197.0,174.0965280187894,186.00939786527886,"(1, 1, 1)(1, 0, 1, 7)",add
2021-09-26,TRADITIONAL BAGUETTE,212.0,224.17330107699695,250.37450972334136,"(1, 1, 1)(1, 0, 1, 7)",add
2021-09-27,TRADITIONAL BAGUETTE,113.0,119.68173000736205,132.55749879666826,"(1, 1, 1)(1, 0, 1, 7)",add
2021-09-28,TRADITIONAL BAGUETTE,93.0,74.85822989956803,77.2422003652565,"(1, 1, 1)(1, 0, 1, 7)",add
2021-09-29,TRADITIONAL BAGUETTE,108.0,77.6350963068884,88.69192228494234,"(1, 1, 1)(1, 0, 1, 7)",add
2021-09-30,TRADITIONAL BAGUETTE,99.0,111.90150089367049,115.6505072176008,"(1, 1, 1)(1, 0, 1, 7)",add
2021-10-01,TRADITIONAL BAGUETTE,112.0,82.9166560840824,82.65664422036483,"(1, 1, 1)(1, 0, 1, 7)",add
2021-10-02,TRADITIONAL BAGUETTE,138.0,177.16706661577388,188.55431083635946,"(1, 1, 1)(1, 0, 1, 7)",add
2021-10-03,TRADITIONAL BAGUETTE,186.0,180.9648858768228,214.24978073582594,"(1, 1, 1)(1, 0, 1, 7)",add
2021-10-04,TRADITIONAL BAGUETTE,123.0,98.05251044812968,104.55060066405322,"(1, 1, 1)(1, 0, 1, 7)",add
2021-10-05,TRADITIONAL BAGUETTE,96.0,80.5940081934256,73.9087349400212,"(1, 1, 1)(1, 0, 1, 7)",add
2021-10-06,TRADITIONAL BAGUETTE,109.0,83.52837700311193,89.08667865934297,"(1, 1, 1)(1, 0, 1, 7)",add
2021-10-07,TRADITIONAL BAGUETTE,100.0,105.88984946416478,110.44135202889493,"(1, 1, 1)(1, 0, 1, 7)",add
2021-10-08,TRADITIONAL BAGUETTE,119.0,88.86512660062567,88.08331011301192,"(1, 1, 1)(1, 0, 1, 7)",add
2021-10-09,TRADITIONAL BAGUETTE,177.0,167.53865838737244,181.64293107427363,"(1, 1, 1)(1, 0, 1, 7)",add
2021-10-10,TRADITIONAL BAGUETTE,240.0,203.47835992866607,233.80087542005936,"(1, 1, 1)(1, 0, 1, 7)",add
2021-10-11,TRADITIONAL BAGUETTE,110.0,141.38731972641716,148.8774547742624,"(1, 1, 1)(1, 0, 1, 7)",add
2021-10-12,TRADITIONAL BAGUETTE,72.0,83.18132357939226,90.36454045983488,"(1, 1, 1)(1, 0, 1, 7)",add
2021-10-13,TRADITIONAL BAGUETTE,93.0,79.297780720739,85.09412998964463,"(1, 1, 1)(1, 0, 1, 7)",add
2021-10-14,TRADITIONAL BAGUETTE,92.0,95.84048947857725,95.50148466287106,"(1, 1, 1)(1, 0, 1, 7)",add
2021-10-15,TRADITIONAL BAGUETTE,83.0,91.78962363621652,83.3809299849855,"(1, 1, 1)(1, 0, 1, 7)",add
2021-10-16,TRADITIONAL BAGUETTE,165.0,145.34702224539282,155.5588901763565,"(1, 1, 1)(1, 0, 1, 7)",add
2021-10-17,TRADITIONAL BAGUETTE,208.0,200.4803017248643,216.4913909098767,"(1, 1, 1)(1, 0, 1, 7)",add
2021-10-18,TRADITIONAL BAGUETTE,87.0,111.9700328274759,116.87084649320687,"(1, 1, 1)(1, 0, 1, 7)",add
2021-10-19,TRADITIONAL BAGUETTE,143.0,62.326651405149185,66.19896502986292,"(1, 1, 1)(1, 0, 1, 7)",add
2021-10-20,TRADITIONAL BAGUETTE,111.0,121.36121692610311,112.50232917584962,"(1, 1, 1)(1, 0, 1, 7)",add
2021-10-21,TRADITIONAL BAGUETTE,123.0,106.68513080244452,116.36437074818916,"(1, 1, 1)(1, 0, 1, 7)",add
2021-10-22,TRADITIONAL BAGUETTE,118.0,110.66716504725115,109.79040367978027,"(1, 1, 1)(1, 0, 1, 7)",add
2021-10-23,TRADITIONAL BAGUETTE,216.0,173.87704101369349,187.84730068571662,"(1, 1, 1)(1, 0, 1, 7)",add
2021-10-24,TRADITIONAL BAGUETTE,252.0,237.4787398081623,255.12759424074054,"(1, 1, 1)(1, 0, 1, 7)",add
2021-10-25,TRADITIONAL BAGUETTE,150.0,142.80649879128572,154.66020625369976,"(1, 1, 1)(1, 0, 1, 7)",add
2021-10-26,TRADITIONAL BAGUETTE,182.0,132.5207553144056,134.02392907894438,"(1, 1, 1)(1, 0, 1, 7)",add
2021-10-27,TRADITIONAL BAGUETTE,185.0,155.69437650309277,153.15495685746433,"(1, 1, 1)(1, 0, 1, 7)",add
2021-10-28,TRADITIONAL BAGUETTE,191.0,169.68950396209357,174.9138862290127,"(1, 1, 1)(1, 0, 1, 7)",add
2021-10-29,TRADITIONAL BAGUETTE,171.0,170.6694030639937,173.2915670057681,"(1, 1, 1)(1, 0, 1, 7)",add
2021-10-30,TRADITIONAL BAGUETTE,257.0,233.23009726959702,249.40819096281635,"(1, 1, 1)(1, 0, 1, 7)",add
2021-10-31,TRADITIONAL BAGUETTE,369.0,282.85935175444956,301.3414592149255,"(1, 1, 1)(1, 0, 1, 7)",add
2021-11-01,TRADITIONAL BAGUETTE,359.0,236.6217590415659,235.775468678106,"(1, 1, 1)(1, 0, 1, 7)",add
2021-11-02,TRADITIONAL BAGUETTE,184.0,297.4604698331419,287.2909427595955,"(1, 1, 1)(1, 0, 1, 7)",add
2021-11-03,TRADITIONAL BAGUETTE,177.0,198.33240801107246,228.6526073157451,"(1, 1, 1)(1, 0, 1, 7)",add
2021-11-04,TRADITIONAL BAGUETTE,160.0,197.68447013124154,206.3581716308242,"(1, 1, 1)(1, 0, 1, 7)",add
2021-11-05,TRADITIONAL BAGUETTE,159.0,173.6196228586014,170.7077801631353,"(1, 1, 1)(1, 0, 1, 7)",add
2021-11-06,TRADITIONAL BAGUETTE,196.0,245.26028502551594,243.77109747777234,"(1, 1, 1)(1, 0, 1, 7)",add
2021-11-07,TRADITIONAL BAGUETTE,174.0,276.67332039797,278.07372283304574,"(1, 1, 1)(1, 0, 1, 7)",add
2021-11-08,TRADITIONAL BAGUETTE,85.0,154.0016905661044,136.34794782066956,"(1, 1, 1)(1, 0, 1, 7)",add
2021-11-09,TRADITIONAL BAGUETTE,92.0,90.18166879144617,63.97474361181125,"(1, 1, 1)(1, 0, 1, 7)",add
2021-11-10,TRADITIONAL BAGUETTE,96.0,108.81900342806057,79.02839099632682,"(1, 1, 1)(1, 0, 1, 7)",add
2021-11-11,TRADITIONAL BAGUETTE,175.0,109.18570748024402,91.68274045490037,"(1, 1, 1)(1, 0, 1, 7)",add
2021-11-12,TRADITIONAL BAGUETTE,105.0,150.12453207785654,126.1200521855699,"(1, 1, 1)(1, 0, 1, 7)",add
2021-11-13,TRADITIONAL BAGUETTE,141.0,174.66900664357195,188.5874688048612,"(1, 1, 1)(1, 0, 1, 7)",add
2021-11-14,TRADITIONAL BAGUETTE,175.0,192.06448538553292,213.736267095414,"(1, 1, 1)(1, 0, 1, 7)",add
2021-11-15,TRADITIONAL BAGUETTE,89.0,116.04889939578501,113.1153747150449,"(1, 1, 1)(1, 0, 1, 7)",add
2021-11-16,TRADITIONAL BAGUETTE,70.0,76.32147244310477,67.29938082243945,"(1, 1, 1)(1, 0, 1, 7)",add
2021-11-17,TRADITIONAL BAGUETTE,0.0,78.18664497363417,67.96154285758807,"(1, 1, 1)(1, 0, 1, 7)",add
2021-11-18,TRADITIONAL BAGUETTE,84.0,53.60670323640635,49.331402091506206,"(1, 1, 1)(1, 0, 1, 7)",add
2021-11-19,TRADITIONAL BAGUETTE,98.0,65.43892502101882,42.46049060739825,"(1, 1, 1)(1, 0, 1, 7)",add
2021-11-20,TRADITIONAL BAGUETTE,112.0,139.47190202450687,138.65175169347077,"(1, 1, 1)(1, 0, 1, 7)",add
2021-11-21,TRADITIONAL BAGUETTE,171.0,150.9013828075245,175.6508100431671,"(1, 1, 1)(1, 0, 1, 7)",add
2021-11-22,TRADITIONAL BAGUETTE,81.0,91.98904609950515,94.3578576932489,"(1, 1, 1)(1, 0, 1, 7)",add
2021-11-23,TRADITIONAL BAGUETTE,68.0,57.4152213799032,58.28739424867082,"(1, 1, 1)(1, 0, 1, 7)",add
2021-11-24,TRADITIONAL BAGUETTE,0.0,46.32182665914267,50.828887041133086,"(1, 1, 1)(1, 0, 1, 7)",add
2021-11-25,TRADITIONAL BAGUETTE,85.0,51.55920439958275,57.55908505897792,"(1, 1, 1)(1, 0, 1, 7)",add
2021-11-26,TRADITIONAL BAGUETTE,90.0,67.29542352149738,50.52588970571835,"(1, 1, 1)(1, 0, 1, 7)",add
2021-11-27,TRADITIONAL BAGUETTE,118.0,120.14349669096175,125.24293206185918,"(1, 1, 1)(1, 0, 1, 7)",add
2021-11-28,TRADITIONAL BAGUETTE,143.0,152.67729484599647,175.49319604270164,"(1, 1, 1)(1, 0, 1, 7)",add
2021-11-29,TRADITIONAL BAGUETTE,84.0,69.41502980264451,78.94373777680441,"(1, 1, 1)(1, 0, 1, 7)",add
2021-11-30,TRADITIONAL BAGUETTE,94.0,57.67943514519981,55.80612069832715,"(1, 1, 1)(1, 0, 1, 7)",add
2021-12-01,TRADITIONAL BAGUETTE,0.0,47.727044629260575,52.55062953414491,"(1, 1, 1)(1, 0, 1, 7)",add
2021-12-02,TRADITIONAL BAGUETTE,68.0,58.05302092626912,71.27787315131648,"(1, 1, 1)(1, 0, 1, 7)",add
2021-12-03,TRADITIONAL BAGUETTE,60.0,61.78847074569067,50.96531867672733,"(1, 1, 1)(1, 0, 1, 7)",add
2021-12-04,TRADITIONAL BAGUETTE,107.0,97.84518181211473,102.89481198187296,"(1, 1, 1)(1, 0, 1, 7)",add
2021-12-05,TRADITIONAL BAGUETTE,148.0,138.02750793419094,154.6345077757051,"(1, 1, 1)(1, 0, 1, 7)",add
2021-12-06,TRADITIONAL BAGUETTE,0.0,73.81852827707567,77.09242184173557,"(1, 1, 1)(1, 0, 1, 7)",add
2021-12-07,TRADITIONAL BAGUETTE,0.0,13.053674905253658,18.60027284295844,"(1, 1, 1)(1, 0, 1, 7)",add
2021-12-08,TRADITIONAL BAGUETTE,0.0,-29.216960085324644,-27.760178912857576,"(1, 1, 1)(1, 0, 1, 7)",add
2021-12-09,TRADITIONAL BAGUETTE,54.0,46.35855966044673,38.94086065716377,"(1, 1, 1)(1, 0, 1, 7)",add
2021-12-10,TRADITIONAL BAGUETTE,76.0,42.00553681236616,29.75638723052849,"(1, 1, 1)(1, 0, 1, 7)",add
2021-12-11,TRADITIONAL BAGUETTE,111.0,99.10636039472891,99.35474945416698,"(1, 1, 1)(1, 0, 1, 7)",add
2021-12-12,TRADITIONAL BAGUETTE,139.0,134.71457894955924,153.07542831863418,"(1, 1, 1)(1, 0, 1, 7)",add
2021-12-13,TRADITIONAL BAGUETTE,82.0,45.84341061200371,60.26876245286311,"(1, 1, 1)(1, 0, 1, 7)",add
2021-12-14,TRADITIONAL BAGUETTE,78.0,56.10389916707257,60.45790927786988,"(1, 1, 1)(1, 0, 1, 7)",add
2021-12-15,TRADITIONAL BAGUETTE,0.0,29.90318922478985,39.65858417435658,"(1, 1, 1)(1, 0, 1, 7)",add
2021-12-16,TRADITIONAL BAGUETTE,81.0,54.64339851188938,70.793296779049,"(1, 1, 1)(1, 0, 1, 7)",add
2021-12-17,TRADITIONAL BAGUETTE,95.0,73.2887905483231,64.31961951467008,"(1, 1, 1)(1, 0, 1, 7)",add
2021-12-18,TRADITIONAL BAGUETTE,127.0,119.41906163740204,120.50800567357177,"(1, 1, 1)(1, 0, 1, 7)",add
2021-12-19,TRADITIONAL BAGUETTE,186.0,151.01083041302473,167.44613556186738,"(1, 1, 1)(1, 0, 1, 7)",add
2021-12-20,TRADITIONAL BAGUETTE,111.0,92.57950673891125,96.72301699244527,"(1, 1, 1)(1, 0, 1, 7)",add
2021-12-21,TRADITIONAL BAGUETTE,116.0,89.02941825743173,92.52244397826024,"(1, 1, 1)(1, 0, 1, 7)",add
2021-12-22,TRADITIONAL BAGUETTE,121.0,56.54478967580998,65.27824583135913,"(1, 1, 1)(1, 0, 1, 7)",add
2021-12-23,TRADITIONAL BAGUETTE,139.0,145.42274021913713,151.96771862555684,"(1, 1, 1)(1, 0, 1, 7)",add
2021-12-24,TRADITIONAL BAGUETTE,333.0,131.55834413888522,137.3472312572894,"(1, 1, 1)(1, 0, 1, 7)",add
2021-12-25,TRADITIONAL BAGUETTE,225.0,285.14045797594537,271.49065845212795,"(1, 1, 1)(1, 0, 1, 7)",add
2021-12-26,TRADITIONAL BAGUETTE,245.0,250.57307107458453,294.097694524741,"(1, 1, 1)(1, 0, 1, 7)",add
2021-12-27,TRADITIONAL BAGUETTE,201.0,168.0421057148689,189.07590625640927,"(1, 1, 1)(1, 0, 1, 7)",add
2021-12-28,TRADITIONAL BAGUETTE,159.0,182.78501208768603,185.21762141302503,"(1, 1, 1)(1, 0, 1, 7)",add
2021-12-29,TRADITIONAL BAGUETTE,145.0,132.49347843229745,138.58890444954005,"(1, 1, 1)(1, 0, 1, 7)",add
2021-12-30,TRADITIONAL BAGUETTE,179.0,186.38018960381447,189.51127637484487,"(1, 1, 1)(1, 0, 1, 7)",add
2021-12-31,TRADITIONAL BAGUETTE,251.0,231.79078482486634,210.3666383536184,"(1, 1, 1)(1, 0, 1, 7)",add
2022-01-01,TRADITIONAL BAGUETTE,0.0,241.4937323076792,227.76548012242796,"(1, 1, 1)(1, 0, 1, 7)",add
2022-01-02,TRADITIONAL BAGUETTE,274.0,121.60734619038162,159.92166535337736,"(1, 1, 1)(1, 0, 1, 7)",add
2022-01-03,TRADITIONAL BAGUETTE,127.0,190.11803742058498,145.95453331966826,"(1, 1, 1)(1, 0, 1, 7)",add
2022-01-04,TRADITIONAL BAGUETTE,27.0,129.00104500368442,120.49867772560708,"(1, 1, 1)(1, 0, 1, 7)",add
2022-01-05,TRADITIONAL BAGUETTE,0.0,47.96632536781854,45.81526909891422,"(1, 1, 1)(1, 0, 1, 7)",add
2022-01-06,TRADITIONAL BAGUETTE,78.0,78.74125570924926,68.02284867813012,"(1, 1, 1)(1, 0, 1, 7)",add
2022-01-07,TRADITIONAL BAGUETTE,88.0,149.65991475199638,107.45102077966449,"(1, 1, 1)(1, 0, 1, 7)",add
2022-01-08,TRADITIONAL BAGUETTE,84.0,53.688773691045924,50.93969847604983,"(1, 1, 1)(1, 0, 1, 7)",add
2022-01-09,TRADITIONAL BAGUETTE,170.0,177.56311432537612,168.7559327618358,"(1, 1, 1)(1, 0, 1, 7)",add
2022-01-10,TRADITIONAL BAGUETTE,86.0,90.6622611590034,76.90995098396297,"(1, 1, 1)(1, 0, 1, 7)",add
2022-01-11,TRADITIONAL BAGUETTE,72.0,54.417241455641644,53.14097934400141,"(1, 1, 1)(1, 0, 1, 7)",add
2022-01-12,TRADITIONAL BAGUETTE,0.0,42.13965151688593,42.08517703355549,"(1, 1, 1)(1, 0, 1, 7)",add
2022-01-13,TRADITIONAL BAGUETTE,68.0,62.67846216883379,75.30639714410992,"(1, 1, 1)(1, 0, 1, 7)",add
2022-01-14,TRADITIONAL BAGUETTE,85.0,113.92779746223525,101.31922504085466,"(1, 1, 1)(1, 0, 1, 7)",add
2022-01-15,TRADITIONAL BAGUETTE,103.0,50.05356640440735,54.98565997210047,"(1, 1, 1)(1, 0, 1, 7)",add
2022-01-16,TRADITIONAL BAGUETTE,132.0,175.83633010380606,175.0039116248103,"(1, 1, 1)(1, 0, 1, 7)",add
2022-01-17,TRADITIONAL BAGUETTE,93.0,61.77948415535879,62.472298256218224,"(1, 1, 1)(1, 0, 1, 7)",add
2022-01-18,TRADITIONAL BAGUETTE,74.0,56.960075888519086,50.95355249483076,"(1, 1, 1)(1, 0, 1, 7)",add
2022-01-19,TRADITIONAL BAGUETTE,0.0,28.542745285878183,31.970089986268434,"(1, 1, 1)(1, 0, 1, 7)",add
2022-01-20,TRADITIONAL BAGUETTE,82.0,58.87959060133463,75.9253113394518,"(1, 1, 1)(1, 0, 1, 7)",add
2022-01-21,TRADITIONAL BAGUETTE,80.0,110.47885991087385,107.1033846484471,"(1, 1, 1)(1, 0, 1, 7)",add
2022-01-22,TRADITIONAL BAGUETTE,128.0,59.390230445267704,65.97802248522235,"(1, 1, 1)(1, 0, 1, 7)",add
2022-01-23,TRADITIONAL BAGUETTE,132.0,175.83909531858654,178.00719439706177,"(1, 1, 1)(1, 0, 1, 7)",add
2022-01-24,TRADITIONAL BAGUETTE,85.0,71.48476936173259,76.0581804384784,"(1, 1, 1)(1, 0, 1, 7)",add
2022-01-25,TRADITIONAL BAGUETTE,81.0,57.62470006929684,52.59124505278564,"(1, 1, 1)(1, 0, 1, 7)",add
2022-01-26,TRADITIONAL BAGUETTE,0.0,26.914920546619477,27.2369142708702,"(1, 1, 1)(1, 0, 1, 7)",add
2022-01-27,TRADITIONAL BAGUETTE,101.0,64.10251861102418,79.78971383382188,"(1, 1, 1)(1, 0, 1, 7)",add
2022-01-28,TRADITIONAL BAGUETTE,62.0,113.70120469814906,113.03635134950457,"(1, 1, 1)(1, 0, 1, 7)",add
2022-01-29,TRADITIONAL BAGUETTE,94.0,67.56808710323497,74.66024098638437,"(1, 1, 1)(1, 0, 1, 7)",add
2022-01-30,TRADITIONAL BAGUETTE,150.0,141.63776194324066,147.7543894848164,"(1, 1, 1)(1, 0, 1, 7)",add
2022-01-31,TRADITIONAL BAGUETTE,83.0,84.80225572845669,78.79092185962092,"(1, 1, 1)(1, 0, 1, 7)",add
2022-02-01,TRADITIONAL BAGUETTE,96.0,62.467532797137636,56.17017782062183,"(1, 1, 1)(1, 0, 1, 7)",add
2022-02-02,TRADITIONAL BAGUETTE,0.0,30.463592639370987,27.35051061146298,"(1, 1, 1)(1, 0, 1, 7)",add
2022-02-03,TRADITIONAL BAGUETTE,81.0,72.92666665743704,87.80203736165224,"(1, 1, 1)(1, 0, 1, 7)",add
2022-02-04,TRADITIONAL BAGUETTE,79.0,88.01441591883787,95.27443163251678,"(1, 1, 1)(1, 0, 1, 7)",add
2022-02-05,TRADITIONAL BAGUETTE,101.0,83.60395893865545,85.71733222427238,"(1, 1, 1)(1, 0, 1, 7)",add
2022-02-06,TRADITIONAL BAGUETTE,162.0,146.6735941295505,153.98979336613198,"(1, 1, 1)(1, 0, 1, 7)",add
2022-02-07,TRADITIONAL BAGUETTE,101.0,93.68002441362438,88.21148385387076,"(1, 1, 1)(1, 0, 1, 7)",add
2022-02-08,TRADITIONAL BAGUETTE,85.0,84.22122123645045,75.7003758229734,"(1, 1, 1)(1, 0, 1, 7)",add
2022-02-09,TRADITIONAL BAGUETTE,0.0,20.456685257816446,20.687964113505345,"(1, 1, 1)(1, 0, 1, 7)",add
2022-02-10,TRADITIONAL BAGUETTE,95.0,75.01418728799386,87.82227959685048,"(1, 1, 1)(1, 0, 1, 7)",add
2022-02-11,TRADITIONAL BAGUETTE,85.0,95.09710659707075,100.6817635262223,"(1, 1, 1)(1, 0, 1, 7)",add
2022-02-12,TRADITIONAL BAGUETTE,156.0,93.31441894715236,96.60073593025024,"(1, 1, 1)(1, 0, 1, 7)",add
2022-02-13,TRADITIONAL BAGUETTE,193.0,184.68897303167648,185.58775624112235,"(1, 1, 1)(1, 0, 1, 7)",add
2022-02-14,TRADITIONAL BAGUETTE,126.0,121.30458099429879,120.29710203919494,"(1, 1, 1)(1, 0, 1, 7)",add
2022-02-15,TRADITIONAL BAGUETTE,140.0,106.99869919581553,103.69432586134235,"(1, 1, 1)(1, 0, 1, 7)",add
2022-02-16,TRADITIONAL BAGUETTE,0.0,58.63517517682283,57.169340798114845,"(1, 1, 1)(1, 0, 1, 7)",add
2022-02-17,TRADITIONAL BAGUETTE,156.0,88.65405549264966,110.7622724698435,"(1, 1, 1)(1, 0, 1, 7)",add
2022-02-18,TRADITIONAL BAGUETTE,153.0,137.9834057697973,138.76913232403166,"(1, 1, 1)(1, 0, 1, 7)",add
2022-02-19,TRADITIONAL BAGUETTE,178.0,161.5999113757992,161.8714717930787,"(1, 1, 1)(1, 0, 1, 7)",add
2022-02-20,TRADITIONAL BAGUETTE,278.0,212.2874755160123,220.83345386942267,"(1, 1, 1)(1, 0, 1, 7)",add
2022-02-21,TRADITIONAL BAGUETTE,112.0,188.73395472700398,179.97057248935198,"(1, 1, 1)(1, 0, 1, 7)",add
2022-02-22,TRADITIONAL BAGUETTE,132.0,123.50697181695942,131.8059080085229,"(1, 1, 1)(1, 0, 1, 7)",add
2022-02-23,TRADITIONAL BAGUETTE,0.0,53.52273520956416,51.99876450153096,"(1, 1, 1)(1, 0, 1, 7)",add
2022-02-24,TRADITIONAL BAGUETTE,154.0,113.71724236000969,124.97492553778493,"(1, 1, 1)(1, 0, 1, 7)",add
2022-02-25,TRADITIONAL BAGUETTE,143.0,148.0720790766407,139.83903373486982,"(1, 1, 1)(1, 0, 1, 7)",add
2022-02-26,TRADITIONAL BAGUETTE,202.0,164.85600113832908,157.755556930024,"(1, 1, 1)(1, 0, 1, 7)",add
2022-02-27,TRADITIONAL BAGUETTE,274.0,246.08169232038966,237.41870055703805,"(1, 1, 1)(1, 0, 1, 7)",add
2022-02-28,TRADITIONAL BAGUETTE,154.0,173.13122504123154,165.78519470824355,"(1, 1, 1)(1, 0, 1, 7)",add
2022-03-01,TRADITIONAL BAGUETTE,147.0,155.65478919425385,156.71550612934084,"(1, 1, 1)(1, 0, 1, 7)",add
2022-03-02,TRADITIONAL BAGUETTE,119.0,58.13410785404061,63.416978226150434,"(1, 1, 1)(1, 0, 1, 7)",add
2022-03-03,TRADITIONAL BAGUETTE,122.0,201.6269635936162,203.12355729628788,"(1, 1, 1)(1, 0, 1, 7)",add
2022-03-04,TRADITIONAL BAGUETTE,140.0,140.2866056924166,159.0398809127006,"(1, 1, 1)(1, 0, 1, 7)",add
2022-03-05,TRADITIONAL BAGUETTE,199.0,180.11684935214794,172.67725610591737,"(1, 1, 1)(1, 0, 1, 7)",add
2022-03-06,TRADITIONAL BAGUETTE,251.0,255.84104570765925,242.18201096411354,"(1, 1, 1)(1, 0, 1, 7)",add
2022-03-07,TRADITIONAL BAGUETTE,141.0,161.0098834379342,148.81909781322838,"(1, 1, 1)(1, 0, 1, 7)",add
2022-03-08,TRADITIONAL BAGUETTE,72.0,148.23643498824538,142.05885755574332,"(1, 1, 1)(1, 0, 1, 7)",add
2022-03-09,TRADITIONAL BAGUETTE,55.0,31.321390528519416,29.51542408828017,"(1, 1, 1)(1, 0, 1, 7)",add
2022-03-10,TRADITIONAL BAGUETTE,66.0,135.6785679967488,131.82730347763967,"(1, 1, 1)(1, 0, 1, 7)",add
2022-03-11,TRADITIONAL BAGUETTE,77.0,97.30728939042896,105.53417008147828,"(1, 1, 1)(1, 0, 1, 7)",add
2022-03-12,TRADITIONAL BAGUETTE,96.0,134.1869480508262,121.90523847044345,"(1, 1, 1)(1, 0, 1, 7)",add
2022-03-13,TRADITIONAL BAGUETTE,180.0,175.4938905713093,162.59876901165916,"(1, 1, 1)(1, 0, 1, 7)",add
2022-03-14,TRADITIONAL BAGUETTE,87.0,95.72642521856976,70.7665265906848,"(1, 1, 1)(1, 0, 1, 7)",add
2022-03-15,TRADITIONAL BAGUETTE,75.0,76.12117863726111,65.73110815018434,"(1, 1, 1)(1, 0, 1, 7)",add
2022-03-16,TRADITIONAL BAGUETTE,50.0,21.572070825387428,8.27102445364335,"(1, 1, 1)(1, 0, 1, 7)",add
2022-03-17,TRADITIONAL BAGUETTE,66.0,97.71788464238065,103.65640673646487,"(1, 1, 1)(1, 0, 1, 7)",add
2022-03-18,TRADITIONAL BAGUETTE,77.0,78.6663005433353,97.47682087230706,"(1, 1, 1)(1, 0, 1, 7)",add
2022-03-19,TRADITIONAL BAGUETTE,130.0,112.47871025111037,118.2809206697431,"(1, 1, 1)(1, 0, 1, 7)",add
2022-03-20,TRADITIONAL BAGUETTE,222.0,186.53575796744053,184.77005935892163,"(1, 1, 1)(1, 0, 1, 7)",add
2022-03-21,TRADITIONAL BAGUETTE,94.0,116.50239808297172,102.59319091495222,"(1, 1, 1)(1, 0, 1, 7)",add
2022-03-22,TRADITIONAL BAGUETTE,86.0,80.08404289644884,84.08501899422836,"(1, 1, 1)(1, 0, 1, 7)",add
2022-03-23,TRADITIONAL BAGUETTE,76.0,37.46709500173442,28.302933847781986,"(1, 1, 1)(1, 0, 1, 7)",add
2022-03-24,TRADITIONAL BAGUETTE,72.0,105.66010948405484,113.6168658508261,"(1, 1, 1)(1, 0, 1, 7)",add
2022-03-25,TRADITIONAL BAGUETTE,82.0,84.32014387166913,108.29140596107953,"(1, 1, 1)(1, 0, 1, 7)",add
2022-03-26,TRADITIONAL BAGUETTE,166.0,121.41646216548679,131.49456832758364,"(1, 1, 1)(1, 0, 1, 7)",add
2022-03-27,TRADITIONAL BAGUETTE,166.0,217.73054332035716,213.4885637080182,"(1, 1, 1)(1, 0, 1, 7)",add
2022-03-28,TRADITIONAL BAGUETTE,113.0,82.48157850830559,81.71543257732276,"(1, 1, 1)(1, 0, 1, 7)",add
2022-03-29,TRADITIONAL BAGUETTE,100.0,93.63114584943628,84.73639358009208,"(1, 1, 1)(1, 0, 1, 7)",add
2022-03-30,TRADITIONAL BAGUETTE,68.0,58.66989841201749,43.100882710444836,"(1, 1, 1)(1, 0, 1, 7)",add
2022-03-31,TRADITIONAL BAGUETTE,82.0,93.58256794006152,102.42759016750753,"(1, 1, 1)(1, 0, 1, 7)",add
2022-04-01,TRADITIONAL BAGUETTE,79.0,90.82387229096888,110.14139776899609,"(1, 1, 1)(1, 0, 1, 7)",add
2022-04-02,TRADITIONAL BAGUETTE,107.0,138.50286623011488,156.38409653371997,"(1, 1, 1)(1, 0, 1, 7)",add
2022-04-03,TRADITIONAL BAGUETTE,189.0,187.1324415022931,207.7787722484494,"(1, 1, 1)(1, 0, 1, 7)",add
2022-04-04,TRADITIONAL BAGUETTE,93.0,104.60539911361538,112.523632204112,"(1, 1, 1)(1, 0, 1, 7)",add
2022-04-05,TRADITIONAL BAGUETTE,82.0,91.83335771610408,97.37770668448883,"(1, 1, 1)(1, 0, 1, 7)",add
2022-04-06,TRADITIONAL BAGUETTE,65.0,57.76468883050773,49.74431903812733,"(1, 1, 1)(1, 0, 1, 7)",add
2022-04-07,TRADITIONAL BAGUETTE,87.0,83.77304066341594,92.61740075290322,"(1, 1, 1)(1, 0, 1, 7)",add
2022-04-08,TRADITIONAL BAGUETTE,63.0,90.91900335834919,110.47574043173924,"(1, 1, 1)(1, 0, 1, 7)",add
2022-04-09,TRADITIONAL BAGUETTE,119.0,136.52116896845845,156.71843919646312,"(1, 1, 1)(1, 0, 1, 7)",add
2022-04-10,TRADITIONAL BAGUETTE,181.0,183.38903272324472,208.11311491119255,"(1, 1, 1)(1, 0, 1, 7)",add
2022-04-11,TRADITIONAL BAGUETTE,137.0,103.29885979131257,112.85797486685516,"(1, 1, 1)(1, 0, 1, 7)",add
2022-04-12,TRADITIONAL BAGUETTE,107.0,90.87318460675296,97.71204934723198,"(1, 1, 1)(1, 0, 1, 7)",add
2022-04-13,TRADITIONAL BAGUETTE,100.0,57.835970727356894,50.0786617008705,"(1, 1, 1)(1, 0, 1, 7)",add
2022-04-14,TRADITIONAL BAGUETTE,103.0,83.0322306457492,92.95174341564639,"(1, 1, 1)(1, 0, 1, 7)",add
2022-04-15,TRADITIONAL BAGUETTE,136.0,89.95368549627166,110.81008309448241,"(1, 1, 1)(1, 0, 1, 7)",add
2022-04-16,TRADITIONAL BAGUETTE,307.0,134.1458985799495,157.05278185920628,"(1, 1, 1)(1, 0, 1, 7)",add
2022-04-17,TRADITIONAL BAGUETTE,279.0,179.5656588567216,208.4474575739357,"(1, 1, 1)(1, 0, 1, 7)",add
2022-04-18,TRADITIONAL BAGUETTE,374.0,101.94856620393986,113.19231752959831,"(1, 1, 1)(1, 0, 1, 7)",add
2022-04-19,TRADITIONAL BAGUETTE,138.0,89.90649612062691,98.04639200997514,"(1, 1, 1)(1, 0, 1, 7)",add
2022-04-20,TRADITIONAL BAGUETTE,162.0,57.88949758190257,50.41300436361365,"(1, 1, 1)(1, 0, 1, 7)",add
2022-04-21,TRADITIONAL BAGUETTE,234.0,82.30760997253913,93.28608607838954,"(1, 1, 1)(1, 0, 1, 7)",add
2022-04-22,TRADITIONAL BAGUETTE,155.0,89.0153026364829,111.14442575722556,"(1, 1, 1)(1, 0, 1, 7)",add
2022-04-23,TRADITIONAL BAGUETTE,135.0,131.84274548698374,157.38712452194943,"(1, 1, 1)(1, 0, 1, 7)",add
2022-04-24,TRADITIONAL BAGUETTE,204.0,175.85982836011118,208.78180023667886,"(1, 1, 1)(1, 0, 1, 7)",add
2022-04-25,TRADITIONAL BAGUETTE,162.0,100.63974428968974,113.5266601923415,"(1, 1, 1)(1, 0, 1, 7)",add
2022-04-26,TRADITIONAL BAGUETTE,109.0,88.969563009589,98.3807346727183,"(1, 1, 1)(1, 0, 1, 7)",add
2022-04-27,TRADITIONAL BAGUETTE,136.0,57.94132908780185,50.74734702635682,"(1, 1, 1)(1, 0, 1, 7)",add
2022-04-28,TRADITIONAL BAGUETTE,126.0,81.60534919977428,93.6204287411327,"(1, 1, 1)(1, 0, 1, 7)",add
2022-04-29,TRADITIONAL BAGUETTE,116.0,88.10589155602578,111.47876841996872,"(1, 1, 1)(1, 0, 1, 7)",add
2022-04-30,TRADITIONAL BAGUETTE,276.0,129.61071614135275,157.72146718469259,"(1, 1, 1)(1, 0, 1, 7)",add
2022-05-01,TRADITIONAL BAGUETTE,311.0,172.26844170520667,209.11614289942202,"(1, 1, 1)(1, 0, 1, 7)",add
2022-05-02,TRADITIONAL BAGUETTE,212.0,99.37134143831429,113.86100285508465,"(1, 1, 1)(1, 0, 1, 7)",add
2022-05-03,TRADITIONAL BAGUETTE,158.0,88.06156446228255,98.71507733546146,"(1, 1, 1)(1, 0, 1, 7)",add
2022-05-04,TRADITIONAL BAGUETTE,0.0,57.991559792452136,51.081689689099974,"(1, 1, 1)(1, 0, 1, 7)",add
2022-05-05,TRADITIONAL BAGUETTE,152.0,80.92477594172605,93.95477140387587,"(1, 1, 1)(1, 0, 1, 7)",add
2022-05-06,TRADITIONAL BAGUETTE,137.0,87.22456533665412,111.81311108271188,"(1, 1, 1)(1, 0, 1, 7)",add
2022-05-07,TRADITIONAL BAGUETTE,191.0,127.4476174197647,158.05580984743577,"(1, 1, 1)(1, 0, 1, 7)",add
2022-05-08,TRADITIONAL BAGUETTE,251.0,168.7879660237037,209.45048556216517,"(1, 1, 1)(1, 0, 1, 7)",add
2022-05-09,TRADITIONAL BAGUETTE,162.0,98.14211002887555,114.1953455178278,"(1, 1, 1)(1, 0, 1, 7)",add
2022-05-10,TRADITIONAL BAGUETTE,121.0,87.18160717406776,99.04941999820461,"(1, 1, 1)(1, 0, 1, 7)",add
2022-05-11,TRADITIONAL BAGUETTE,96.0,58.040239247347245,51.41603235184313,"(1, 1, 1)(1, 0, 1, 7)",add
2022-05-12,TRADITIONAL BAGUETTE,91.0,80.26522048319913,94.28911406661902,"(1, 1, 1)(1, 0, 1, 7)",add
2022-05-13,TRADITIONAL BAGUETTE,90.0,86.37045666903285,112.14745374545504,"(1, 1, 1)(1, 0, 1, 7)",add
2022-05-14,TRADITIONAL BAGUETTE,175.0,125.35132058175301,158.39015251017892,"(1, 1, 1)(1, 0, 1, 7)",add
2022-05-15,TRADITIONAL BAGUETTE,267.0,165.41497611204062,209.78482822490832,"(1, 1, 1)(1, 0, 1, 7)",add
2022-05-16,TRADITIONAL BAGUETTE,134.0,96.9508403512352,114.52968818057096,"(1, 1, 1)(1, 0, 1, 7)",add
2022-05-17,TRADITIONAL BAGUETTE,102.0,86.32882516165081,99.38376266094778,"(1, 1, 1)(1, 0, 1, 7)",add
2022-05-18,TRADITIONAL BAGUETTE,86.0,58.08741535926079,51.7503750145863,"(1, 1, 1)(1, 0, 1, 7)",add
2022-05-19,TRADITIONAL BAGUETTE,97.0,79.6260337422571,94.62345672936219,"(1, 1, 1)(1, 0, 1, 7)",add
2022-05-20,TRADITIONAL BAGUETTE,121.0,85.54272500733714,112.48179640819819,"(1, 1, 1)(1, 0, 1, 7)",add
2022-05-21,TRADITIONAL BAGUETTE,155.0,123.3197626185642,158.72449517292208,"(1, 1, 1)(1, 0, 1, 7)",add
2022-05-22,TRADITIONAL BAGUETTE,222.0,162.14615254157053,210.11917088765148,"(1, 1, 1)(1, 0, 1, 7)",add
2022-05-23,TRADITIONAL BAGUETTE,115.0,95.79636005243788,114.86403084331411,"(1, 1, 1)(1, 0, 1, 7)",add
2022-05-24,TRADITIONAL BAGUETTE,130.0,85.50237918473798,99.71810532369093,"(1, 1, 1)(1, 0, 1, 7)",add
2022-05-25,TRADITIONAL BAGUETTE,197.0,58.13313455517441,52.08471767732945,"(1, 1, 1)(1, 0, 1, 7)",add
2022-05-26,TRADITIONAL BAGUETTE,393.0,79.00658668209878,94.95779939210534,"(1, 1, 1)(1, 0, 1, 7)",add
2022-05-27,TRADITIONAL BAGUETTE,340.0,84.74055576383608,112.81613907094136,"(1, 1, 1)(1, 0, 1, 7)",add
2022-05-28,TRADITIONAL BAGUETTE,445.0,121.35094423227568,159.05883783566526,"(1, 1, 1)(1, 0, 1, 7)",add
2022-05-29,TRADITIONAL BAGUETTE,475.0,158.97827839587157,210.45351355039466,"(1, 1, 1)(1, 0, 1, 7)",add
2022-05-30,TRADITIONAL BAGUETTE,159.0,94.67753298470691,115.1983735060573,"(1, 1, 1)(1, 0, 1, 7)",add
2022-05-31,TRADITIONAL BAGUETTE,113.0,84.70145592086705,100.05244798643409,"(1, 1, 1)(1, 0, 1, 7)",add
2022-06-01,TRADITIONAL BAGUETTE,119.0,58.17744182828797,52.419060340072605,"(1, 1, 1)(1, 0, 1, 7)",add
2022-06-02,TRADITIONAL BAGUETTE,113.0,78.406269692148,95.2921420548485,"(1, 1, 1)(1, 0, 1, 7)",add
2022-06-03,TRADITIONAL BAGUETTE,142.0,83.96315950729955,113.15048173368452,"(1, 1, 1)(1, 0, 1, 7)",add
2022-06-04,TRADITIONAL BAGUETTE,195.0,119.44292786827134,159.3931804984084,"(1, 1, 1)(1, 0, 1, 7)",add
2022-06-05,TRADITIONAL BAGUETTE,372.0,155.9082361049245,210.78785621313781,"(1, 1, 1)(1, 0, 1, 7)",add
2022-06-06,TRADITIONAL BAGUETTE,335.0,93.59325808734275,115.53271616880045,"(1, 1, 1)(1, 0, 1, 7)",add
2022-06-07,TRADITIONAL BAGUETTE,110.0,83.92526716500201,100.38679064917726,"(1, 1, 1)(1, 0, 1, 7)",add
2022-06-08,TRADITIONAL BAGUETTE,93.0,58.22038078229909,52.75340300281577,"(1, 1, 1)(1, 0, 1, 7)",add
2022-06-09,TRADITIONAL BAGUETTE,128.0,77.82449198812361,95.62648471759167,"(1, 1, 1)(1, 0, 1, 7)",add
2022-06-10,TRADITIONAL BAGUETTE,117.0,83.20977118610267,113.48482439642768,"(1, 1, 1)(1, 0, 1, 7)",add
2022-06-11,TRADITIONAL BAGUETTE,218.0,117.59383580845406,159.72752316115157,"(1, 1, 1)(1, 0, 1, 7)",add
2022-06-12,TRADITIONAL BAGUETTE,244.0,152.9330043770479,211.12219887588097,"(1, 1, 1)(1, 0, 1, 7)",add
2022-06-13,TRADITIONAL BAGUETTE,119.0,92.54246830314636,115.8670588315436,"(1, 1, 1)(1, 0, 1, 7)",add
2022-06-14,TRADITIONAL BAGUETTE,130.0,83.17304905384421,100.72113331192041,"(1, 1, 1)(1, 0, 1, 7)",add
2022-06-15,TRADITIONAL BAGUETTE,136.0,58.26199367431442,53.08774566555893,"(1, 1, 1)(1, 0, 1, 7)",add
2022-06-16,TRADITIONAL BAGUETTE,115.0,77.26068103063658,95.96082738033482,"(1, 1, 1)(1, 0, 1, 7)",add
2022-06-17,TRADITIONAL BAGUETTE,120.0,82.47964937532295,113.81916705917084,"(1, 1, 1)(1, 0, 1, 7)",add
2022-06-18,TRADITIONAL BAGUETTE,221.0,115.80184832334488,160.06186582389472,"(1, 1, 1)(1, 0, 1, 7)",add
2022-06-19,TRADITIONAL BAGUETTE,282.0,150.049655225583,211.45654153862415,"(1, 1, 1)(1, 0, 1, 7)",add
2022-06-20,TRADITIONAL BAGUETTE,129.0,91.5241295283065,116.20140149428676,"(1, 1, 1)(1, 0, 1, 7)",add
2022-06-21,TRADITIONAL BAGUETTE,123.0,82.44406131409892,101.05547597466358,"(1, 1, 1)(1, 0, 1, 7)",add
2022-06-22,TRADITIONAL BAGUETTE,96.0,58.302321456435834,53.42208832830208,"(1, 1, 1)(1, 0, 1, 7)",add
2022-06-23,TRADITIONAL BAGUETTE,130.0,76.7142819617422,96.29517004307797,"(1, 1, 1)(1, 0, 1, 7)",add
2022-06-24,TRADITIONAL BAGUETTE,145.0,81.77207554708869,114.15350972191399,"(1, 1, 1)(1, 0, 1, 7)",add
2022-06-25,TRADITIONAL BAGUETTE,228.0,114.06520188124983,160.39620848663787,"(1, 1, 1)(1, 0, 1, 7)",add
2022-06-26,TRADITIONAL BAGUETTE,267.0,147.2553510874019,211.7908842013673,"(1, 1, 1)(1, 0, 1, 7)",add
2022-06-27,TRADITIONAL BAGUETTE,174.0,90.53723959471672,116.53574415702991,"(1, 1, 1)(1, 0, 1, 7)",add
2022-06-28,TRADITIONAL BAGUETTE,130.0,81.73758653395697,101.38981863740673,"(1, 1, 1)(1, 0, 1, 7)",add
2022-06-29,TRADITIONAL BAGUETTE,137.0,58.34140381606204,53.75643099104525,"(1, 1, 1)(1, 0, 1, 7)",add
2022-06-30,TRADITIONAL BAGUETTE,148.0,76.18475705889296,96.62951270582114,"(1, 1, 1)(1, 0, 1, 7)",add
2022-07-01,TRADITIONAL BAGUETTE,132.0,149.59790042439636,158.5409519513281,"(1, 1, 1)(1, 0, 1, 7)",add
2022-07-02,TRADITIONAL BAGUETTE,203.0,223.87942727296124,235.80695476439868,"(1, 1, 1)(1, 0, 1, 7)",add
2022-07-03,TRADITIONAL BAGUETTE,311.0,274.4413991579908,289.8923332945475,"(1, 1, 1)(1, 0, 1, 7)",add
2022-07-04,TRADITIONAL BAGUETTE,186.0,167.73519690704507,173.24744917088105,"(1, 1, 1)(1, 0, 1, 7)",add
2022-07-05,TRADITIONAL BAGUETTE,175.0,128.90430826381487,130.19446300513485,"(1, 1, 1)(1, 0, 1, 7)",add
2022-07-06,TRADITIONAL BAGUETTE,189.0,125.03083732913295,122.7208432369724,"(1, 1, 1)(1, 0, 1, 7)",add
2022-07-07,TRADITIONAL BAGUETTE,219.0,144.7528080209806,156.98563889794494,"(1, 1, 1)(1, 0, 1, 7)",add
2022-07-08,TRADITIONAL BAGUETTE,200.0,147.32545188355482,159.63747647951286,"(1, 1, 1)(1, 0, 1, 7)",add
2022-07-09,TRADITIONAL BAGUETTE,345.0,219.43350651680527,236.9034792925834,"(1, 1, 1)(1, 0, 1, 7)",add
2022-07-10,TRADITIONAL BAGUETTE,398.0,268.53483907569836,290.9888578227322,"(1, 1, 1)(1, 0, 1, 7)",add
2022-07-11,TRADITIONAL BAGUETTE,275.0,166.3688594562403,174.3439736990658,"(1, 1, 1)(1, 0, 1, 7)",add
2022-07-12,TRADITIONAL BAGUETTE,244.0,129.31535182827764,131.29098753331957,"(1, 1, 1)(1, 0, 1, 7)",add
2022-07-13,TRADITIONAL BAGUETTE,272.0,125.77579557300142,123.81736776515714,"(1, 1, 1)(1, 0, 1, 7)",add
2022-07-14,TRADITIONAL BAGUETTE,464.0,144.8549967823477,158.08216342612968,"(1, 1, 1)(1, 0, 1, 7)",add
2022-07-15,TRADITIONAL BAGUETTE,401.0,147.41797924498366,160.73400100769757,"(1, 1, 1)(1, 0, 1, 7)",add
2022-07-16,TRADITIONAL BAGUETTE,511.0,216.7692058555403,238.00000382076814,"(1, 1, 1)(1, 0, 1, 7)",add
2022-07-17,TRADITIONAL BAGUETTE,573.0,263.9949335373273,292.0853823509169,"(1, 1, 1)(1, 0, 1, 7)",add
2022-07-18,TRADITIONAL BAGUETTE,373.0,165.85807770014998,175.44049822725052,"(1, 1, 1)(1, 0, 1, 7)",add
2022-07-19,TRADITIONAL BAGUETTE,293.0,130.27687018920201,132.3875120615043,"(1, 1, 1)(1, 0, 1, 7)",add
2022-07-20,TRADITIONAL BAGUETTE,256.0,126.89179040182044,124.91389229334186,"(1, 1, 1)(1, 0, 1, 7)",add
2022-07-21,TRADITIONAL BAGUETTE,308.0,145.23585228559045,159.1786879543144,"(1, 1, 1)(1, 0, 1, 7)",add
2022-07-22,TRADITIONAL BAGUETTE,288.0,147.706544253544,161.83052553588232,"(1, 1, 1)(1, 0, 1, 7)",add
2022-07-23,TRADITIONAL BAGUETTE,383.0,214.35016745430892,239.09652834895286,"(1, 1, 1)(1, 0, 1, 7)",add
2022-07-24,TRADITIONAL BAGUETTE,478.0,259.7322562286084,293.18190687910163,"(1, 1, 1)(1, 0, 1, 7)",add
2022-07-25,TRADITIONAL BAGUETTE,390.0,165.43763983652104,176.53702275543526,"(1, 1, 1)(1, 0, 1, 7)",add
2022-07-26,TRADITIONAL BAGUETTE,321.0,131.25046936692615,133.48403658968903,"(1, 1, 1)(1, 0, 1, 7)",add
2022-07-27,TRADITIONAL BAGUETTE,272.0,127.9992280207441,126.0104168215266,"(1, 1, 1)(1, 0, 1, 7)",add
2022-07-28,TRADITIONAL BAGUETTE,314.0,145.6266029422962,160.27521248249914,"(1, 1, 1)(1, 0, 1, 7)",add
2022-07-29,TRADITIONAL BAGUETTE,290.0,148.0013337070378,162.92705006406703,"(1, 1, 1)(1, 0, 1, 7)",add
2022-07-30,TRADITIONAL BAGUETTE,410.0,212.0381404213482,240.1930528771376,"(1, 1, 1)(1, 0, 1, 7)",add
2022-07-31,TRADITIONAL BAGUETTE,544.0,255.64508650013562,294.27843140728635,"(1, 1, 1)(1, 0, 1, 7)",add
2022-08-01,TRADITIONAL BAGUETTE,419.0,165.03982288606667,177.63354728361998,"(1, 1, 1)(1, 0, 1, 7)",add
2022-08-02,TRADITIONAL BAGUETTE,346.0,132.1903378068419,134.58056111787377,"(1, 1, 1)(1, 0, 1, 7)",add
2022-08-03,TRADITIONAL BAGUETTE,401.0,129.06641848868858,127.10694134971132,"(1, 1, 1)(1, 0, 1, 7)",add
2022-08-04,TRADITIONAL BAGUETTE,383.0,146.00424125074733,161.37173701068386,"(1, 1, 1)(1, 0, 1, 7)",add
2022-08-05,TRADITIONAL BAGUETTE,356.0,148.2861263932192,164.02357459225178,"(1, 1, 1)(1, 0, 1, 7)",add
2022-08-06,TRADITIONAL BAGUETTE,461.0,209.8176524344633,241.28957740532232,"(1, 1, 1)(1, 0, 1, 7)",add
2022-08-07,TRADITIONAL BAGUETTE,613.0,251.71858638773412,295.3749559354711,"(1, 1, 1)(1, 0, 1, 7)",add
2022-08-08,TRADITIONAL BAGUETTE,551.0,164.65811121669458,178.73007181180472,"(1, 1, 1)(1, 0, 1, 7)",add
2022-08-09,TRADITIONAL BAGUETTE,457.0,133.09381801921538,135.6770856460585,"(1, 1, 1)(1, 0, 1, 7)",add
2022-08-10,TRADITIONAL BAGUETTE,478.0,130.09212718352046,128.20346587789604,"(1, 1, 1)(1, 0, 1, 7)",add
2022-08-11,TRADITIONAL BAGUETTE,462.0,146.36729594173863,162.4682615388686,"(1, 1, 1)(1, 0, 1, 7)",add
2022-08-12,TRADITIONAL BAGUETTE,465.0,148.55991184935644,165.1200991204365,"(1, 1, 1)(1, 0, 1, 7)",add
2022-08-13,TRADITIONAL BAGUETTE,541.0,207.6841322095056,242.38610193350706,"(1, 1, 1)(1, 0, 1, 7)",add
2022-08-14,TRADITIONAL BAGUETTE,707.0,247.94577071705802,296.47148046365584,"(1, 1, 1)(1, 0, 1, 7)",add
2022-08-15,TRADITIONAL BAGUETTE,585.0,164.29138081784987,179.82659633998944,"(1, 1, 1)(1, 0, 1, 7)",add
2022-08-16,TRADITIONAL BAGUETTE,417.0,133.96198475123708,136.77361017424323,"(1, 1, 1)(1, 0, 1, 7)",add
2022-08-17,TRADITIONAL BAGUETTE,414.0,131.07773057889634,129.29999040608078,"(1, 1, 1)(1, 0, 1, 7)",add
2022-08-18,TRADITIONAL BAGUETTE,498.0,146.71616351244373,163.56478606705332,"(1, 1, 1)(1, 0, 1, 7)",add
2022-08-19,TRADITIONAL BAGUETTE,374.0,148.8229977673892,166.21662364862124,"(1, 1, 1)(1, 0, 1, 7)",add
2022-08-20,TRADITIONAL BAGUETTE,452.0,205.6340904485636,243.48262646169178,"(1, 1, 1)(1, 0, 1, 7)",add
2022-08-21,TRADITIONAL BAGUETTE,574.0,244.32056552284598,297.56800499184055,"(1, 1, 1)(1, 0, 1, 7)",add
2022-08-22,TRADITIONAL BAGUETTE,369.0,163.93900224759315,180.92312086817418,"(1, 1, 1)(1, 0, 1, 7)",add
2022-08-23,TRADITIONAL BAGUETTE,280.0,134.79618897531515,137.87013470242795,"(1, 1, 1)(1, 0, 1, 7)",add
2022-08-24,TRADITIONAL BAGUETTE,311.0,132.02477610547535,130.3965149342655,"(1, 1, 1)(1, 0, 1, 7)",add
2022-08-25,TRADITIONAL BAGUETTE,273.0,147.05138373960648,164.66131059523806,"(1, 1, 1)(1, 0, 1, 7)",add
2022-08-26,TRADITIONAL BAGUETTE,221.0,149.07579196250165,167.31314817680595,"(1, 1, 1)(1, 0, 1, 7)",add
2022-08-27,TRADITIONAL BAGUETTE,289.0,203.6642535901737,244.5791509898765,"(1, 1, 1)(1, 0, 1, 7)",add
2022-08-28,TRADITIONAL BAGUETTE,367.0,240.83719043186147,298.6645295200253,"(1, 1, 1)(1, 0, 1, 7)",add
2022-08-29,TRADITIONAL BAGUETTE,195.0,163.6004102159839,182.0196453963589,"(1, 1, 1)(1, 0, 1, 7)",add
2022-08-30,TRADITIONAL BAGUETTE,183.0,135.59775672849486,138.9666592306127,"(1, 1, 1)(1, 0, 1, 7)",add
2022-08-31,TRADITIONAL BAGUETTE,155.0,132.93477037381456,131.49303946245024,"(1, 1, 1)(1, 0, 1, 7)",add
2022-09-01,TRADITIONAL BAGUETTE,0.0,147.37348921145002,165.75783512342278,"(1, 1, 1)(1, 0, 1, 7)",add
2022-09-02,TRADITIONAL BAGUETTE,129.0,149.3186961336572,168.4096727049907,"(1, 1, 1)(1, 0, 1, 7)",add
2022-09-03,TRADITIONAL BAGUETTE,214.0,201.7714830945871,245.67567551806124,"(1, 1, 1)(1, 0, 1, 7)",add
2022-09-04,TRADITIONAL BAGUETTE,258.0,237.49009612625204,299.76105404821,"(1, 1, 1)(1, 0, 1, 7)",add
2022-09-05,TRADITIONAL BAGUETTE,157.0,163.2750650162792,183.11616992454364,"(1, 1, 1)(1, 0, 1, 7)",add
2022-09-06,TRADITIONAL BAGUETTE,105.0,136.3679646180865,140.0631837587974,"(1, 1, 1)(1, 0, 1, 7)",add
2022-09-07,TRADITIONAL BAGUETTE,123.0,133.8091627809349,132.58956399063496,"(1, 1, 1)(1, 0, 1, 7)",add
2022-09-08,TRADITIONAL BAGUETTE,115.0,147.68299290152777,166.85435965160752,"(1, 1, 1)(1, 0, 1, 7)",add
2022-09-09,TRADITIONAL BAGUETTE,134.0,149.55209712713858,169.5061972331754,"(1, 1, 1)(1, 0, 1, 7)",add
2022-09-10,TRADITIONAL BAGUETTE,181.0,199.95276382135398,246.77220004624596,"(1, 1, 1)(1, 0, 1, 7)",add
2022-09-11,TRADITIONAL BAGUETTE,292.0,234.27395082577064,300.85757857639476,"(1, 1, 1)(1, 0, 1, 7)",add
2022-09-12,TRADITIONAL BAGUETTE,160.0,162.96244836093314,184.21269445272836,"(1, 1, 1)(1, 0, 1, 7)",add
2022-09-13,TRADITIONAL BAGUETTE,106.0,137.1080395212845,141.15970828698212,"(1, 1, 1)(1, 0, 1, 7)",add
2022-09-14,TRADITIONAL BAGUETTE,119.0,134.64934617056957,133.6860885188197,"(1, 1, 1)(1, 0, 1, 7)",add
2022-09-15,TRADITIONAL BAGUETTE,122.0,147.98038782141577,167.95088417979224,"(1, 1, 1)(1, 0, 1, 7)",add
2022-09-16,TRADITIONAL BAGUETTE,131.0,149.77636673027675,170.60272176136016,"(1, 1, 1)(1, 0, 1, 7)",add
2022-09-17,TRADITIONAL BAGUETTE,191.0,198.20519864540825,247.8687245744307,"(1, 1, 1)(1, 0, 1, 7)",add
2022-09-18,TRADITIONAL BAGUETTE,246.0,231.18363138418553,301.9541031045795,"(1, 1, 1)(1, 0, 1, 7)",add
2022-09-19,TRADITIONAL BAGUETTE,0.0,162.66206226614125,185.3092189809131,"(1, 1, 1)(1, 0, 1, 7)",add
2022-09-20,TRADITIONAL BAGUETTE,124.0,137.81916033478095,142.25623281516687,"(1, 1, 1)(1, 0, 1, 7)",add
2022-09-21,TRADITIONAL BAGUETTE,108.0,135.45665890727514,134.78261304700442,"(1, 1, 1)(1, 0, 1, 7)",add
2022-09-22,TRADITIONAL BAGUETTE,101.0,148.26614770390762,169.04740870797698,"(1, 1, 1)(1, 0, 1, 7)",add
2022-09-23,TRADITIONAL BAGUETTE,120.0,149.991862191538,171.69924628954487,"(1, 1, 1)(1, 0, 1, 7)",add
2022-09-24,TRADITIONAL BAGUETTE,198.0,196.52600379114443,248.96524910261542,"(1, 1, 1)(1, 0, 1, 7)",add
2022-09-25,TRADITIONAL BAGUETTE,265.0,228.2142150923935,303.0506276327642,"(1, 1, 1)(1, 0, 1, 7)",add
2022-09-26,TRADITIONAL BAGUETTE,160.0,162.37342823315348,186.40574350909782,"(1, 1, 1)(1, 0, 1, 7)",add
2022-09-27,TRADITIONAL BAGUETTE,136.0,138.50245983472342,143.35275734335158,"(1, 1, 1)(1, 0, 1, 7)",add
2022-09-28,TRADITIONAL BAGUETTE,115.0,136.23238699568697,135.87913757518916,"(1, 1, 1)(1, 0, 1, 7)",add
2022-09-29,TRADITIONAL BAGUETTE,148.0,148.54072774868408,170.1439332361617,"(1, 1, 1)(1, 0, 1, 7)",add
2022-09-30,TRADITIONAL BAGUETTE,141.0,150.198926783272,172.7957708177296,"(1, 1, 1)(1, 0, 1, 7)",add
